# This file is brought to you by Roblox Corporation
# Generated by Roblox Studio

mtllib R15Rig.mtl

g Dummy1

v -13.1297 2.00238 -39.2859 
v -13.2719 2.1993 -39.2754 
v -13.2719 2.1993 -38.8704 
v -13.1297 2.00238 -38.8469 
v -13.2725 1.99741 -39.4355 
v -13.3967 2.1993 -39.3145 
v -13.3967 2.1993 -38.8704 
v -13.2725 2.00552 -38.7179 
v -13.3968 2.00126 -38.676 
v -13.5243 2.1993 -38.8704 
v -13.3969 1.99835 -39.4747 
v -13.5243 2.1993 -39.3145 
v -13.5241 1.99931 -39.4747 
v -13.6607 2.1993 -38.8704 
v -13.66 1.99227 -38.719 
v -13.5241 1.99692 -38.6764 
v -13.6607 2.1993 -39.2754 
v -13.6601 2.00033 -39.4356 
v -13.797 2.00238 -39.2859 
v -13.797 2.00238 -38.8469 
v -13.1416 1.02153 -39.2704 
v -13.1644 0.984395 -39.2424 
v -13.2854 0.964315 -39.3843 
v -13.2675 1.02153 -39.4396 
v -13.1416 1.02153 -38.9497 
v -13.1642 0.984372 -38.9826 
v -13.1827 0.954797 -39.1759 
v -13.1822 0.954756 -39.0524 
v -13.4012 0.957673 -39.4119 
v -13.2997 0.918712 -39.2481 
v -13.395 1.02153 -39.4701 
v -13.5199 0.957673 -39.4119 
v -13.4062 0.906776 -39.2642 
v -13.2073 0.927415 -39.108 
v -13.312 0.895426 -39.108 
v -13.3026 0.918963 -38.9659 
v -13.4106 0.881843 -39.108 
v -13.5154 0.906776 -39.2642 
v -13.5255 1.02153 -39.4701 
v -13.6465 0.964315 -39.3843 
v -13.6319 0.918712 -39.2481 
v -13.5114 0.881843 -39.108 
v -13.4071 0.910535 -38.9483 
v -13.292 0.964455 -38.8357 
v -13.5146 0.910535 -38.9483 
v -13.4035 0.959765 -38.8133 
v -13.6192 0.895426 -39.108 
v -13.744 0.954797 -39.1759 
v -13.7622 0.984395 -39.2424 
v -13.6649 1.02153 -39.4396 
v -13.7851 1.02153 -39.2704 
v -13.7625 0.984372 -38.9826 
v -13.7851 1.02153 -38.9497 
v -13.7444 0.954756 -39.0524 
v -13.7194 0.927415 -39.108 
v -13.629 0.918963 -38.9659 
v -13.5179 0.959765 -38.8133 
v -13.6399 0.964455 -38.8357 
v -13.6536 1.02153 -38.7892 
v -13.5221 1.02153 -38.7704 
v -13.399 1.02153 -38.7704 
v -13.2788 1.02153 -38.7892 
v -13.2893 1.28467 -38.7783 
v -13.4027 1.28467 -38.7632 
v -13.398 1.12538 -38.8015 
v -13.2757 1.12538 -38.8015 
v -13.3992 1.70869 -38.7487 
v -13.2794 1.71122 -38.7797 
v -13.5188 1.28467 -38.7632 
v -13.5231 1.12538 -38.8015 
v -13.5219 1.70612 -38.7489 
v -13.399 1.02153 -38.7704 
v -13.2788 1.02153 -38.7892 
v -13.5221 1.02153 -38.7704 
v -13.6568 1.12538 -38.8015 
v -13.6536 1.02153 -38.7892 
v -13.6427 1.28467 -38.7783 
v -13.653 1.70338 -38.7803 
v -13.66 1.99227 -38.719 
v -13.5241 1.99692 -38.6764 
v -13.3968 2.00126 -38.676 
v -13.2725 2.00552 -38.7179 
v -13.797 2.00238 -38.8469 
v -13.653 1.70338 -38.7803 
v -13.66 1.99227 -38.719 
v -13.7667 1.28467 -38.9497 
v -13.7847 1.70936 -38.926 
v -13.7847 1.70936 -39.2768 
v -13.7667 1.28467 -39.2637 
v -13.7905 1.12538 -38.9497 
v -13.6568 1.12538 -38.8015 
v -13.6427 1.28467 -38.7783 
v -13.797 2.00238 -39.2859 
v -13.6427 1.28467 -39.4201 
v -13.653 1.70814 -39.4293 
v -13.6601 2.00033 -39.4356 
v -13.7905 1.12538 -39.2781 
v -13.7851 1.02153 -38.9497 
v -13.7851 1.02153 -39.2704 
v -13.6536 1.02153 -38.7892 
v -13.6808 1.12538 -39.4619 
v -13.6649 1.02153 -39.4396 
v -13.5302 1.12538 -39.5 
v -13.5255 1.02153 -39.4701 
v -13.5188 1.28467 -39.4437 
v -13.4027 1.28467 -39.4437 
v -13.3894 1.12538 -39.5 
v -13.395 1.02153 -39.4701 
v -13.5219 1.70754 -39.462 
v -13.3993 1.70697 -39.462 
v -13.2893 1.28467 -39.4201 
v -13.2517 1.12538 -39.4619 
v -13.2675 1.02153 -39.4396 
v -13.1362 1.12538 -39.2781 
v -13.16 1.28467 -39.2637 
v -13.2794 1.70641 -39.4292 
v -13.3969 1.99835 -39.4747 
v -13.5241 1.99931 -39.4747 
v -13.2725 1.99741 -39.4355 
v -13.142 1.70936 -39.2768 
v -13.16 1.28467 -38.9497 
v -13.1362 1.12538 -38.9497 
v -13.142 1.70936 -38.926 
v -13.1297 2.00238 -39.2859 
v -13.2893 1.28467 -38.7783 
v -13.2757 1.12538 -38.8015 
v -13.1416 1.02153 -38.9497 
v -13.2788 1.02153 -38.7892 
v -13.1416 1.02153 -39.2704 
v -13.2794 1.71122 -38.7797 
v -13.1297 2.00238 -38.8469 
v -13.2725 2.00552 -38.7179 

vn 0.952756 0.228346 -0.19685 
vn 0.551181 0.818898 -0.165354 
vn 0.559055 0.811024 0.181102 
vn 0.952756 0.19685 0.23622 
vn 0.535433 0.188976 -0.826772 
vn 0.0551181 0.937008 -0.354331 
vn 0.023622 0.952756 0.307087 
vn 0.480315 0.110236 0.874016 
vn 0.110236 0.220472 0.968504 
vn -0.0314961 0.952756 0.314961 
vn 0.141732 0.275591 -0.952756 
vn -0.0551181 0.937008 -0.346457 
vn -0.133858 0.283465 -0.952756 
vn -0.551181 0.811024 0.188976 
vn -0.472441 0.102362 0.874016 
vn -0.110236 0.212598 0.968504 
vn -0.543307 0.826772 -0.173228 
vn -0.519685 0.19685 -0.834646 
vn -0.96063 0.220472 -0.188976 
vn -0.952756 0.19685 0.220472 
vn 0.724409 -0.629921 -0.291339 
vn 0.653543 -0.724409 -0.212598 
vn 0.346457 -0.826772 -0.433071 
vn 0.401575 -0.692913 -0.598425 
vn 0.716535 -0.614173 0.322835 
vn 0.661417 -0.716535 0.220472 
vn 0.543307 -0.826772 -0.15748 
vn 0.559055 -0.818898 0.15748 
vn 0.0787402 -0.866142 -0.496063 
vn 0.259843 -0.937008 -0.228346 
vn 0.0944882 -0.685039 -0.724409 
vn -0.0708661 -0.866142 -0.496063 
vn 0.0629921 -0.968504 -0.244094 
vn 0.385827 -0.92126 0.00787402 
vn 0.220472 -0.976378 0.00787402 
vn 0.259843 -0.937008 0.244094 
vn 0.0629921 -1 0.00787402 
vn -0.0629921 -0.968504 -0.244094 
vn -0.0866142 -0.685039 -0.724409 
vn -0.338583 -0.834646 -0.440945 
vn -0.251969 -0.937008 -0.228346 
vn -0.0551181 -1 0.00787402 
vn 0.0551181 -0.968504 0.259843 
vn 0.346457 -0.811024 0.464567 
vn -0.0551181 -0.968504 0.259843 
vn 0.0629921 -0.84252 0.535433 
vn -0.212598 -0.976378 0.00787402 
vn -0.559055 -0.818898 -0.149606 
vn -0.669291 -0.716535 -0.204724 
vn -0.385827 -0.700787 -0.598425 
vn -0.732283 -0.622047 -0.283465 
vn -0.669291 -0.708661 0.212598 
vn -0.724409 -0.614173 0.314961 
vn -0.566929 -0.811024 0.149606 
vn -0.393701 -0.92126 0.00787402 
vn -0.259843 -0.937008 0.244094 
vn -0.0629921 -0.84252 0.535433 
vn -0.338583 -0.818898 0.472441 
vn -0.401575 -0.645669 0.645669 
vn -0.0708661 -0.590551 0.80315 
vn 0.0787402 -0.590551 0.80315 
vn 0.409449 -0.645669 0.645669 
vn 0.566929 -0.0393701 0.818898 
vn 0.0787402 -0.0787402 0.992126 
vn 0.0314961 -0.023622 1 
vn 0.566929 0.015748 0.826772 
vn 0.11811 -0.11811 0.984252 
vn 0.574803 -0.110236 0.811024 
vn -0.0787402 -0.0787402 0.992126 
vn -0.0314961 -0.023622 1 
vn -0.110236 -0.11811 0.984252 
vn 0.0393701 0.244094 0.968504 
vn 0.511811 0.0944882 0.850394 
vn -0.0314961 0.244094 0.968504 
vn -0.559055 0.00787402 0.826772 
vn -0.503937 0.102362 0.858268 
vn -0.559055 -0.0393701 0.826772 
vn -0.566929 -0.110236 0.811024 
vn -0.472441 0.102362 0.874016 
vn -0.110236 0.212598 0.968504 
vn 0.110236 0.220472 0.968504 
vn 0.480315 0.110236 0.874016 
vn -0.952756 0.19685 0.220472 
vn -0.566929 -0.110236 0.811024 
vn -0.472441 0.102362 0.874016 
vn -0.968504 0 0.251969 
vn -0.968504 -0.0629921 0.228346 
vn -0.968504 -0.0472441 -0.244094 
vn -0.968504 0.023622 -0.244094 
vn -0.968504 0.0551181 0.251969 
vn -0.559055 0.00787402 0.826772 
vn -0.559055 -0.0393701 0.826772 
vn -0.96063 0.220472 -0.188976 
vn -0.590551 0.0629921 -0.80315 
vn -0.574803 -0.0393701 -0.811024 
vn -0.519685 0.19685 -0.834646 
vn -0.968504 0.0787402 -0.23622 
vn -0.96063 -0.0314961 0.267717 
vn -0.968504 -0.0944882 -0.212598 
vn -0.503937 0.102362 0.858268 
vn -0.622047 0.0944882 -0.771654 
vn -0.614173 -0.220472 -0.755906 
vn -0.11811 0.0866142 -0.992126 
vn -0.11811 -0.267717 -0.952756 
vn -0.110236 0.0708661 -0.992126 
vn 0.11811 0.0708661 -0.992126 
vn 0.125984 0.0866142 -0.984252 
vn 0.11811 -0.267717 -0.952756 
vn -0.125984 -0.0393701 -0.992126 
vn 0.125984 -0.0393701 -0.992126 
vn 0.598425 0.0629921 -0.80315 
vn 0.629921 0.0944882 -0.771654 
vn 0.622047 -0.212598 -0.748031 
vn 0.968504 0.0787402 -0.244094 
vn 0.968504 0.023622 -0.251969 
vn 0.582677 -0.0393701 -0.811024 
vn 0.141732 0.275591 -0.952756 
vn -0.133858 0.283465 -0.952756 
vn 0.535433 0.188976 -0.826772 
vn 0.968504 -0.0472441 -0.259843 
vn 0.968504 0 0.259843 
vn 0.96063 0.0551181 0.267717 
vn 0.968504 -0.0629921 0.244094 
vn 0.952756 0.228346 -0.19685 
vn 0.566929 -0.0393701 0.818898 
vn 0.566929 0.015748 0.826772 
vn 0.96063 -0.0314961 0.283465 
vn 0.511811 0.0944882 0.850394 
vn 0.968504 -0.102362 -0.220472 
vn 0.574803 -0.110236 0.811024 
vn 0.952756 0.19685 0.23622 
vn 0.480315 0.110236 0.874016 

vt 0.791647 0.658144 
vt 0.791647 0.670827 
vt 0.756078 0.670827 
vt 0.756078 0.658144 
vt 0.806095 0.670827 
vt 0.791647 0.681616 
vt 0.756078 0.681616 
vt 0.745024 0.670827 
vt 0.745024 0.681616 
vt 0.756078 0.695508 
vt 0.806095 0.681616 
vt 0.791647 0.695508 
vt 0.806095 0.695508 
vt 0.756078 0.708433 
vt 0.745024 0.708433 
vt 0.745024 0.695508 
vt 0.791647 0.708433 
vt 0.806095 0.708433 
vt 0.791647 0.720363 
vt 0.756078 0.720363 
vt 0.81104 0.692933 
vt 0.811939 0.688365 
vt 0.817613 0.688366 
vt 0.817006 0.692934 
vt 0.81104 0.662615 
vt 0.811918 0.666705 
vt 0.812654 0.684724 
vt 0.812618 0.669965 
vt 0.823253 0.688366 
vt 0.818098 0.684725 
vt 0.823041 0.692934 
vt 0.829026 0.688366 
vt 0.823423 0.684725 
vt 0.814151 0.677112 
vt 0.81911 0.677113 
vt 0.818335 0.669965 
vt 0.823777 0.677113 
vt 0.828873 0.684725 
vt 0.829218 0.692934 
vt 0.835194 0.688366 
vt 0.834697 0.684725 
vt 0.828554 0.677113 
vt 0.823508 0.669965 
vt 0.817981 0.666705 
vt 0.828803 0.669965 
vt 0.823385 0.666705 
vt 0.833658 0.677113 
vt 0.839898 0.684724 
vt 0.840614 0.688365 
vt 0.835818 0.692934 
vt 0.841512 0.692933 
vt 0.840635 0.666705 
vt 0.841512 0.662615 
vt 0.839935 0.669965 
vt 0.838401 0.677112 
vt 0.834461 0.669965 
vt 0.828917 0.666705 
vt 0.834827 0.666705 
vt 0.835286 0.662614 
vt 0.829059 0.662614 
vt 0.823231 0.662614 
vt 0.817537 0.662614 
vt 0.993864 0.611449 
vt 0.972772 0.611449 
vt 0.97296 0.602488 
vt 0.993771 0.602488 
vt 0.975336 0.642197 
vt 0.993864 0.642197 
vt 0.954532 0.611449 
vt 0.953062 0.602488 
vt 0.955834 0.642197 
vt 0.972331 0.595811 
vt 0.993864 0.595811 
vt 0.952816 0.595811 
vt 0.931563 0.602488 
vt 0.931563 0.595811 
vt 0.931563 0.611449 
vt 0.931563 0.642197 
vt 0.931563 0.6577 
vt 0.956822 0.6577 
vt 0.976771 0.6577 
vt 0.993864 0.6577 
vt 0.912697 0.6577 
vt 0.931563 0.642196 
vt 0.931563 0.6577 
vt 0.906441 0.611449 
vt 0.90799 0.642196 
vt 0.869049 0.642196 
vt 0.869049 0.611449 
vt 0.905666 0.602488 
vt 0.931563 0.602488 
vt 0.931563 0.611449 
vt 0.869049 0.6577 
vt 0.854345 0.611449 
vt 0.853612 0.642196 
vt 0.854647 0.6577 
vt 0.869049 0.602488 
vt 0.905695 0.595811 
vt 0.869049 0.595811 
vt 0.931563 0.595811 
vt 0.855421 0.602488 
vt 0.854779 0.595811 
vt 0.844158 0.602488 
vt 0.843469 0.595811 
vt 0.844307 0.611449 
vt 0.834518 0.611449 
vt 0.833362 0.602488 
vt 0.833531 0.595811 
vt 0.843262 0.642196 
vt 0.833764 0.642196 
vt 0.82467 0.611449 
vt 0.823347 0.602488 
vt 0.824012 0.595811 
vt 0.806956 0.602488 
vt 0.806796 0.611449 
vt 0.824273 0.642196 
vt 0.833594 0.6577 
vt 0.843512 0.6577 
vt 0.823268 0.6577 
vt 0.806796 0.642196 
vt 0.774323 0.611449 
vt 0.774964 0.602488 
vt 0.772805 0.642197 
vt 0.806796 0.6577 
vt 0.745411 0.611449 
vt 0.745319 0.602488 
vt 0.774851 0.595811 
vt 0.745411 0.595811 
vt 0.806796 0.595811 
vt 0.745411 0.642197 
vt 0.768331 0.6577 
vt 0.745411 0.6577 

usemtl Dummy1Mtl

f 1/1/1 2/2/2 3/3/3 
f 1/1/1 3/3/3 4/4/4 
f 2/2/2 1/1/1 5/5/5 
f 2/2/2 6/6/6 7/7/7 
f 2/2/2 7/7/7 3/3/3 
f 6/6/6 2/2/2 5/5/5 
f 3/3/3 8/8/8 4/4/4 
f 7/7/7 8/8/8 3/3/3 
f 7/7/7 9/9/9 8/8/8 
f 10/10/10 9/9/9 7/7/7 
f 6/6/6 10/10/10 7/7/7 
f 6/6/6 5/5/5 11/11/11 
f 6/6/6 12/12/12 10/10/10 
f 13/13/13 12/12/12 6/6/6 
f 13/13/13 6/6/6 11/11/11 
f 10/10/10 14/14/14 15/15/15 
f 10/10/10 15/15/15 16/16/16 
f 17/17/17 14/14/14 10/10/10 
f 17/17/17 10/10/10 12/12/12 
f 10/10/10 16/16/16 9/9/9 
f 18/18/18 17/17/17 12/12/12 
f 18/18/18 12/12/12 13/13/13 
f 19/19/19 14/14/14 17/17/17 
f 19/19/19 17/17/17 18/18/18 
f 20/20/20 15/15/15 14/14/14 
f 19/19/19 20/20/20 14/14/14 
f 21/21/21 22/22/22 23/23/23 
f 21/21/21 23/23/23 24/24/24 
f 25/25/25 22/22/22 21/21/21 
f 25/25/25 26/26/26 22/22/22 
f 23/23/23 22/22/22 27/27/27 
f 22/22/22 26/26/26 28/28/28 
f 22/22/22 28/28/28 27/27/27 
f 24/24/24 23/23/23 29/29/29 
f 23/23/23 27/27/27 30/30/30 
f 29/29/29 23/23/23 30/30/30 
f 24/24/24 29/29/29 31/31/31 
f 31/31/31 29/29/29 32/32/32 
f 29/29/29 30/30/30 33/33/33 
f 32/32/32 29/29/29 33/33/33 
f 30/30/30 27/27/27 34/34/34 
f 30/30/30 34/34/34 35/35/35 
f 33/33/33 30/30/30 35/35/35 
f 27/27/27 28/28/28 34/34/34 
f 28/28/28 36/36/36 35/35/35 
f 28/28/28 35/35/35 34/34/34 
f 26/26/26 36/36/36 28/28/28 
f 33/33/33 35/35/35 37/37/37 
f 36/36/36 37/37/37 35/35/35 
f 38/38/38 33/33/33 37/37/37 
f 32/32/32 33/33/33 38/38/38 
f 39/39/39 32/32/32 40/40/40 
f 31/31/31 32/32/32 39/39/39 
f 40/40/40 32/32/32 38/38/38 
f 41/41/41 38/38/38 42/42/42 
f 38/38/38 37/37/37 42/42/42 
f 40/40/40 38/38/38 41/41/41 
f 36/36/36 43/43/43 37/37/37 
f 43/43/43 42/42/42 37/37/37 
f 26/26/26 44/44/44 36/36/36 
f 44/44/44 43/43/43 36/36/36 
f 43/43/43 45/45/45 42/42/42 
f 44/44/44 46/46/46 43/43/43 
f 46/46/46 45/45/45 43/43/43 
f 41/41/41 42/42/42 47/47/47 
f 45/45/45 47/47/47 42/42/42 
f 48/48/48 41/41/41 47/47/47 
f 49/49/49 40/40/40 41/41/41 
f 49/49/49 41/41/41 48/48/48 
f 50/50/50 40/40/40 49/49/49 
f 39/39/39 40/40/40 50/50/50 
f 50/50/50 49/49/49 51/51/51 
f 48/48/48 52/52/52 49/49/49 
f 49/49/49 52/52/52 53/53/53 
f 49/49/49 53/53/53 51/51/51 
f 54/54/54 48/48/48 55/55/55 
f 48/48/48 47/47/47 55/55/55 
f 48/48/48 54/54/54 52/52/52 
f 56/56/56 55/55/55 47/47/47 
f 45/45/45 56/56/56 47/47/47 
f 57/57/57 56/56/56 45/45/45 
f 46/46/46 57/57/57 45/45/45 
f 56/56/56 54/54/54 55/55/55 
f 58/58/58 54/54/54 56/56/56 
f 57/57/57 58/58/58 56/56/56 
f 58/58/58 52/52/52 54/54/54 
f 53/53/53 52/52/52 58/58/58 
f 53/53/53 58/58/58 59/59/59 
f 59/59/59 58/58/58 57/57/57 
f 59/59/59 57/57/57 60/60/60 
f 60/60/60 57/57/57 46/46/46 
f 60/60/60 46/46/46 61/61/61 
f 61/61/61 46/46/46 44/44/44 
f 61/61/61 44/44/44 62/62/62 
f 62/62/62 44/44/44 26/26/26 
f 62/62/62 26/26/26 25/25/25 
f 63/63/63 64/64/64 65/65/65 
f 63/63/63 65/65/65 66/66/66 
f 67/67/67 64/64/64 63/63/63 
f 67/67/67 63/63/63 68/68/68 
f 64/64/64 69/69/69 70/70/70 
f 64/64/64 70/70/70 65/65/65 
f 71/71/71 69/69/69 64/64/64 
f 71/71/71 64/64/64 67/67/67 
f 65/65/65 72/72/72 73/73/73 
f 65/65/65 73/73/73 66/66/66 
f 65/65/65 70/70/70 74/74/74 
f 65/65/65 74/74/74 72/72/72 
f 70/70/70 75/75/75 76/76/76 
f 70/70/70 76/76/76 74/74/74 
f 77/77/77 75/75/75 70/70/70 
f 77/77/77 70/70/70 69/69/69 
f 71/71/71 77/77/77 69/69/69 
f 71/71/71 78/78/78 77/77/77 
f 79/79/79 78/78/78 71/71/71 
f 79/79/79 71/71/71 80/80/80 
f 80/80/80 71/71/71 67/67/67 
f 80/80/80 67/67/67 81/81/81 
f 82/82/82 81/81/81 67/67/67 
f 82/82/82 67/67/67 68/68/68 
f 83/83/83 84/84/84 85/85/85 
f 86/86/86 87/87/87 88/88/88 
f 86/86/86 88/88/88 89/89/89 
f 90/90/90 86/86/86 89/89/89 
f 86/86/86 90/90/90 91/91/91 
f 86/86/86 91/91/91 92/92/92 
f 84/84/84 87/87/87 86/86/86 
f 84/84/84 86/86/86 92/92/92 
f 87/87/87 83/83/83 93/93/93 
f 87/87/87 93/93/93 88/88/88 
f 83/83/83 87/87/87 84/84/84 
f 94/94/94 89/89/89 88/88/88 
f 94/94/94 88/88/88 95/95/95 
f 88/88/88 93/93/93 96/96/96 
f 88/88/88 96/96/96 95/95/95 
f 90/90/90 89/89/89 97/97/97 
f 97/97/97 89/89/89 94/94/94 
f 91/91/91 90/90/90 98/98/98 
f 99/99/99 98/98/98 90/90/90 
f 99/99/99 90/90/90 97/97/97 
f 91/91/91 98/98/98 100/100/100 
f 97/97/97 94/94/94 101/101/101 
f 102/102/102 99/99/99 97/97/97 
f 102/102/102 97/97/97 101/101/101 
f 103/103/103 101/101/101 94/94/94 
f 104/104/104 102/102/102 101/101/101 
f 104/104/104 101/101/101 103/103/103 
f 103/103/103 94/94/94 105/105/105 
f 103/103/103 105/105/105 106/106/106 
f 103/103/103 106/106/106 107/107/107 
f 108/108/108 104/104/104 103/103/103 
f 108/108/108 103/103/103 107/107/107 
f 109/109/109 105/105/105 94/94/94 
f 110/110/110 106/106/106 105/105/105 
f 110/110/110 105/105/105 109/109/109 
f 107/107/107 106/106/106 111/111/111 
f 110/110/110 111/111/111 106/106/106 
f 107/107/107 111/111/111 112/112/112 
f 113/113/113 108/108/108 107/107/107 
f 113/113/113 107/107/107 112/112/112 
f 114/114/114 112/112/112 111/111/111 
f 114/114/114 111/111/111 115/115/115 
f 110/110/110 116/116/116 111/111/111 
f 116/116/116 115/115/115 111/111/111 
f 117/117/117 116/116/116 110/110/110 
f 110/110/110 109/109/109 118/118/118 
f 110/110/110 118/118/118 117/117/117 
f 109/109/109 94/94/94 95/95/95 
f 95/95/95 118/118/118 109/109/109 
f 95/95/95 96/96/96 118/118/118 
f 117/117/117 119/119/119 116/116/116 
f 116/116/116 120/120/120 115/115/115 
f 119/119/119 120/120/120 116/116/116 
f 121/121/121 115/115/115 120/120/120 
f 122/122/122 114/114/114 115/115/115 
f 122/122/122 115/115/115 121/121/121 
f 121/121/121 120/120/120 123/123/123 
f 119/119/119 124/124/124 120/120/120 
f 123/123/123 120/120/120 124/124/124 
f 121/121/121 125/125/125 126/126/126 
f 121/121/121 126/126/126 122/122/122 
f 123/123/123 125/125/125 121/121/121 
f 126/126/126 127/127/127 122/122/122 
f 127/127/127 114/114/114 122/122/122 
f 126/126/126 128/128/128 127/127/127 
f 127/127/127 129/129/129 114/114/114 
f 129/129/129 112/112/112 114/114/114 
f 129/129/129 113/113/113 112/112/112 
f 123/123/123 130/130/130 125/125/125 
f 131/131/131 130/130/130 123/123/123 
f 123/123/123 124/124/124 131/131/131 
f 131/131/131 132/132/132 130/130/130 

g Dummy2

v -13.108 0.447902 -39.2987 
v -13.1157 0.400125 -39.2768 
v -13.2544 0.400355 -39.4404 
v -13.2526 0.447739 -39.4661 
v -13.1081 0.448325 -38.8662 
v -13.1158 0.400123 -38.8838 
v -13.1365 0.351059 -39.2333 
v -13.1368 0.35049 -38.9212 
v -13.3895 0.400458 -39.4874 
v -13.2636 0.351775 -39.3781 
v -13.3892 0.447701 -39.5047 
v -13.5308 0.400458 -39.4874 
v -13.3924 0.352048 -39.4308 
v -13.1573 0.304204 -39.073 
v -13.2835 0.277939 -39.073 
v -13.2659 0.349779 -38.7779 
v -13.4004 0.26431 -39.073 
v -13.5282 0.352048 -39.4308 
v -13.5311 0.447701 -39.5047 
v -13.6787 0.400355 -39.4404 
v -13.6692 0.351775 -39.3781 
v -13.5209 0.26431 -39.073 
v -13.3937 0.349452 -38.7102 
v -13.2576 0.399905 -38.712 
v -13.527 0.349452 -38.7102 
v -13.3913 0.39979 -38.6457 
v -13.6488 0.277939 -39.073 
v -13.7902 0.351059 -39.2333 
v -13.811 0.400125 -39.2768 
v -13.6806 0.447739 -39.4661 
v -13.8187 0.447902 -39.2987 
v -13.8109 0.400123 -38.8838 
v -13.7899 0.35049 -38.9212 
v -13.7694 0.304204 -39.073 
v -13.667 0.349779 -38.7779 
v -13.5292 0.39979 -38.6457 
v -13.6755 0.399905 -38.712 
v -13.8186 0.448325 -38.8662 
v -13.6767 0.448504 -38.6829 
v -13.5292 0.448562 -38.6227 
v -13.3912 0.448562 -38.6227 
v -13.2564 0.448504 -38.6829 
v -13.4 0.930088 -38.743 
v -13.3912 0.448562 -38.6227 
v -13.2564 0.448504 -38.6829 
v -13.2815 0.930088 -38.7784 
v -13.5213 0.930088 -38.743 
v -13.5292 0.448562 -38.6227 
v -13.2788 1.02153 -38.7893 
v -13.399 1.02153 -38.7705 
v -13.6509 0.930088 -38.7784 
v -13.6767 0.448504 -38.6829 
v -13.5221 1.02153 -38.7705 
v -13.6536 1.02153 -38.7893 
v -13.2675 1.02153 -39.4398 
v -13.2779 1.06709 -39.3918 
v -13.1762 1.06727 -39.2314 
v -13.1416 1.02153 -39.2706 
v -13.395 1.02153 -39.4702 
v -13.3985 1.06704 -39.423 
v -13.2937 1.11715 -39.3141 
v -13.404 1.11706 -39.3399 
v -13.1762 1.06734 -38.9927 
v -13.2126 1.11746 -39.1706 
v -13.1416 1.02153 -38.9498 
v -13.2853 1.06752 -38.8383 
v -13.2127 1.11759 -39.0571 
v -13.3101 1.1532 -39.1151 
v -13.2377 1.131 -39.1152 
v -13.4099 1.16841 -39.1151 
v -13.5174 1.11706 -39.3399 
v -13.512 1.16841 -39.1151 
v -13.4058 1.11797 -38.8988 
v -13.5158 1.11797 -38.8988 
v -13.2982 1.11789 -38.917 
v -13.2788 1.02153 -38.7893 
v -13.4013 1.06756 -38.8174 
v -13.52 1.06756 -38.8174 
v -13.6335 1.11789 -38.917 
v -13.6469 1.06752 -38.8383 
v -13.6211 1.1532 -39.1151 
v -13.714 1.11759 -39.0571 
v -13.7505 1.06734 -38.9927 
v -13.6536 1.02153 -38.7893 
v -13.5221 1.02153 -38.7705 
v -13.399 1.02153 -38.7705 
v -13.7851 1.02153 -38.9498 
v -13.7505 1.06727 -39.2314 
v -13.689 1.131 -39.1152 
v -13.7141 1.11746 -39.1706 
v -13.638 1.11715 -39.3141 
v -13.6543 1.06709 -39.3918 
v -13.7851 1.02153 -39.2706 
v -13.6649 1.02153 -39.4398 
v -13.5223 1.06704 -39.423 
v -13.5255 1.02153 -39.4702 
v -13.1462 0.930088 -38.9498 
v -13.2815 0.930088 -38.7784 
v -13.2564 0.448504 -38.6829 
v -13.1081 0.448325 -38.8662 
v -13.1462 0.930088 -39.2638 
v -13.1416 1.02153 -38.9498 
v -13.2788 1.02153 -38.7893 
v -13.1416 1.02153 -39.2706 
v -13.2815 0.930088 -39.4202 
v -13.108 0.447902 -39.2987 
v -13.2675 1.02153 -39.4398 
v -13.4 0.930088 -39.4438 
v -13.395 1.02153 -39.4702 
v -13.2526 0.447739 -39.4661 
v -13.5213 0.930088 -39.4438 
v -13.5255 1.02153 -39.4702 
v -13.3892 0.447701 -39.5047 
v -13.6509 0.930088 -39.4202 
v -13.5311 0.447701 -39.5047 
v -13.6649 1.02153 -39.4398 
v -13.7804 0.930088 -39.2638 
v -13.7851 1.02153 -39.2706 
v -13.6806 0.447739 -39.4661 
v -13.7804 0.930088 -38.9498 
v -13.7851 1.02153 -38.9498 
v -13.8187 0.447902 -39.2987 
v -13.8186 0.448325 -38.8662 
v -13.6767 0.448504 -38.6829 
v -13.6509 0.930088 -38.7784 
v -13.6536 1.02153 -38.7893 

vn 0.913386 -0.275591 -0.299213 
vn 0.889764 -0.401575 -0.23622 
vn 0.488189 -0.582677 -0.653543 
vn 0.519685 -0.401575 -0.755906 
vn 0.92126 -0.259843 0.291339 
vn 0.889764 -0.393701 0.244094 
vn 0.551181 -0.811024 -0.204724 
vn 0.559055 -0.80315 0.212598 
vn 0.125984 -0.614173 -0.779528 
vn 0.228346 -0.92126 -0.322835 
vn 0.133858 -0.377953 -0.913386 
vn -0.125984 -0.614173 -0.779528 
vn 0.0629921 -0.944882 -0.330709 
vn 0.354331 -0.937008 0 
vn 0.165354 -0.984252 0 
vn 0.244094 -0.913386 0.322835 
vn 0.0551181 -1 -0.00787402 
vn -0.0551181 -0.944882 -0.330709 
vn -0.133858 -0.377953 -0.913386 
vn -0.480315 -0.590551 -0.653543 
vn -0.220472 -0.92126 -0.322835 
vn -0.0472441 -1 -0.00787402 
vn 0.0787402 -0.944882 0.322835 
vn 0.527559 -0.582677 0.622047 
vn -0.0708661 -0.944882 0.322835 
vn 0.173228 -0.645669 0.740157 
vn -0.15748 -0.984252 0 
vn -0.559055 -0.80315 -0.19685 
vn -0.889764 -0.393701 -0.228346 
vn -0.503937 -0.401575 -0.76378 
vn -0.92126 -0.267717 -0.291339 
vn -0.889764 -0.385827 0.228346 
vn -0.566929 -0.795276 0.204724 
vn -0.370079 -0.929134 0 
vn -0.23622 -0.92126 0.314961 
vn -0.165354 -0.653543 0.740157 
vn -0.519685 -0.582677 0.622047 
vn -0.929134 -0.259843 0.275591 
vn -0.551181 -0.409449 0.724409 
vn -0.181102 -0.440945 0.874016 
vn 0.188976 -0.440945 0.874016 
vn 0.566929 -0.401575 0.716535 
vn 0.165354 0.23622 0.96063 
vn 0.173228 0.23622 0.952756 
vn 0.622047 0.188976 0.76378 
vn 0.629921 0.173228 0.755906 
vn -0.165354 0.23622 0.96063 
vn -0.165354 0.23622 0.96063 
vn 0.614173 0.0787402 0.787402 
vn 0.110236 0.244094 0.96063 
vn -0.622047 0.181102 0.76378 
vn -0.614173 0.19685 0.76378 
vn -0.102362 0.244094 0.968504 
vn -0.606299 0.0787402 0.795276 
vn 0.393701 0.732283 -0.559055 
vn 0.401575 0.771654 -0.488189 
vn 0.708661 0.685039 -0.188976 
vn 0.700787 0.669291 -0.244094 
vn 0.0787402 0.724409 -0.685039 
vn 0.0708661 0.80315 -0.598425 
vn 0.275591 0.913386 -0.307087 
vn 0.0472441 0.944882 -0.322835 
vn 0.692913 0.692913 0.19685 
vn 0.566929 0.811024 -0.141732 
vn 0.685039 0.677165 0.267717 
vn 0.377953 0.779528 0.503937 
vn 0.566929 0.811024 0.141732 
vn 0.149606 0.992126 0 
vn 0.283465 0.96063 0 
vn 0.0472441 1 0 
vn -0.0472441 0.944882 -0.322835 
vn -0.0393701 1 0 
vn 0.0472441 0.944882 0.322835 
vn -0.0393701 0.944882 0.322835 
vn 0.267717 0.913386 0.314961 
vn 0.362205 0.732283 0.574803 
vn 0.0551181 0.795276 0.606299 
vn -0.0472441 0.795276 0.606299 
vn -0.251969 0.913386 0.314961 
vn -0.370079 0.779528 0.503937 
vn -0.141732 0.992126 0 
vn -0.574803 0.80315 0.133858 
vn -0.700787 0.685039 0.188976 
vn -0.346457 0.732283 0.582677 
vn -0.0551181 0.716535 0.692913 
vn 0.0551181 0.716535 0.692913 
vn -0.685039 0.677165 0.259843 
vn -0.708661 0.677165 -0.181102 
vn -0.299213 0.952756 0 
vn -0.582677 0.80315 -0.133858 
vn -0.267717 0.913386 -0.307087 
vn -0.393701 0.779528 -0.488189 
vn -0.708661 0.669291 -0.23622 
vn -0.385827 0.732283 -0.566929 
vn -0.0708661 0.80315 -0.598425 
vn -0.0787402 0.724409 -0.685039 
vn 0.968504 0.0944882 0.228346 
vn 0.629921 0.173228 0.755906 
vn 0.622047 0.188976 0.76378 
vn 0.952756 0.11811 0.275591 
vn 0.968504 0.0629921 -0.244094 
vn 0.96063 -0.0314961 0.267717 
vn 0.614173 0.0787402 0.787402 
vn 0.952756 -0.102362 -0.267717 
vn 0.582677 0.0629921 -0.811024 
vn 0.96063 0.0944882 -0.259843 
vn 0.590551 -0.212598 -0.779528 
vn 0.11811 0.0629921 -0.992126 
vn 0.102362 -0.267717 -0.96063 
vn 0.582677 0.11811 -0.80315 
vn -0.110236 0.0629921 -0.992126 
vn -0.102362 -0.267717 -0.96063 
vn 0.11811 0.11811 -0.984252 
vn -0.574803 0.0629921 -0.811024 
vn -0.110236 0.11811 -0.984252 
vn -0.574803 -0.212598 -0.787402 
vn -0.968504 0.0629921 -0.23622 
vn -0.96063 -0.102362 -0.259843 
vn -0.574803 0.11811 -0.811024 
vn -0.968504 0.0944882 0.220472 
vn -0.968504 -0.0314961 0.259843 
vn -0.96063 0.0944882 -0.251969 
vn -0.96063 0.11811 0.259843 
vn -0.614173 0.19685 0.76378 
vn -0.622047 0.181102 0.76378 
vn -0.606299 0.0787402 0.795276 

vt 0.779809 0.54431 
vt 0.780554 0.539176 
vt 0.786328 0.540685 
vt 0.785998 0.544311 
vt 0.779811 0.514118 
vt 0.78056 0.519671 
vt 0.78142 0.533202 
vt 0.781432 0.526132 
vt 0.791948 0.541167 
vt 0.78671 0.536467 
vt 0.791845 0.544311 
vt 0.797826 0.541167 
vt 0.792068 0.537509 
vt 0.78192 0.529749 
vt 0.78732 0.529748 
vt 0.786802 0.52276 
vt 0.792323 0.529748 
vt 0.797716 0.537509 
vt 0.79792 0.544311 
vt 0.80398 0.540685 
vt 0.803585 0.536467 
vt 0.797483 0.529748 
vt 0.792121 0.52167 
vt 0.786458 0.518112 
vt 0.797667 0.52167 
vt 0.79202 0.517609 
vt 0.802957 0.529749 
vt 0.808619 0.533202 
vt 0.809485 0.539176 
vt 0.804319 0.544311 
vt 0.810229 0.54431 
vt 0.809478 0.519671 
vt 0.808607 0.526132 
vt 0.808118 0.529749 
vt 0.803491 0.52276 
vt 0.79776 0.517609 
vt 0.803846 0.518112 
vt 0.810227 0.514118 
vt 0.804151 0.514118 
vt 0.79784 0.514117 
vt 0.791933 0.514117 
vt 0.786161 0.514118 
vt 0.971777 0.589292 
vt 0.971122 0.54948 
vt 0.993864 0.54948 
vt 0.993864 0.589292 
vt 0.952599 0.589292 
vt 0.949408 0.54948 
vt 0.993864 0.595811 
vt 0.972331 0.595811 
vt 0.931563 0.589292 
vt 0.931563 0.54948 
vt 0.952816 0.595811 
vt 0.931563 0.595811 
vt 0.750597 0.514035 
vt 0.750754 0.518929 
vt 0.745766 0.521514 
vt 0.744646 0.514055 
vt 0.756618 0.514031 
vt 0.756668 0.518395 
vt 0.750867 0.522452 
vt 0.756703 0.521536 
vt 0.745768 0.537163 
vt 0.746573 0.526886 
vt 0.744646 0.544572 
vt 0.751115 0.539675 
vt 0.746576 0.531828 
vt 0.751088 0.52938 
vt 0.746947 0.52938 
vt 0.756792 0.529379 
vt 0.762707 0.521536 
vt 0.76263 0.529379 
vt 0.7568 0.537046 
vt 0.762626 0.537046 
vt 0.751106 0.536149 
vt 0.751128 0.544572 
vt 0.756804 0.540197 
vt 0.762625 0.540197 
vt 0.768853 0.536149 
vt 0.768845 0.539675 
vt 0.768867 0.52938 
vt 0.773116 0.531828 
vt 0.773924 0.537163 
vt 0.768835 0.544572 
vt 0.762622 0.544573 
vt 0.756808 0.544573 
vt 0.775046 0.544572 
vt 0.773926 0.521514 
vt 0.772745 0.52938 
vt 0.77312 0.526886 
vt 0.769092 0.522452 
vt 0.769206 0.518929 
vt 0.775046 0.514055 
vt 0.769365 0.514035 
vt 0.762738 0.518395 
vt 0.762781 0.514031 
vt 0.774751 0.589292 
vt 0.745411 0.589292 
vt 0.745411 0.54948 
vt 0.770669 0.54948 
vt 0.806796 0.589292 
vt 0.774851 0.595811 
vt 0.745411 0.595811 
vt 0.806796 0.595811 
vt 0.824597 0.589292 
vt 0.806796 0.54948 
vt 0.824012 0.595811 
vt 0.833507 0.589292 
vt 0.833531 0.595811 
vt 0.819661 0.549479 
vt 0.842745 0.589292 
vt 0.843469 0.595811 
vt 0.833265 0.549479 
vt 0.854214 0.589292 
vt 0.846953 0.549479 
vt 0.854779 0.595811 
vt 0.869049 0.589292 
vt 0.869049 0.595811 
vt 0.860116 0.549479 
vt 0.905721 0.589292 
vt 0.905695 0.595811 
vt 0.869049 0.54948 
vt 0.909501 0.54948 
vt 0.931563 0.54948 
vt 0.931563 0.589292 
vt 0.931563 0.595811 

usemtl Dummy1Mtl

f 133/133/133 134/134/134 135/135/135 
f 133/133/133 135/135/135 136/136/136 
f 137/137/137 134/134/134 133/133/133 
f 137/137/137 138/138/138 134/134/134 
f 135/135/135 134/134/134 139/139/139 
f 134/134/134 138/138/138 140/140/140 
f 134/134/134 140/140/140 139/139/139 
f 136/136/136 135/135/135 141/141/141 
f 135/135/135 139/139/139 142/142/142 
f 141/141/141 135/135/135 142/142/142 
f 136/136/136 141/141/141 143/143/143 
f 143/143/143 141/141/141 144/144/144 
f 141/141/141 142/142/142 145/145/145 
f 144/144/144 141/141/141 145/145/145 
f 142/142/142 139/139/139 146/146/146 
f 142/142/142 146/146/146 147/147/147 
f 145/145/145 142/142/142 147/147/147 
f 139/139/139 140/140/140 146/146/146 
f 140/140/140 148/148/148 147/147/147 
f 140/140/140 147/147/147 146/146/146 
f 138/138/138 148/148/148 140/140/140 
f 145/145/145 147/147/147 149/149/149 
f 148/148/148 149/149/149 147/147/147 
f 150/150/150 145/145/145 149/149/149 
f 144/144/144 145/145/145 150/150/150 
f 151/151/151 144/144/144 152/152/152 
f 143/143/143 144/144/144 151/151/151 
f 152/152/152 144/144/144 150/150/150 
f 153/153/153 150/150/150 154/154/154 
f 150/150/150 149/149/149 154/154/154 
f 152/152/152 150/150/150 153/153/153 
f 148/148/148 155/155/155 149/149/149 
f 155/155/155 154/154/154 149/149/149 
f 138/138/138 156/156/156 148/148/148 
f 156/156/156 155/155/155 148/148/148 
f 155/155/155 157/157/157 154/154/154 
f 156/156/156 158/158/158 155/155/155 
f 158/158/158 157/157/157 155/155/155 
f 157/157/157 159/159/159 154/154/154 
f 153/153/153 154/154/154 159/159/159 
f 160/160/160 153/153/153 159/159/159 
f 161/161/161 152/152/152 153/153/153 
f 161/161/161 153/153/153 160/160/160 
f 162/162/162 152/152/152 161/161/161 
f 151/151/151 152/152/152 162/162/162 
f 163/163/163 161/161/161 164/164/164 
f 162/162/162 161/161/161 163/163/163 
f 164/164/164 161/161/161 160/160/160 
f 165/165/165 160/160/160 166/166/166 
f 160/160/160 159/159/159 166/166/166 
f 164/164/164 160/160/160 165/165/165 
f 167/167/167 166/166/166 159/159/159 
f 157/157/157 167/167/167 159/159/159 
f 168/168/168 167/167/167 157/157/157 
f 158/158/158 168/168/168 157/157/157 
f 167/167/167 165/165/165 166/166/166 
f 169/169/169 165/165/165 167/167/167 
f 168/168/168 169/169/169 167/167/167 
f 169/169/169 164/164/164 165/165/165 
f 163/163/163 164/164/164 170/170/170 
f 170/170/170 164/164/164 169/169/169 
f 170/170/170 169/169/169 171/171/171 
f 171/171/171 169/169/169 168/168/168 
f 171/171/171 168/168/168 172/172/172 
f 172/172/172 168/168/168 158/158/158 
f 172/172/172 158/158/158 173/173/173 
f 173/173/173 158/158/158 156/156/156 
f 173/173/173 156/156/156 174/174/174 
f 174/174/174 156/156/156 138/138/138 
f 174/174/174 138/138/138 137/137/137 
f 175/175/175 176/176/176 177/177/177 
f 175/175/175 177/177/177 178/178/178 
f 175/175/175 179/179/179 180/180/180 
f 175/175/175 180/180/180 176/176/176 
f 181/181/181 182/182/182 175/175/175 
f 181/181/181 175/175/175 178/178/178 
f 182/182/182 179/179/179 175/175/175 
f 179/179/179 183/183/183 184/184/184 
f 179/179/179 184/184/184 180/180/180 
f 185/185/185 183/183/183 179/179/179 
f 182/182/182 185/185/185 179/179/179 
f 185/185/185 186/186/186 183/183/183 
f 187/187/187 188/188/188 189/189/189 
f 187/187/187 189/189/189 190/190/190 
f 191/191/191 188/188/188 187/187/187 
f 191/191/191 192/192/192 188/188/188 
f 189/189/189 188/188/188 193/193/193 
f 188/188/188 192/192/192 194/194/194 
f 188/188/188 194/194/194 193/193/193 
f 190/190/190 189/189/189 195/195/195 
f 189/189/189 193/193/193 196/196/196 
f 195/195/195 189/189/189 196/196/196 
f 190/190/190 195/195/195 197/197/197 
f 197/197/197 195/195/195 198/198/198 
f 195/195/195 196/196/196 199/199/199 
f 198/198/198 195/195/195 199/199/199 
f 196/196/196 193/193/193 200/200/200 
f 196/196/196 200/200/200 201/201/201 
f 199/199/199 196/196/196 201/201/201 
f 193/193/193 194/194/194 202/202/202 
f 193/193/193 202/202/202 200/200/200 
f 194/194/194 203/203/203 204/204/204 
f 194/194/194 204/204/204 202/202/202 
f 192/192/192 203/203/203 194/194/194 
f 205/205/205 200/200/200 202/202/202 
f 206/206/206 205/205/205 202/202/202 
f 206/206/206 202/202/202 204/204/204 
f 207/207/207 201/201/201 200/200/200 
f 205/205/205 207/207/207 200/200/200 
f 207/207/207 199/199/199 201/201/201 
f 198/198/198 199/199/199 207/207/207 
f 197/197/197 198/198/198 208/208/208 
f 208/208/208 198/198/198 209/209/209 
f 209/209/209 198/198/198 207/207/207 
f 209/209/209 207/207/207 205/205/205 
f 210/210/210 209/209/209 205/205/205 
f 210/210/210 205/205/205 206/206/206 
f 211/211/211 206/206/206 204/204/204 
f 212/212/212 210/210/210 206/206/206 
f 212/212/212 206/206/206 211/211/211 
f 211/211/211 204/204/204 213/213/213 
f 203/203/203 213/213/213 204/204/204 
f 214/214/214 211/211/211 213/213/213 
f 215/215/215 212/212/212 211/211/211 
f 215/215/215 211/211/211 214/214/214 
f 216/216/216 212/212/212 215/215/215 
f 217/217/217 210/210/210 212/212/212 
f 217/217/217 212/212/212 216/216/216 
f 218/218/218 209/209/209 210/210/210 
f 218/218/218 210/210/210 217/217/217 
f 208/208/208 209/209/209 218/218/218 
f 216/216/216 215/215/215 219/219/219 
f 219/219/219 215/215/215 220/220/220 
f 220/220/220 215/215/215 214/214/214 
f 214/214/214 213/213/213 221/221/221 
f 222/222/222 214/214/214 221/221/221 
f 220/220/220 214/214/214 222/222/222 
f 223/223/223 221/221/221 213/213/213 
f 203/203/203 223/223/223 213/213/213 
f 223/223/223 222/222/222 221/221/221 
f 224/224/224 220/220/220 222/222/222 
f 224/224/224 222/222/222 223/223/223 
f 219/219/219 220/220/220 225/225/225 
f 225/225/225 220/220/220 224/224/224 
f 225/225/225 224/224/224 226/226/226 
f 226/226/226 224/224/224 227/227/227 
f 227/227/227 224/224/224 223/223/223 
f 227/227/227 223/223/223 203/203/203 
f 192/192/192 227/227/227 203/203/203 
f 226/226/226 227/227/227 228/228/228 
f 228/228/228 227/227/227 192/192/192 
f 228/228/228 192/192/192 191/191/191 
f 229/229/229 230/230/230 231/231/231 
f 229/229/229 231/231/231 232/232/232 
f 233/233/233 234/234/234 229/229/229 
f 234/234/234 230/230/230 229/229/229 
f 232/232/232 233/233/233 229/229/229 
f 234/234/234 235/235/235 230/230/230 
f 233/233/233 236/236/236 234/234/234 
f 237/237/237 236/236/236 233/233/233 
f 238/238/238 237/237/237 233/233/233 
f 232/232/232 238/238/238 233/233/233 
f 237/237/237 239/239/239 236/236/236 
f 237/237/237 240/240/240 241/241/241 
f 237/237/237 241/241/241 239/239/239 
f 238/238/238 242/242/242 237/237/237 
f 242/242/242 240/240/240 237/237/237 
f 240/240/240 243/243/243 244/244/244 
f 240/240/240 244/244/244 241/241/241 
f 242/242/242 245/245/245 240/240/240 
f 245/245/245 243/243/243 240/240/240 
f 246/246/246 244/244/244 243/243/243 
f 247/247/247 246/246/246 243/243/243 
f 245/245/245 247/247/247 243/243/243 
f 246/246/246 248/248/248 244/244/244 
f 246/246/246 249/249/249 250/250/250 
f 246/246/246 250/250/250 248/248/248 
f 251/251/251 249/249/249 246/246/246 
f 247/247/247 251/251/251 246/246/246 
f 249/249/249 252/252/252 253/253/253 
f 249/249/249 253/253/253 250/250/250 
f 254/254/254 252/252/252 249/249/249 
f 251/251/251 254/254/254 249/249/249 
f 252/252/252 255/255/255 256/256/256 
f 252/252/252 256/256/256 257/257/257 
f 258/258/258 253/253/253 252/252/252 
f 258/258/258 252/252/252 257/257/257 
f 254/254/254 255/255/255 252/252/252 

g Dummy3

v -13.2499 0.323365 -38.6593 
v -13.389 0.323365 -38.5927 
v -13.3821 5.36442e-07 -38.5622 
v -13.2302 7.7486e-07 -38.6288 
v -13.2564 0.448504 -38.6841 
v -13.5313 0.323365 -38.5927 
v -13.5376 2.98023e-07 -38.5622 
v -13.3912 0.448563 -38.624 
v -13.6834 0.323365 -38.6593 
v -13.7037 2.98023e-07 -38.6288 
v -13.5292 0.448563 -38.624 
v -13.6767 0.448504 -38.6841 
v -13.0677 7.7486e-07 -39.3238 
v -13.0913 0.236156 -39.3153 
v -13.0913 0.236156 -38.8307 
v -13.108 0.447903 -39.3 
v -13.1081 0.448325 -38.8675 
v -13.0677 7.7486e-07 -38.8001 
v -13.2499 0.323365 -38.6593 
v -13.2302 7.7486e-07 -38.6288 
v -13.2564 0.448504 -38.6841 
v -13.0677 7.7486e-07 -38.8001 
v -13.2302 7.7486e-07 -38.6288 
v -13.2302 7.7486e-07 -39.3238 
v -13.0677 7.7486e-07 -39.3238 
v -13.3821 5.36442e-07 -38.5622 
v -13.3821 5.36442e-07 -39.3238 
v -13.2302 7.7486e-07 -39.7184 
v -13.1047 7.7486e-07 -39.5846 
v -13.3821 7.7486e-07 -39.7568 
v -13.5376 5.36442e-07 -39.3238 
v -13.5376 5.36442e-07 -39.7568 
v -13.5376 2.98023e-07 -38.5622 
v -13.7037 5.36442e-07 -39.3238 
v -13.7037 5.36442e-07 -39.7184 
v -13.7037 2.98023e-07 -38.6288 
v -13.859 2.98023e-07 -39.3238 
v -13.822 2.98023e-07 -39.5846 
v -13.859 2.98023e-07 -38.8001 
v -13.2302 7.7486e-07 -39.7184 
v -13.24 0.270049 -39.7184 
v -13.1198 0.181546 -39.5846 
v -13.1047 7.7486e-07 -39.5846 
v -13.3821 7.7486e-07 -39.7568 
v -13.2499 0.402617 -39.4717 
v -13.3855 0.305664 -39.7568 
v -13.389 0.438233 -39.5072 
v -13.2526 0.447739 -39.4674 
v -13.3892 0.447701 -39.506 
v -13.5345 0.305663 -39.7568 
v -13.5313 0.438232 -39.5072 
v -13.5376 5.36442e-07 -39.7568 
v -13.6936 0.270049 -39.7184 
v -13.6834 0.402617 -39.4717 
v -13.6806 0.447739 -39.4674 
v -13.5311 0.447702 -39.506 
v -13.8069 0.181546 -39.5846 
v -13.7037 5.36442e-07 -39.7184 
v -13.8354 0.236156 -39.3153 
v -13.8187 0.447903 -39.3 
v -13.859 2.98023e-07 -39.3238 
v -13.822 2.98023e-07 -39.5846 
v -13.8354 0.236156 -38.8307 
v -13.8186 0.448325 -38.8675 
v -13.859 2.98023e-07 -38.8001 
v -13.7037 2.98023e-07 -38.6288 
v -13.6834 0.323365 -38.6593 
v -13.6767 0.448504 -38.6841 
v -13.2526 0.447739 -39.4674 
v -13.2888 0.44787 -39.3103 
v -13.1672 0.447669 -39.1937 
v -13.108 0.447903 -39.3 
v -13.3892 0.447701 -39.506 
v -13.4021 0.447905 -39.3269 
v -13.3006 0.447985 -39.0765 
v -13.4064 0.448019 -39.0765 
v -13.1865 0.447709 -39.0742 
v -13.1684 0.447679 -38.9758 
v -13.1081 0.448325 -38.8675 
v -13.2904 0.447882 -38.8527 
v -13.4029 0.447917 -38.8284 
v -13.5186 0.447917 -38.8284 
v -13.5154 0.448019 -39.0765 
v -13.5311 0.447702 -39.506 
v -13.5193 0.447905 -39.3269 
v -13.6416 0.447882 -38.8527 
v -13.6311 0.447984 -39.0765 
v -13.5292 0.448563 -38.624 
v -13.3912 0.448563 -38.624 
v -13.2564 0.448504 -38.6841 
v -13.6767 0.448504 -38.6841 
v -13.7583 0.447679 -38.9758 
v -13.7402 0.447709 -39.0742 
v -13.6433 0.44787 -39.3103 
v -13.6806 0.447739 -39.4674 
v -13.8187 0.447903 -39.3 
v -13.7595 0.447669 -39.1937 
v -13.8186 0.448325 -38.8675 

vn 0.622047 0.141732 0.771654 
vn 0.220472 0.133858 0.968504 
vn 0.220472 0.102362 0.968504 
vn 0.606299 0.11811 0.787402 
vn 0.669291 0.181102 0.716535 
vn -0.212598 0.133858 0.968504 
vn -0.212598 0.102362 0.976378 
vn 0.220472 0.228346 0.944882 
vn -0.614173 0.141732 0.779528 
vn -0.598425 0.11811 0.795276 
vn -0.212598 0.228346 0.952756 
vn -0.669291 0.188976 0.716535 
vn 0.992126 0.0944882 -0.0393701 
vn 0.984252 0.15748 -0.0866142 
vn 0.968504 0.11811 0.23622 
vn 0.984252 0.0866142 -0.149606 
vn 0.976378 0.110236 0.173228 
vn 0.952756 0.11811 0.267717 
vn 0.622047 0.141732 0.771654 
vn 0.606299 0.11811 0.787402 
vn 0.669291 0.181102 0.716535 
vn 0 -1 0 
vn 0 -1 0 
vn 0 -1 0 
vn 0 -1 0 
vn 0 -1 0 
vn 0 -1 0 
vn 0 -1 0 
vn 0 -1 0 
vn 0 -1 0 
vn 0 -1 0 
vn 0 -1 0 
vn 0 -1 0 
vn 0 -1 0 
vn 0 -1 0 
vn 0 -1 0 
vn 0 -1 0 
vn 0 -1 0 
vn 0 -1 0 
vn 0.511811 0.023622 -0.858268 
vn 0.574803 0.448819 -0.685039 
vn 0.889764 0.307087 -0.338583 
vn 0.929134 0.0787402 -0.370079 
vn 0.125984 0 -0.992126 
vn 0.692913 0.559055 -0.456693 
vn 0.15748 0.496063 -0.850394 
vn 0.181102 0.84252 -0.503937 
vn 0.708661 0.110236 -0.700787 
vn 0.204724 0.11811 -0.968504 
vn -0.149606 0.496063 -0.850394 
vn -0.165354 0.84252 -0.503937 
vn -0.11811 0 -0.992126 
vn -0.559055 0.448819 -0.692913 
vn -0.692913 0.566929 -0.448819 
vn -0.716535 0.110236 -0.692913 
vn -0.188976 0.11811 -0.976378 
vn -0.897638 0.291339 -0.330709 
vn -0.503937 0.023622 -0.866142 
vn -0.984252 0.15748 -0.0866142 
vn -0.984252 0.0866142 -0.141732 
vn -0.992126 0.0944882 -0.0393701 
vn -0.929134 0.0787402 -0.354331 
vn -0.968504 0.110236 0.228346 
vn -0.984252 0.102362 0.165354 
vn -0.96063 0.11811 0.259843 
vn -0.598425 0.11811 0.795276 
vn -0.614173 0.141732 0.779528 
vn -0.669291 0.188976 0.716535 
vn 0 1 0 
vn 0 1 0 
vn 0 1 0 
vn 0 1 0 
vn 0 1 0 
vn 0 1 0 
vn 0 1 0 
vn 0 1 0 
vn 0 1 0 
vn 0 1 0 
vn 0 1 0 
vn 0 1 0 
vn 0 1 0 
vn 0 1 0 
vn 0 1 0 
vn 0 1 0 
vn 0 1 0 
vn 0 1 0 
vn 0 1 0 
vn 0 1 0 
vn 0 1 0 
vn 0 1 0 
vn 0 1 0 
vn 0 1 0 
vn 0 1 0 
vn 0 1 0 
vn 0 1 0 
vn 0 1 0 
vn 0 1 0 
vn 0 1 0 

vt 0.80651 0.486921 
vt 0.783871 0.486921 
vt 0.783726 0.475128 
vt 0.80651 0.475128 
vt 0.80651 0.48981 
vt 0.761764 0.486921 
vt 0.759222 0.475128 
vt 0.784039 0.489812 
vt 0.744983 0.486921 
vt 0.744983 0.475128 
vt 0.762584 0.489812 
vt 0.744983 0.48981 
vt 0.800831 0.49465 
vt 0.807187 0.503415 
vt 0.768931 0.503415 
vt 0.807187 0.509355 
vt 0.768931 0.509355 
vt 0.768931 0.49465 
vt 0.745248 0.506203 
vt 0.745248 0.49465 
vt 0.745248 0.509354 
vt 0.936353 0.447577 
vt 0.949061 0.447577 
vt 0.948877 0.486828 
vt 0.936353 0.486799 
vt 0.960786 0.447577 
vt 0.960584 0.486855 
vt 0.948771 0.509301 
vt 0.936353 0.509301 
vt 0.960468 0.509301 
vt 0.972566 0.486883 
vt 0.97245 0.509301 
vt 0.972768 0.447577 
vt 0.985369 0.486912 
vt 0.985263 0.509301 
vt 0.985553 0.447577 
vt 0.997476 0.48694 
vt 0.997476 0.509301 
vt 0.997476 0.447577 
vt 0.819663 0.49465 
vt 0.819663 0.502399 
vt 0.807294 0.499977 
vt 0.807294 0.49465 
vt 0.832313 0.49465 
vt 0.819663 0.506734 
vt 0.832313 0.502399 
vt 0.832313 0.506734 
vt 0.819663 0.509351 
vt 0.832313 0.509351 
vt 0.845276 0.502399 
vt 0.845276 0.506734 
vt 0.845276 0.49465 
vt 0.858907 0.502399 
vt 0.858907 0.506734 
vt 0.858907 0.509351 
vt 0.845276 0.509351 
vt 0.869609 0.499977 
vt 0.858907 0.49465 
vt 0.869609 0.503415 
vt 0.869609 0.509355 
vt 0.878668 0.49465 
vt 0.869609 0.49465 
vt 0.910763 0.503415 
vt 0.910763 0.509355 
vt 0.910763 0.49465 
vt 0.931369 0.49465 
vt 0.931369 0.506203 
vt 0.931369 0.509354 
vt 0.907097 0.459174 
vt 0.908633 0.465368 
vt 0.903473 0.467316 
vt 0.900964 0.459175 
vt 0.912891 0.459174 
vt 0.91344 0.46509 
vt 0.909134 0.47431 
vt 0.913619 0.47431 
vt 0.904292 0.474391 
vt 0.903526 0.481218 
vt 0.900965 0.489729 
vt 0.908702 0.483023 
vt 0.913472 0.483378 
vt 0.918381 0.483378 
vt 0.918246 0.47431 
vt 0.918911 0.459174 
vt 0.918409 0.46509 
vt 0.923599 0.483023 
vt 0.923153 0.47431 
vt 0.918832 0.48973 
vt 0.912978 0.48973 
vt 0.907259 0.48973 
vt 0.925086 0.48973 
vt 0.928548 0.481218 
vt 0.927781 0.474391 
vt 0.92367 0.465368 
vt 0.925252 0.459174 
vt 0.931109 0.459175 
vt 0.9286 0.467316 
vt 0.931108 0.489729 

usemtl Dummy1Mtl

f 259/259/259 260/260/260 261/261/261 
f 259/259/259 261/261/261 262/262/262 
f 263/263/263 260/260/260 259/259/259 
f 260/260/260 264/264/264 265/265/265 
f 260/260/260 265/265/265 261/261/261 
f 263/263/263 266/266/266 260/260/260 
f 266/266/266 264/264/264 260/260/260 
f 264/264/264 267/267/267 268/268/268 
f 264/264/264 268/268/268 265/265/265 
f 269/269/269 267/267/267 264/264/264 
f 266/266/266 269/269/269 264/264/264 
f 269/269/269 270/270/270 267/267/267 
f 271/271/271 272/272/272 273/273/273 
f 272/272/272 274/274/274 275/275/275 
f 272/272/272 275/275/275 273/273/273 
f 271/271/271 273/273/273 276/276/276 
f 273/273/273 277/277/277 278/278/278 
f 273/273/273 278/278/278 276/276/276 
f 275/275/275 277/277/277 273/273/273 
f 275/275/275 279/279/279 277/277/277 
f 280/280/280 281/281/281 282/282/282 
f 280/280/280 282/282/282 283/283/283 
f 281/281/281 284/284/284 285/285/285 
f 281/281/281 285/285/285 282/282/282 
f 282/282/282 286/286/286 287/287/287 
f 282/282/282 287/287/287 283/283/283 
f 285/285/285 286/286/286 282/282/282 
f 285/285/285 288/288/288 286/286/286 
f 285/285/285 289/289/289 290/290/290 
f 285/285/285 290/290/290 288/288/288 
f 284/284/284 289/289/289 285/285/285 
f 284/284/284 291/291/291 289/289/289 
f 289/289/289 292/292/292 293/293/293 
f 289/289/289 293/293/293 290/290/290 
f 294/294/294 292/292/292 289/289/289 
f 294/294/294 289/289/289 291/291/291 
f 292/292/292 295/295/295 296/296/296 
f 292/292/292 296/296/296 293/293/293 
f 297/297/297 295/295/295 292/292/292 
f 297/297/297 292/292/292 294/294/294 
f 298/298/298 299/299/299 300/300/300 
f 298/298/298 300/300/300 301/301/301 
f 302/302/302 299/299/299 298/298/298 
f 303/303/303 300/300/300 299/299/299 
f 299/299/299 304/304/304 305/305/305 
f 299/299/299 305/305/305 303/303/303 
f 302/302/302 304/304/304 299/299/299 
f 271/271/271 301/301/301 300/300/300 
f 271/271/271 300/300/300 272/272/272 
f 303/303/303 272/272/272 300/300/300 
f 303/303/303 306/306/306 274/274/274 
f 303/303/303 274/274/274 272/272/272 
f 305/305/305 306/306/306 303/303/303 
f 305/305/305 307/307/307 306/306/306 
f 305/305/305 304/304/304 308/308/308 
f 305/305/305 308/308/308 309/309/309 
f 309/309/309 307/307/307 305/305/305 
f 302/302/302 308/308/308 304/304/304 
f 302/302/302 310/310/310 308/308/308 
f 309/309/309 308/308/308 311/311/311 
f 310/310/310 311/311/311 308/308/308 
f 309/309/309 311/311/311 312/312/312 
f 309/309/309 312/312/312 313/313/313 
f 309/309/309 313/313/313 314/314/314 
f 309/309/309 314/314/314 307/307/307 
f 312/312/312 311/311/311 315/315/315 
f 316/316/316 315/315/315 311/311/311 
f 310/310/310 316/316/316 311/311/311 
f 312/312/312 317/317/317 318/318/318 
f 312/312/312 318/318/318 313/313/313 
f 312/312/312 315/315/315 317/317/317 
f 319/319/319 317/317/317 315/315/315 
f 319/319/319 315/315/315 320/320/320 
f 316/316/316 320/320/320 315/315/315 
f 319/319/319 321/321/321 317/317/317 
f 317/317/317 321/321/321 322/322/322 
f 317/317/317 322/322/322 318/318/318 
f 319/319/319 323/323/323 321/321/321 
f 321/321/321 323/323/323 324/324/324 
f 321/321/321 324/324/324 325/325/325 
f 326/326/326 322/322/322 321/321/321 
f 326/326/326 321/321/321 325/325/325 
f 327/327/327 328/328/328 329/329/329 
f 327/327/327 329/329/329 330/330/330 
f 331/331/331 328/328/328 327/327/327 
f 331/331/331 332/332/332 328/328/328 
f 329/329/329 328/328/328 333/333/333 
f 328/328/328 332/332/332 334/334/334 
f 328/328/328 334/334/334 333/333/333 
f 330/330/330 329/329/329 335/335/335 
f 329/329/329 333/333/333 335/335/335 
f 330/330/330 335/335/335 336/336/336 
f 330/330/330 336/336/336 337/337/337 
f 338/338/338 336/336/336 335/335/335 
f 338/338/338 335/335/335 333/333/333 
f 339/339/339 338/338/338 333/333/333 
f 339/339/339 333/333/333 334/334/334 
f 340/340/340 339/339/339 334/334/334 
f 340/340/340 334/334/334 341/341/341 
f 332/332/332 341/341/341 334/334/334 
f 342/342/342 343/343/343 332/332/332 
f 342/342/342 332/332/332 331/331/331 
f 332/332/332 343/343/343 341/341/341 
f 344/344/344 340/340/340 341/341/341 
f 344/344/344 341/341/341 345/345/345 
f 343/343/343 345/345/345 341/341/341 
f 346/346/346 340/340/340 344/344/344 
f 347/347/347 339/339/339 340/340/340 
f 347/347/347 340/340/340 346/346/346 
f 348/348/348 338/338/338 339/339/339 
f 348/348/348 339/339/339 347/347/347 
f 337/337/337 336/336/336 338/338/338 
f 337/337/337 338/338/338 348/348/348 
f 346/346/346 344/344/344 349/349/349 
f 349/349/349 344/344/344 350/350/350 
f 350/350/350 344/344/344 345/345/345 
f 350/350/350 345/345/345 351/351/351 
f 352/352/352 351/351/351 345/345/345 
f 343/343/343 352/352/352 345/345/345 
f 353/353/353 352/352/352 343/343/343 
f 353/353/353 343/343/343 342/342/342 
f 354/354/354 355/355/355 352/352/352 
f 354/354/354 352/352/352 353/353/353 
f 352/352/352 355/355/355 351/351/351 
f 356/356/356 350/350/350 351/351/351 
f 356/356/356 351/351/351 355/355/355 
f 349/349/349 350/350/350 356/356/356 
f 356/356/356 355/355/355 354/354/354 

g Dummy4

v -14.6674 2.00238 -39.2859 
v -14.6674 2.00238 -38.8469 
v -14.5251 2.1993 -38.8704 
v -14.5251 2.1993 -39.2754 
v -14.5245 1.99741 -39.4355 
v -14.5245 2.00552 -38.7179 
v -14.4004 2.1993 -38.8704 
v -14.4004 2.1993 -39.3145 
v -14.4002 1.99835 -39.4747 
v -14.2727 2.1993 -38.8704 
v -14.2727 2.1993 -39.3145 
v -14.2729 1.99931 -39.4747 
v -14.4002 2.00126 -38.676 
v -14.273 1.99692 -38.6764 
v -14.137 1.99227 -38.719 
v -14.1364 2.1993 -38.8704 
v -14.1364 2.1993 -39.2754 
v -14.137 2.00033 -39.4356 
v -14 2.00238 -39.2859 
v -14 2.00238 -38.8469 
v -14.6555 1.02153 -39.2704 
v -14.5295 1.02153 -39.4396 
v -14.5116 0.964315 -39.3843 
v -14.6326 0.984395 -39.2424 
v -14.6555 1.02153 -38.9497 
v -14.402 1.02153 -39.4701 
v -14.3958 0.957673 -39.4119 
v -14.4974 0.918712 -39.2481 
v -14.6143 0.954797 -39.1759 
v -14.6328 0.984372 -38.9826 
v -14.6148 0.954756 -39.0524 
v -14.5183 1.02153 -38.7892 
v -14.505 0.964455 -38.8357 
v -14.4945 0.918963 -38.9659 
v -14.5898 0.927415 -39.108 
v -14.4851 0.895426 -39.108 
v -14.3909 0.906776 -39.2642 
v -14.2772 0.957673 -39.4119 
v -14.2716 1.02153 -39.4701 
v -14.1505 0.964315 -39.3843 
v -14.2816 0.906776 -39.2642 
v -14.3865 0.881843 -39.108 
v -14.3899 0.910535 -38.9483 
v -14.2856 0.881843 -39.108 
v -14.1651 0.918712 -39.2481 
v -14.1322 1.02153 -39.4396 
v -14.0348 0.984395 -39.2424 
v -14.0531 0.954797 -39.1759 
v -14.1778 0.895426 -39.108 
v -14.2824 0.910535 -38.9483 
v -14.3935 0.959765 -38.8133 
v -14.1681 0.918963 -38.9659 
v -14.2791 0.959765 -38.8133 
v -14.0776 0.927415 -39.108 
v -14.0526 0.954756 -39.0524 
v -14.0345 0.984372 -38.9826 
v -14.1571 0.964455 -38.8357 
v -14.1434 1.02153 -38.7892 
v -14.2749 1.02153 -38.7704 
v -14.398 1.02153 -38.7704 
v -14.0119 1.02153 -38.9497 
v -14.0119 1.02153 -39.2704 
v -14.4002 1.99835 -39.4747 
v -14.5176 1.70641 -39.4292 
v -14.5245 1.99741 -39.4355 
v -14.0303 1.28467 -38.9497 
v -14.0303 1.28467 -39.2637 
v -14.0124 1.70936 -39.2768 
v -14.0124 1.70936 -38.926 
v -14.0066 1.12538 -38.9497 
v -14.1543 1.28467 -38.7783 
v -14.1402 1.12538 -38.8015 
v -14.1441 1.70338 -38.7803 
v -14.0066 1.12538 -39.2781 
v -14.1543 1.28467 -39.4201 
v -14.144 1.70814 -39.4293 
v -14.137 2.00033 -39.4356 
v -14 2.00238 -39.2859 
v -14 2.00238 -38.8469 
v -14.137 1.99227 -38.719 
v -14.2729 1.99931 -39.4747 
v -14.2751 1.70754 -39.462 
v -14.1163 1.12538 -39.4619 
v -14.2783 1.28467 -39.4437 
v -14.2668 1.12538 -39.5 
v -14.3978 1.70697 -39.462 
v -14.3943 1.28467 -39.4437 
v -14.5077 1.28467 -39.4201 
v -14.4077 1.12538 -39.5 
v -14.2716 1.02153 -39.4701 
v -14.402 1.02153 -39.4701 
v -14.1322 1.02153 -39.4396 
v -14.0119 1.02153 -39.2704 
v -14.0119 1.02153 -38.9497 
v -14.1434 1.02153 -38.7892 
v -14.5295 1.02153 -39.4396 
v -14.6555 1.02153 -39.2704 
v -14.5453 1.12538 -39.4619 
v -14.6608 1.12538 -39.2781 
v -14.6555 1.02153 -38.9497 
v -14.6371 1.28467 -39.2637 
v -14.6608 1.12538 -38.9497 
v -14.5213 1.12538 -38.8015 
v -14.5183 1.02153 -38.7892 
v -14.6371 1.28467 -38.9497 
v -14.655 1.70936 -39.2768 
v -14.655 1.70936 -38.926 
v -14.6674 2.00238 -39.2859 
v -14.5077 1.28467 -38.7783 
v -14.3991 1.12538 -38.8015 
v -14.398 1.02153 -38.7704 
v -14.3943 1.28467 -38.7632 
v -14.2749 1.02153 -38.7704 
v -14.2739 1.12538 -38.8015 
v -14.5177 1.71122 -38.7797 
v -14.3978 1.70869 -38.7487 
v -14.6674 2.00238 -38.8469 
v -14.5245 2.00552 -38.7179 
v -14.2751 1.70612 -38.7489 
v -14.273 1.99692 -38.6764 
v -14.4002 2.00126 -38.676 
v -14.2783 1.28467 -38.7632 
v -14.1543 1.28467 -38.7783 
v -14.1441 1.70338 -38.7803 
v -14.137 1.99227 -38.719 
v -14.1402 1.12538 -38.8015 
v -14.1434 1.02153 -38.7892 

vn -0.952756 0.228346 -0.19685 
vn -0.952756 0.19685 0.23622 
vn -0.559055 0.811024 0.181102 
vn -0.551181 0.818898 -0.165354 
vn -0.535433 0.188976 -0.826772 
vn -0.480315 0.110236 0.874016 
vn -0.023622 0.952756 0.307087 
vn -0.0551181 0.937008 -0.354331 
vn -0.141732 0.275591 -0.952756 
vn 0.0314961 0.952756 0.314961 
vn 0.0551181 0.937008 -0.346457 
vn 0.133858 0.283465 -0.952756 
vn -0.110236 0.220472 0.968504 
vn 0.110236 0.212598 0.968504 
vn 0.472441 0.102362 0.874016 
vn 0.551181 0.811024 0.188976 
vn 0.543307 0.826772 -0.173228 
vn 0.519685 0.19685 -0.834646 
vn 0.96063 0.220472 -0.188976 
vn 0.952756 0.19685 0.220472 
vn -0.724409 -0.629921 -0.291339 
vn -0.401575 -0.692913 -0.598425 
vn -0.346457 -0.826772 -0.433071 
vn -0.653543 -0.724409 -0.212598 
vn -0.716535 -0.614173 0.322835 
vn -0.0944882 -0.685039 -0.724409 
vn -0.0787402 -0.866142 -0.496063 
vn -0.259843 -0.937008 -0.228346 
vn -0.543307 -0.826772 -0.15748 
vn -0.661417 -0.716535 0.220472 
vn -0.559055 -0.818898 0.15748 
vn -0.409449 -0.645669 0.645669 
vn -0.346457 -0.811024 0.464567 
vn -0.259843 -0.937008 0.244094 
vn -0.385827 -0.92126 0.00787402 
vn -0.220472 -0.976378 0.00787402 
vn -0.0629921 -0.968504 -0.244094 
vn 0.0708661 -0.866142 -0.496063 
vn 0.0866142 -0.685039 -0.724409 
vn 0.338583 -0.834646 -0.440945 
vn 0.0629921 -0.968504 -0.244094 
vn -0.0629921 -1 0.00787402 
vn -0.0551181 -0.968504 0.259843 
vn 0.0551181 -1 0.00787402 
vn 0.251969 -0.937008 -0.228346 
vn 0.385827 -0.700787 -0.598425 
vn 0.669291 -0.716535 -0.204724 
vn 0.559055 -0.818898 -0.149606 
vn 0.212598 -0.976378 0.00787402 
vn 0.0551181 -0.968504 0.259843 
vn -0.0629921 -0.84252 0.535433 
vn 0.259843 -0.937008 0.244094 
vn 0.0629921 -0.84252 0.535433 
vn 0.393701 -0.92126 0.00787402 
vn 0.566929 -0.811024 0.149606 
vn 0.669291 -0.708661 0.212598 
vn 0.338583 -0.818898 0.472441 
vn 0.401575 -0.645669 0.645669 
vn 0.0708661 -0.590551 0.80315 
vn -0.0787402 -0.590551 0.80315 
vn 0.724409 -0.614173 0.314961 
vn 0.732283 -0.622047 -0.283465 
vn -0.141732 0.275591 -0.952756 
vn -0.582677 -0.0393701 -0.811024 
vn -0.535433 0.188976 -0.826772 
vn 0.968504 0 0.251969 
vn 0.968504 0.023622 -0.244094 
vn 0.968504 -0.0472441 -0.244094 
vn 0.968504 -0.0629921 0.228346 
vn 0.968504 0.0551181 0.251969 
vn 0.559055 -0.0393701 0.826772 
vn 0.559055 0.00787402 0.826772 
vn 0.566929 -0.110236 0.811024 
vn 0.968504 0.0787402 -0.23622 
vn 0.590551 0.0629921 -0.80315 
vn 0.574803 -0.0393701 -0.811024 
vn 0.519685 0.19685 -0.834646 
vn 0.96063 0.220472 -0.188976 
vn 0.952756 0.19685 0.220472 
vn 0.472441 0.102362 0.874016 
vn 0.133858 0.283465 -0.952756 
vn 0.125984 -0.0393701 -0.992126 
vn 0.622047 0.0944882 -0.771654 
vn 0.110236 0.0708661 -0.992126 
vn 0.11811 0.0866142 -0.992126 
vn -0.125984 -0.0393701 -0.992126 
vn -0.11811 0.0708661 -0.992126 
vn -0.598425 0.0629921 -0.80315 
vn -0.125984 0.0866142 -0.984252 
vn 0.11811 -0.267717 -0.952756 
vn -0.11811 -0.267717 -0.952756 
vn 0.614173 -0.220472 -0.755906 
vn 0.968504 -0.0944882 -0.212598 
vn 0.96063 -0.0314961 0.267717 
vn 0.503937 0.102362 0.858268 
vn -0.622047 -0.212598 -0.748031 
vn -0.968504 -0.102362 -0.220472 
vn -0.629921 0.0944882 -0.771654 
vn -0.968504 0.0787402 -0.244094 
vn -0.96063 -0.0314961 0.283465 
vn -0.968504 0.023622 -0.251969 
vn -0.96063 0.0551181 0.267717 
vn -0.566929 0.015748 0.826772 
vn -0.511811 0.0944882 0.850394 
vn -0.968504 0 0.259843 
vn -0.968504 -0.0472441 -0.259843 
vn -0.968504 -0.0629921 0.244094 
vn -0.952756 0.228346 -0.19685 
vn -0.566929 -0.0393701 0.818898 
vn -0.0314961 -0.023622 1 
vn -0.0393701 0.244094 0.968504 
vn -0.0787402 -0.0787402 0.992126 
vn 0.0314961 0.244094 0.968504 
vn 0.0314961 -0.023622 1 
vn -0.574803 -0.110236 0.811024 
vn -0.11811 -0.11811 0.984252 
vn -0.952756 0.19685 0.23622 
vn -0.480315 0.110236 0.874016 
vn 0.110236 -0.11811 0.984252 
vn 0.110236 0.212598 0.968504 
vn -0.110236 0.220472 0.968504 
vn 0.0787402 -0.0787402 0.992126 
vn 0.559055 -0.0393701 0.826772 
vn 0.566929 -0.110236 0.811024 
vn 0.472441 0.102362 0.874016 
vn 0.559055 0.00787402 0.826772 
vn 0.503937 0.102362 0.858268 

vt 0.533834 0.720363 
vt 0.498265 0.720363 
vt 0.498265 0.70768 
vt 0.533834 0.70768 
vt 0.548283 0.70768 
vt 0.487211 0.70768 
vt 0.498265 0.696891 
vt 0.533834 0.696891 
vt 0.548283 0.696891 
vt 0.498265 0.682999 
vt 0.533834 0.682999 
vt 0.548283 0.682999 
vt 0.487211 0.696891 
vt 0.487211 0.682999 
vt 0.487211 0.670074 
vt 0.498265 0.670074 
vt 0.533834 0.670074 
vt 0.548283 0.670074 
vt 0.533834 0.658144 
vt 0.498265 0.658144 
vt 0.5837 0.692933 
vt 0.577735 0.692934 
vt 0.577127 0.688366 
vt 0.582802 0.688365 
vt 0.5837 0.662615 
vt 0.5717 0.692934 
vt 0.571487 0.688366 
vt 0.576643 0.684725 
vt 0.582086 0.684724 
vt 0.582822 0.666705 
vt 0.582123 0.669965 
vt 0.577203 0.662614 
vt 0.576759 0.666705 
vt 0.576406 0.669965 
vt 0.580589 0.677112 
vt 0.57563 0.677113 
vt 0.571318 0.684725 
vt 0.565714 0.688366 
vt 0.565523 0.692934 
vt 0.559546 0.688366 
vt 0.565867 0.684725 
vt 0.570963 0.677113 
vt 0.571232 0.669965 
vt 0.566187 0.677113 
vt 0.560043 0.684725 
vt 0.558923 0.692934 
vt 0.554126 0.688365 
vt 0.554842 0.684724 
vt 0.561083 0.677113 
vt 0.565937 0.669965 
vt 0.571355 0.666705 
vt 0.56028 0.669965 
vt 0.565824 0.666705 
vt 0.556339 0.677112 
vt 0.554805 0.669965 
vt 0.554106 0.666705 
vt 0.559914 0.666705 
vt 0.559454 0.662614 
vt 0.565681 0.662614 
vt 0.571509 0.662614 
vt 0.553228 0.662615 
vt 0.553228 0.692933 
vt 0.585373 0.6577 
vt 0.594694 0.642196 
vt 0.595699 0.6577 
vt 0.512527 0.611449 
vt 0.549195 0.611449 
vt 0.549195 0.642196 
vt 0.510977 0.642196 
vt 0.513301 0.602488 
vt 0.487435 0.611449 
vt 0.487435 0.602488 
vt 0.487435 0.642196 
vt 0.549195 0.602488 
vt 0.564623 0.611449 
vt 0.565355 0.642196 
vt 0.564321 0.6577 
vt 0.549195 0.6577 
vt 0.50627 0.6577 
vt 0.487435 0.6577 
vt 0.575456 0.6577 
vt 0.575706 0.642196 
vt 0.563546 0.602488 
vt 0.57466 0.611449 
vt 0.57481 0.602488 
vt 0.585204 0.642196 
vt 0.58445 0.611449 
vt 0.594298 0.611449 
vt 0.585606 0.602488 
vt 0.575499 0.595811 
vt 0.585437 0.595811 
vt 0.564188 0.595811 
vt 0.549195 0.595811 
vt 0.513272 0.595811 
vt 0.487435 0.595811 
vt 0.594956 0.595811 
vt 0.611617 0.595811 
vt 0.595621 0.602488 
vt 0.611457 0.602488 
vt 0.644117 0.595811 
vt 0.611617 0.611449 
vt 0.644003 0.602488 
vt 0.673649 0.602488 
vt 0.673556 0.595811 
vt 0.644645 0.611449 
vt 0.611617 0.642196 
vt 0.646162 0.642197 
vt 0.611617 0.6577 
vt 0.673556 0.611449 
vt 0.69446 0.602488 
vt 0.695089 0.595811 
vt 0.694649 0.611449 
vt 0.714604 0.595811 
vt 0.714358 0.602488 
vt 0.673556 0.642197 
vt 0.692085 0.642197 
vt 0.650636 0.6577 
vt 0.673556 0.6577 
vt 0.711586 0.642197 
vt 0.710598 0.6577 
vt 0.69065 0.6577 
vt 0.712888 0.611449 
vt 0.735826 0.611449 
vt 0.735826 0.642197 
vt 0.735826 0.6577 
vt 0.735826 0.602488 
vt 0.735826 0.595811 

usemtl Dummy1Mtl

f 357/357/357 358/358/358 359/359/359 
f 357/357/357 359/359/359 360/360/360 
f 360/360/360 361/361/361 357/357/357 
f 359/359/359 358/358/358 362/362/362 
f 363/363/363 359/359/359 362/362/362 
f 360/360/360 359/359/359 363/363/363 
f 360/360/360 363/363/363 364/364/364 
f 364/364/364 361/361/361 360/360/360 
f 364/364/364 365/365/365 361/361/361 
f 364/364/364 363/363/363 366/366/366 
f 364/364/364 366/366/366 367/367/367 
f 368/368/368 365/365/365 364/364/364 
f 368/368/368 364/364/364 367/367/367 
f 363/363/363 362/362/362 369/369/369 
f 366/366/366 363/363/363 369/369/369 
f 366/366/366 370/370/370 371/371/371 
f 366/366/366 371/371/371 372/372/372 
f 373/373/373 367/367/367 366/366/366 
f 373/373/373 366/366/366 372/372/372 
f 366/366/366 369/369/369 370/370/370 
f 374/374/374 368/368/368 367/367/367 
f 374/374/374 367/367/367 373/373/373 
f 375/375/375 373/373/373 372/372/372 
f 375/375/375 374/374/374 373/373/373 
f 376/376/376 372/372/372 371/371/371 
f 375/375/375 372/372/372 376/376/376 
f 377/377/377 378/378/378 379/379/379 
f 377/377/377 379/379/379 380/380/380 
f 381/381/381 377/377/377 380/380/380 
f 378/378/378 382/382/382 383/383/383 
f 378/378/378 383/383/383 379/379/379 
f 379/379/379 384/384/384 385/385/385 
f 379/379/379 385/385/385 380/380/380 
f 383/383/383 384/384/384 379/379/379 
f 381/381/381 380/380/380 386/386/386 
f 380/380/380 385/385/385 387/387/387 
f 380/380/380 387/387/387 386/386/386 
f 388/388/388 381/381/381 386/386/386 
f 388/388/388 386/386/386 389/389/389 
f 386/386/386 387/387/387 390/390/390 
f 386/386/386 390/390/390 389/389/389 
f 387/387/387 391/391/391 392/392/392 
f 387/387/387 392/392/392 390/390/390 
f 385/385/385 391/391/391 387/387/387 
f 384/384/384 391/391/391 385/385/385 
f 384/384/384 392/392/392 391/391/391 
f 393/393/393 392/392/392 384/384/384 
f 383/383/383 393/393/393 384/384/384 
f 382/382/382 394/394/394 383/383/383 
f 394/394/394 393/393/393 383/383/383 
f 382/382/382 395/395/395 394/394/394 
f 395/395/395 396/396/396 394/394/394 
f 396/396/396 397/397/397 394/394/394 
f 394/394/394 397/397/397 393/393/393 
f 393/393/393 398/398/398 392/392/392 
f 397/397/397 398/398/398 393/393/393 
f 390/390/390 392/392/392 398/398/398 
f 390/390/390 398/398/398 399/399/399 
f 389/389/389 390/390/390 399/399/399 
f 397/397/397 400/400/400 398/398/398 
f 399/399/399 398/398/398 400/400/400 
f 401/401/401 400/400/400 397/397/397 
f 396/396/396 401/401/401 397/397/397 
f 402/402/402 403/403/403 396/396/396 
f 395/395/395 402/402/402 396/396/396 
f 403/403/403 401/401/401 396/396/396 
f 404/404/404 405/405/405 401/401/401 
f 401/401/401 405/405/405 400/400/400 
f 403/403/403 404/404/404 401/401/401 
f 406/406/406 400/400/400 405/405/405 
f 399/399/399 400/400/400 406/406/406 
f 389/389/389 399/399/399 407/407/407 
f 407/407/407 399/399/399 406/406/406 
f 406/406/406 405/405/405 408/408/408 
f 409/409/409 406/406/406 408/408/408 
f 407/407/407 406/406/406 409/409/409 
f 404/404/404 410/410/410 405/405/405 
f 408/408/408 405/405/405 410/410/410 
f 411/411/411 410/410/410 404/404/404 
f 404/404/404 403/403/403 412/412/412 
f 404/404/404 412/412/412 411/411/411 
f 408/408/408 410/410/410 411/411/411 
f 413/413/413 408/408/408 411/411/411 
f 409/409/409 408/408/408 413/413/413 
f 414/414/414 415/415/415 409/409/409 
f 414/414/414 409/409/409 413/413/413 
f 415/415/415 407/407/407 409/409/409 
f 416/416/416 389/389/389 407/407/407 
f 415/415/415 416/416/416 407/407/407 
f 416/416/416 388/388/388 389/389/389 
f 417/417/417 414/414/414 413/413/413 
f 417/417/417 413/413/413 412/412/412 
f 413/413/413 411/411/411 412/412/412 
f 403/403/403 417/417/417 412/412/412 
f 403/403/403 418/418/418 417/417/417 
f 402/402/402 418/418/418 403/403/403 
f 419/419/419 420/420/420 421/421/421 
f 422/422/422 423/423/423 424/424/424 
f 422/422/422 424/424/424 425/425/425 
f 426/426/426 423/423/423 422/422/422 
f 422/422/422 427/427/427 428/428/428 
f 422/422/422 428/428/428 426/426/426 
f 429/429/429 427/427/427 422/422/422 
f 429/429/429 422/422/422 425/425/425 
f 426/426/426 430/430/430 423/423/423 
f 430/430/430 431/431/431 423/423/423 
f 431/431/431 424/424/424 423/423/423 
f 431/431/431 432/432/432 424/424/424 
f 424/424/424 432/432/432 433/433/433 
f 424/424/424 433/433/433 434/434/434 
f 425/425/425 424/424/424 434/434/434 
f 425/425/425 434/434/434 435/435/435 
f 435/435/435 429/429/429 425/425/425 
f 435/435/435 436/436/436 429/429/429 
f 432/432/432 437/437/437 433/433/433 
f 438/438/438 432/432/432 431/431/431 
f 432/432/432 438/438/438 437/437/437 
f 430/430/430 439/439/439 431/431/431 
f 438/438/438 431/431/431 440/440/440 
f 441/441/441 440/440/440 431/431/431 
f 441/441/441 431/431/431 439/439/439 
f 442/442/442 438/438/438 440/440/440 
f 442/442/442 437/437/437 438/438/438 
f 442/442/442 419/419/419 437/437/437 
f 442/442/442 443/443/443 444/444/444 
f 442/442/442 444/444/444 420/420/420 
f 442/442/442 440/440/440 443/443/443 
f 419/419/419 442/442/442 420/420/420 
f 441/441/441 443/443/443 440/440/440 
f 441/441/441 445/445/445 443/443/443 
f 446/446/446 441/441/441 439/439/439 
f 447/447/447 445/445/445 441/441/441 
f 447/447/447 441/441/441 446/446/446 
f 448/448/448 439/439/439 430/430/430 
f 446/446/446 439/439/439 448/448/448 
f 448/448/448 430/430/430 449/449/449 
f 449/449/449 430/430/430 426/426/426 
f 449/449/449 426/426/426 450/450/450 
f 428/428/428 450/450/450 426/426/426 
f 428/428/428 451/451/451 450/450/450 
f 452/452/452 445/445/445 447/447/447 
f 453/453/453 454/454/454 452/452/452 
f 452/452/452 454/454/454 445/445/445 
f 453/453/453 455/455/455 454/454/454 
f 456/456/456 455/455/455 453/453/453 
f 455/455/455 444/444/444 454/454/454 
f 445/445/445 454/454/454 444/444/444 
f 455/455/455 457/457/457 444/444/444 
f 458/458/458 457/457/457 455/455/455 
f 456/456/456 458/458/458 455/455/455 
f 459/459/459 458/458/458 456/456/456 
f 459/459/459 456/456/456 460/460/460 
f 461/461/461 458/458/458 459/459/459 
f 458/458/458 461/461/461 457/457/457 
f 461/461/461 462/462/462 457/457/457 
f 420/420/420 444/444/444 457/457/457 
f 420/420/420 457/457/457 462/462/462 
f 445/445/445 444/444/444 443/443/443 
f 461/461/461 463/463/463 462/462/462 
f 421/421/421 420/420/420 462/462/462 
f 421/421/421 462/462/462 464/464/464 
f 463/463/463 464/464/464 462/462/462 
f 461/461/461 459/459/459 465/465/465 
f 463/463/463 461/461/461 465/465/465 
f 465/465/465 459/459/459 466/466/466 
f 466/466/466 459/459/459 460/460/460 
f 466/466/466 460/460/460 467/467/467 
f 465/465/465 466/466/466 468/468/468 
f 466/466/466 467/467/467 469/469/469 
f 466/466/466 469/469/469 470/470/470 
f 468/468/468 466/466/466 470/470/470 
f 463/463/463 465/465/465 471/471/471 
f 472/472/472 471/471/471 465/465/465 
f 472/472/472 465/465/465 468/468/468 
f 473/473/473 463/463/463 471/471/471 
f 463/463/463 473/473/473 464/464/464 
f 474/474/474 471/471/471 472/472/472 
f 473/473/473 471/471/471 474/474/474 
f 475/475/475 472/472/472 468/468/468 
f 476/476/476 477/477/477 472/472/472 
f 476/476/476 472/472/472 475/475/475 
f 474/474/474 472/472/472 477/477/477 
f 468/468/468 470/470/470 478/478/478 
f 475/475/475 468/468/468 478/478/478 
f 475/475/475 478/478/478 479/479/479 
f 475/475/475 479/479/479 480/480/480 
f 481/481/481 476/476/476 475/475/475 
f 481/481/481 475/475/475 480/480/480 
f 479/479/479 478/478/478 470/470/470 
f 479/479/479 470/470/470 482/482/482 
f 470/470/470 483/483/483 482/482/482 
f 470/470/470 469/469/469 483/483/483 

g Dummy5

v -14.689 0.447903 -39.2987 
v -14.5444 0.447739 -39.4661 
v -14.5426 0.400355 -39.4404 
v -14.6814 0.400125 -39.2768 
v -14.689 0.448325 -38.8662 
v -14.4079 0.447701 -39.5047 
v -14.4075 0.400458 -39.4874 
v -14.5334 0.351775 -39.3781 
v -14.6606 0.351059 -39.2333 
v -14.6812 0.400123 -38.8838 
v -14.6603 0.35049 -38.9212 
v -14.5406 0.448504 -38.6829 
v -14.5395 0.399905 -38.712 
v -14.5312 0.349779 -38.7779 
v -14.6397 0.304204 -39.073 
v -14.5135 0.277939 -39.073 
v -14.4046 0.352048 -39.4308 
v -14.2662 0.400458 -39.4874 
v -14.2659 0.447701 -39.5047 
v -14.1183 0.400355 -39.4404 
v -14.2689 0.352048 -39.4308 
v -14.3967 0.26431 -39.073 
v -14.4033 0.349452 -38.7102 
v -14.2761 0.26431 -39.073 
v -14.1278 0.351775 -39.3781 
v -14.1164 0.447739 -39.4661 
v -13.986 0.400125 -39.2768 
v -14.0068 0.351059 -39.2333 
v -14.1483 0.277938 -39.073 
v -14.27 0.349452 -38.7102 
v -14.4058 0.39979 -38.6457 
v -14.1301 0.349779 -38.7779 
v -14.2678 0.39979 -38.6457 
v -14.0277 0.304204 -39.073 
v -14.0071 0.35049 -38.9212 
v -13.9862 0.400123 -38.8838 
v -13.9784 0.447903 -39.2987 
v -13.9784 0.448325 -38.8662 
v -14.1216 0.399905 -38.712 
v -14.1204 0.448504 -38.6829 
v -14.2678 0.448563 -38.6227 
v -14.4058 0.448563 -38.6227 
v -14.5295 1.02153 -39.4398 
v -14.6555 1.02153 -39.2706 
v -14.6209 1.06727 -39.2314 
v -14.5191 1.06709 -39.3918 
v -14.402 1.02153 -39.4702 
v -14.6555 1.02153 -38.9498 
v -14.6208 1.06734 -38.9927 
v -14.5844 1.11746 -39.1706 
v -14.5033 1.11715 -39.3141 
v -14.3985 1.06704 -39.423 
v -14.3931 1.11706 -39.3399 
v -14.2716 1.02153 -39.4702 
v -14.2747 1.06704 -39.423 
v -14.2797 1.11706 -39.3399 
v -14.3871 1.16841 -39.1151 
v -14.285 1.16841 -39.1151 
v -14.4869 1.1532 -39.1151 
v -14.5593 1.131 -39.1152 
v -14.5843 1.11759 -39.0571 
v -14.4988 1.11789 -38.917 
v -14.3912 1.11797 -38.8988 
v -14.2812 1.11797 -38.8988 
v -14.1636 1.11789 -38.917 
v -14.1759 1.1532 -39.1151 
v -14.1591 1.11715 -39.3141 
v -14.0831 1.11759 -39.0571 
v -14.1081 1.131 -39.1152 
v -14.0466 1.06734 -38.9927 
v -14.1501 1.06752 -38.8383 
v -14.277 1.06756 -38.8174 
v -14.3958 1.06756 -38.8174 
v -14.2749 1.02153 -38.7705 
v -14.398 1.02153 -38.7705 
v -14.1434 1.02153 -38.7893 
v -14.0119 1.02153 -38.9498 
v -14.0465 1.06727 -39.2314 
v -14.083 1.11746 -39.1706 
v -14.1428 1.06709 -39.3918 
v -14.0119 1.02153 -39.2706 
v -14.1322 1.02153 -39.4398 
v -14.5183 1.02153 -38.7893 
v -14.5118 1.06752 -38.8383 
v -14.6508 0.930088 -38.9498 
v -14.689 0.448325 -38.8662 
v -14.5406 0.448504 -38.6829 
v -14.5156 0.930088 -38.7784 
v -14.6508 0.930088 -39.2638 
v -14.6555 1.02153 -38.9498 
v -14.689 0.447903 -39.2987 
v -14.5156 0.930088 -39.4202 
v -14.6555 1.02153 -39.2706 
v -14.5183 1.02153 -38.7893 
v -14.3971 0.930088 -38.743 
v -14.4058 0.448563 -38.6227 
v -14.2678 0.448563 -38.6227 
v -14.2758 0.930088 -38.743 
v -14.398 1.02153 -38.7705 
v -14.1204 0.448504 -38.6829 
v -14.1462 0.930088 -38.7784 
v -14.2749 1.02153 -38.7705 
v -14.1434 1.02153 -38.7893 
v -14.5295 1.02153 -39.4398 
v -14.402 1.02153 -39.4702 
v -14.3971 0.930088 -39.4438 
v -14.5444 0.447739 -39.4661 
v -14.2716 1.02153 -39.4702 
v -14.2758 0.930088 -39.4438 
v -14.4079 0.447701 -39.5047 
v -14.1462 0.930088 -39.4202 
v -14.1322 1.02153 -39.4398 
v -14.2659 0.447701 -39.5047 
v -14.0119 1.02153 -39.2706 
v -14.0166 0.930088 -39.2638 
v -14.1164 0.447739 -39.4661 
v -14.0119 1.02153 -38.9498 
v -14.0166 0.930088 -38.9498 
v -13.9784 0.447903 -39.2987 
v -14.1434 1.02153 -38.7893 
v -14.1462 0.930088 -38.7784 
v -14.1204 0.448504 -38.6829 
v -13.9784 0.448325 -38.8662 

vn -0.913386 -0.275591 -0.299213 
vn -0.519685 -0.401575 -0.755906 
vn -0.488189 -0.582677 -0.653543 
vn -0.889764 -0.401575 -0.23622 
vn -0.92126 -0.259843 0.291339 
vn -0.133858 -0.377953 -0.913386 
vn -0.125984 -0.614173 -0.779528 
vn -0.228346 -0.92126 -0.322835 
vn -0.551181 -0.811024 -0.204724 
vn -0.889764 -0.393701 0.244094 
vn -0.559055 -0.80315 0.212598 
vn -0.566929 -0.401575 0.716535 
vn -0.527559 -0.582677 0.622047 
vn -0.244094 -0.913386 0.322835 
vn -0.354331 -0.937008 0 
vn -0.165354 -0.984252 0 
vn -0.0629921 -0.944882 -0.330709 
vn 0.125984 -0.614173 -0.779528 
vn 0.133858 -0.377953 -0.913386 
vn 0.480315 -0.590551 -0.653543 
vn 0.0551181 -0.944882 -0.330709 
vn -0.0551181 -1 -0.00787402 
vn -0.0787402 -0.944882 0.322835 
vn 0.0472441 -1 -0.00787402 
vn 0.220472 -0.92126 -0.322835 
vn 0.503937 -0.401575 -0.76378 
vn 0.889764 -0.393701 -0.228346 
vn 0.559055 -0.80315 -0.19685 
vn 0.15748 -0.984252 0 
vn 0.0708661 -0.944882 0.322835 
vn -0.173228 -0.645669 0.740157 
vn 0.23622 -0.92126 0.314961 
vn 0.165354 -0.653543 0.740157 
vn 0.370079 -0.929134 0 
vn 0.566929 -0.795276 0.204724 
vn 0.889764 -0.385827 0.228346 
vn 0.92126 -0.267717 -0.291339 
vn 0.929134 -0.259843 0.275591 
vn 0.519685 -0.582677 0.622047 
vn 0.551181 -0.409449 0.724409 
vn 0.181102 -0.440945 0.874016 
vn -0.188976 -0.440945 0.874016 
vn -0.393701 0.732283 -0.559055 
vn -0.700787 0.669291 -0.244094 
vn -0.708661 0.685039 -0.188976 
vn -0.401575 0.771654 -0.488189 
vn -0.0787402 0.724409 -0.685039 
vn -0.685039 0.677165 0.267717 
vn -0.692913 0.692913 0.19685 
vn -0.566929 0.811024 -0.141732 
vn -0.275591 0.913386 -0.307087 
vn -0.0708661 0.80315 -0.598425 
vn -0.0472441 0.944882 -0.322835 
vn 0.0787402 0.724409 -0.685039 
vn 0.0708661 0.80315 -0.598425 
vn 0.0472441 0.944882 -0.322835 
vn -0.0472441 1 0 
vn 0.0393701 1 0 
vn -0.149606 0.992126 0 
vn -0.283465 0.96063 0 
vn -0.566929 0.811024 0.141732 
vn -0.267717 0.913386 0.314961 
vn -0.0472441 0.944882 0.322835 
vn 0.0393701 0.944882 0.322835 
vn 0.251969 0.913386 0.314961 
vn 0.141732 0.992126 0 
vn 0.267717 0.913386 -0.307087 
vn 0.574803 0.80315 0.133858 
vn 0.299213 0.952756 0 
vn 0.700787 0.685039 0.188976 
vn 0.370079 0.779528 0.503937 
vn 0.0472441 0.795276 0.606299 
vn -0.0551181 0.795276 0.606299 
vn 0.0551181 0.716535 0.692913 
vn -0.0551181 0.716535 0.692913 
vn 0.346457 0.732283 0.582677 
vn 0.685039 0.677165 0.259843 
vn 0.708661 0.677165 -0.181102 
vn 0.582677 0.80315 -0.133858 
vn 0.393701 0.779528 -0.488189 
vn 0.708661 0.669291 -0.23622 
vn 0.385827 0.732283 -0.566929 
vn -0.362205 0.732283 0.574803 
vn -0.377953 0.779528 0.503937 
vn -0.968504 0.0944882 0.228346 
vn -0.952756 0.11811 0.275591 
vn -0.622047 0.188976 0.76378 
vn -0.629921 0.173228 0.755906 
vn -0.968504 0.0629921 -0.244094 
vn -0.96063 -0.0314961 0.267717 
vn -0.96063 0.0944882 -0.259843 
vn -0.582677 0.0629921 -0.811024 
vn -0.952756 -0.102362 -0.267717 
vn -0.614173 0.0787402 0.787402 
vn -0.165354 0.23622 0.96063 
vn -0.173228 0.23622 0.952756 
vn 0.165354 0.23622 0.96063 
vn 0.165354 0.23622 0.96063 
vn -0.110236 0.244094 0.96063 
vn 0.614173 0.19685 0.76378 
vn 0.622047 0.181102 0.76378 
vn 0.102362 0.244094 0.968504 
vn 0.606299 0.0787402 0.795276 
vn -0.590551 -0.212598 -0.779528 
vn -0.102362 -0.267717 -0.96063 
vn -0.11811 0.0629921 -0.992126 
vn -0.582677 0.11811 -0.80315 
vn 0.102362 -0.267717 -0.96063 
vn 0.110236 0.0629921 -0.992126 
vn -0.11811 0.11811 -0.984252 
vn 0.574803 0.0629921 -0.811024 
vn 0.574803 -0.212598 -0.787402 
vn 0.110236 0.11811 -0.984252 
vn 0.96063 -0.102362 -0.259843 
vn 0.968504 0.0629921 -0.23622 
vn 0.574803 0.11811 -0.811024 
vn 0.968504 -0.0314961 0.259843 
vn 0.968504 0.0944882 0.220472 
vn 0.96063 0.0944882 -0.251969 
vn 0.606299 0.0787402 0.795276 
vn 0.622047 0.181102 0.76378 
vn 0.614173 0.19685 0.76378 
vn 0.96063 0.11811 0.259843 

vt 0.552416 0.54431 
vt 0.546227 0.544311 
vt 0.545898 0.540685 
vt 0.551672 0.539176 
vt 0.552415 0.514118 
vt 0.540381 0.544311 
vt 0.540278 0.541167 
vt 0.545515 0.536467 
vt 0.550806 0.533202 
vt 0.551665 0.519671 
vt 0.550794 0.526132 
vt 0.546064 0.514118 
vt 0.545768 0.518112 
vt 0.545424 0.52276 
vt 0.550306 0.529749 
vt 0.544906 0.529748 
vt 0.540158 0.537509 
vt 0.5344 0.541167 
vt 0.534306 0.544311 
vt 0.528246 0.540685 
vt 0.53451 0.537509 
vt 0.539903 0.529748 
vt 0.540104 0.52167 
vt 0.534743 0.529748 
vt 0.52864 0.536467 
vt 0.527907 0.544311 
vt 0.522741 0.539176 
vt 0.523607 0.533202 
vt 0.529269 0.529749 
vt 0.534558 0.52167 
vt 0.540206 0.517609 
vt 0.528735 0.52276 
vt 0.534466 0.517609 
vt 0.524107 0.529749 
vt 0.523619 0.526132 
vt 0.522748 0.519671 
vt 0.521997 0.54431 
vt 0.521998 0.514118 
vt 0.52838 0.518112 
vt 0.528075 0.514118 
vt 0.534386 0.514117 
vt 0.540293 0.514117 
vt 0.511282 0.514035 
vt 0.517234 0.514055 
vt 0.516114 0.521514 
vt 0.511126 0.518929 
vt 0.505262 0.514031 
vt 0.517234 0.544572 
vt 0.516112 0.537163 
vt 0.515307 0.526886 
vt 0.511013 0.522452 
vt 0.505212 0.518395 
vt 0.505177 0.521536 
vt 0.499099 0.514031 
vt 0.499142 0.518395 
vt 0.499173 0.521536 
vt 0.505088 0.529379 
vt 0.49925 0.529379 
vt 0.510792 0.52938 
vt 0.514933 0.52938 
vt 0.515304 0.531828 
vt 0.510774 0.536149 
vt 0.50508 0.537046 
vt 0.499254 0.537046 
vt 0.493027 0.536149 
vt 0.493013 0.52938 
vt 0.492788 0.522452 
vt 0.488764 0.531828 
vt 0.489135 0.52938 
vt 0.487956 0.537163 
vt 0.493035 0.539675 
vt 0.499255 0.540197 
vt 0.505076 0.540197 
vt 0.499257 0.544573 
vt 0.505072 0.544573 
vt 0.493045 0.544572 
vt 0.486834 0.544572 
vt 0.487954 0.521514 
vt 0.48876 0.526886 
vt 0.492674 0.518929 
vt 0.486834 0.514055 
vt 0.492515 0.514035 
vt 0.510752 0.544572 
vt 0.510765 0.539675 
vt 0.644217 0.589292 
vt 0.648298 0.54948 
vt 0.673556 0.54948 
vt 0.673556 0.589292 
vt 0.611617 0.589292 
vt 0.644117 0.595811 
vt 0.611617 0.54948 
vt 0.59437 0.589292 
vt 0.611617 0.595811 
vt 0.673556 0.595811 
vt 0.695643 0.589292 
vt 0.696298 0.54948 
vt 0.718013 0.54948 
vt 0.714821 0.589292 
vt 0.695089 0.595811 
vt 0.735826 0.54948 
vt 0.735826 0.589292 
vt 0.714604 0.595811 
vt 0.735826 0.595811 
vt 0.594956 0.595811 
vt 0.585437 0.595811 
vt 0.58546 0.589292 
vt 0.599307 0.549479 
vt 0.575499 0.595811 
vt 0.576223 0.589292 
vt 0.585703 0.549479 
vt 0.564754 0.589292 
vt 0.564188 0.595811 
vt 0.572014 0.549479 
vt 0.549195 0.595811 
vt 0.549195 0.589292 
vt 0.558851 0.549479 
vt 0.513272 0.595811 
vt 0.513246 0.589292 
vt 0.549195 0.54948 
vt 0.487435 0.595811 
vt 0.487435 0.589292 
vt 0.487435 0.54948 
vt 0.509466 0.54948 

usemtl Dummy1Mtl

f 484/484/484 485/485/485 486/486/486 
f 484/484/484 486/486/486 487/487/487 
f 488/488/488 484/484/484 487/487/487 
f 485/485/485 489/489/489 490/490/490 
f 485/485/485 490/490/490 486/486/486 
f 486/486/486 491/491/491 492/492/492 
f 486/486/486 492/492/492 487/487/487 
f 490/490/490 491/491/491 486/486/486 
f 488/488/488 487/487/487 493/493/493 
f 487/487/487 492/492/492 494/494/494 
f 487/487/487 494/494/494 493/493/493 
f 495/495/495 488/488/488 493/493/493 
f 495/495/495 493/493/493 496/496/496 
f 493/493/493 494/494/494 497/497/497 
f 493/493/493 497/497/497 496/496/496 
f 494/494/494 498/498/498 499/499/499 
f 494/494/494 499/499/499 497/497/497 
f 492/492/492 498/498/498 494/494/494 
f 491/491/491 498/498/498 492/492/492 
f 491/491/491 499/499/499 498/498/498 
f 500/500/500 499/499/499 491/491/491 
f 490/490/490 500/500/500 491/491/491 
f 489/489/489 501/501/501 490/490/490 
f 501/501/501 500/500/500 490/490/490 
f 489/489/489 502/502/502 501/501/501 
f 502/502/502 503/503/503 501/501/501 
f 503/503/503 504/504/504 501/501/501 
f 501/501/501 504/504/504 500/500/500 
f 500/500/500 505/505/505 499/499/499 
f 504/504/504 505/505/505 500/500/500 
f 497/497/497 499/499/499 505/505/505 
f 497/497/497 505/505/505 506/506/506 
f 496/496/496 497/497/497 506/506/506 
f 506/506/506 505/505/505 507/507/507 
f 504/504/504 507/507/507 505/505/505 
f 508/508/508 507/507/507 504/504/504 
f 503/503/503 508/508/508 504/504/504 
f 509/509/509 510/510/510 503/503/503 
f 502/502/502 509/509/509 503/503/503 
f 510/510/510 508/508/508 503/503/503 
f 511/511/511 512/512/512 508/508/508 
f 508/508/508 512/512/512 507/507/507 
f 510/510/510 511/511/511 508/508/508 
f 513/513/513 507/507/507 512/512/512 
f 506/506/506 507/507/507 513/513/513 
f 496/496/496 506/506/506 514/514/514 
f 514/514/514 506/506/506 513/513/513 
f 513/513/513 512/512/512 515/515/515 
f 516/516/516 513/513/513 515/515/515 
f 514/514/514 513/513/513 516/516/516 
f 511/511/511 517/517/517 512/512/512 
f 515/515/515 512/512/512 517/517/517 
f 518/518/518 517/517/517 511/511/511 
f 519/519/519 518/518/518 511/511/511 
f 519/519/519 511/511/511 510/510/510 
f 520/520/520 519/519/519 510/510/510 
f 509/509/509 520/520/520 510/510/510 
f 520/520/520 521/521/521 519/519/519 
f 521/521/521 522/522/522 519/519/519 
f 522/522/522 518/518/518 519/519/519 
f 515/515/515 517/517/517 518/518/518 
f 522/522/522 515/515/515 518/518/518 
f 516/516/516 515/515/515 522/522/522 
f 523/523/523 524/524/524 516/516/516 
f 523/523/523 516/516/516 522/522/522 
f 524/524/524 514/514/514 516/516/516 
f 525/525/525 496/496/496 514/514/514 
f 524/524/524 525/525/525 514/514/514 
f 525/525/525 495/495/495 496/496/496 
f 521/521/521 523/523/523 522/522/522 
f 526/526/526 527/527/527 528/528/528 
f 526/526/526 528/528/528 529/529/529 
f 530/530/530 526/526/526 529/529/529 
f 527/527/527 531/531/531 532/532/532 
f 527/527/527 532/532/532 528/528/528 
f 528/528/528 533/533/533 534/534/534 
f 528/528/528 534/534/534 529/529/529 
f 532/532/532 533/533/533 528/528/528 
f 530/530/530 529/529/529 535/535/535 
f 529/529/529 534/534/534 536/536/536 
f 529/529/529 536/536/536 535/535/535 
f 537/537/537 530/530/530 535/535/535 
f 537/537/537 535/535/535 538/538/538 
f 535/535/535 536/536/536 539/539/539 
f 535/535/535 539/539/539 538/538/538 
f 534/534/534 540/540/540 536/536/536 
f 536/536/536 540/540/540 541/541/541 
f 536/536/536 541/541/541 539/539/539 
f 533/533/533 542/542/542 534/534/534 
f 534/534/534 542/542/542 540/540/540 
f 533/533/533 543/543/543 542/542/542 
f 544/544/544 543/543/543 533/533/533 
f 532/532/532 544/544/544 533/533/533 
f 545/545/545 542/542/542 543/543/543 
f 546/546/546 540/540/540 542/542/542 
f 546/546/546 542/542/542 545/545/545 
f 547/547/547 541/541/541 540/540/540 
f 547/547/547 540/540/540 546/546/546 
f 548/548/548 549/549/549 541/541/541 
f 548/548/548 541/541/541 547/547/547 
f 539/539/539 541/541/541 549/549/549 
f 539/539/539 549/549/549 550/550/550 
f 538/538/538 539/539/539 550/550/550 
f 551/551/551 552/552/552 549/549/549 
f 551/551/551 549/549/549 548/548/548 
f 550/550/550 549/549/549 552/552/552 
f 553/553/553 551/551/551 548/548/548 
f 553/553/553 548/548/548 554/554/554 
f 554/554/554 548/548/548 547/547/547 
f 554/554/554 547/547/547 555/555/555 
f 555/555/555 547/547/547 546/546/546 
f 556/556/556 546/546/546 545/545/545 
f 555/555/555 546/546/546 556/556/556 
f 557/557/557 554/554/554 555/555/555 
f 558/558/558 557/557/557 555/555/555 
f 558/558/558 555/555/555 556/556/556 
f 559/559/559 553/553/553 554/554/554 
f 557/557/557 559/559/559 554/554/554 
f 559/559/559 560/560/560 553/553/553 
f 560/560/560 561/561/561 553/553/553 
f 561/561/561 551/551/551 553/553/553 
f 562/562/562 552/552/552 551/551/551 
f 561/561/561 562/562/562 551/551/551 
f 550/550/550 552/552/552 562/562/562 
f 563/563/563 550/550/550 562/562/562 
f 563/563/563 562/562/562 561/561/561 
f 538/538/538 550/550/550 563/563/563 
f 564/564/564 565/565/565 563/563/563 
f 564/564/564 563/563/563 561/561/561 
f 565/565/565 538/538/538 563/563/563 
f 560/560/560 564/564/564 561/561/561 
f 565/565/565 537/537/537 538/538/538 
f 566/566/566 558/558/558 556/556/556 
f 566/566/566 556/556/556 567/567/567 
f 556/556/556 545/545/545 567/567/567 
f 531/531/531 566/566/566 567/567/567 
f 531/531/531 567/567/567 532/532/532 
f 567/567/567 545/545/545 544/544/544 
f 567/567/567 544/544/544 532/532/532 
f 545/545/545 543/543/543 544/544/544 
f 568/568/568 569/569/569 570/570/570 
f 568/568/568 570/570/570 571/571/571 
f 572/572/572 568/568/568 573/573/573 
f 573/573/573 568/568/568 571/571/571 
f 569/569/569 568/568/568 572/572/572 
f 569/569/569 572/572/572 574/574/574 
f 575/575/575 572/572/572 576/576/576 
f 572/572/572 573/573/573 576/576/576 
f 574/574/574 572/572/572 575/575/575 
f 573/573/573 571/571/571 577/577/577 
f 578/578/578 571/571/571 570/570/570 
f 577/577/577 571/571/571 578/578/578 
f 578/578/578 570/570/570 579/579/579 
f 578/578/578 579/579/579 580/580/580 
f 578/578/578 580/580/580 581/581/581 
f 577/577/577 578/578/578 582/582/582 
f 582/582/582 578/578/578 581/581/581 
f 581/581/581 580/580/580 583/583/583 
f 581/581/581 583/583/583 584/584/584 
f 585/585/585 581/581/581 584/584/584 
f 582/582/582 581/581/581 585/585/585 
f 585/585/585 584/584/584 586/586/586 
f 575/575/575 576/576/576 587/587/587 
f 575/575/575 587/587/587 588/588/588 
f 575/575/575 588/588/588 589/589/589 
f 574/574/574 575/575/575 590/590/590 
f 590/590/590 575/575/575 589/589/589 
f 589/589/589 588/588/588 591/591/591 
f 589/589/589 591/591/591 592/592/592 
f 590/590/590 589/589/589 593/593/593 
f 593/593/593 589/589/589 592/592/592 
f 594/594/594 592/592/592 591/591/591 
f 594/594/594 591/591/591 595/595/595 
f 596/596/596 592/592/592 594/594/594 
f 593/593/593 592/592/592 596/596/596 
f 594/594/594 595/595/595 597/597/597 
f 594/594/594 597/597/597 598/598/598 
f 599/599/599 594/594/594 598/598/598 
f 596/596/596 594/594/594 599/599/599 
f 598/598/598 597/597/597 600/600/600 
f 598/598/598 600/600/600 601/601/601 
f 602/602/602 598/598/598 601/601/601 
f 599/599/599 598/598/598 602/602/602 
f 603/603/603 601/601/601 600/600/600 
f 601/601/601 604/604/604 605/605/605 
f 601/601/601 605/605/605 606/606/606 
f 603/603/603 604/604/604 601/601/601 
f 602/602/602 601/601/601 606/606/606 

g Dummy6

v -14.5471 0.323365 -38.6593 
v -14.5668 7.7486e-07 -38.6288 
v -14.4149 5.36442e-07 -38.5622 
v -14.4081 0.323365 -38.5927 
v -14.5406 0.448504 -38.6841 
v -14.2595 7.7486e-07 -38.5622 
v -14.2657 0.323365 -38.5927 
v -14.4058 0.448562 -38.624 
v -14.0933 5.36442e-07 -38.6288 
v -14.1137 0.323365 -38.6593 
v -14.2678 0.448562 -38.624 
v -14.1204 0.448504 -38.6841 
v -14.7293 7.7486e-07 -38.8001 
v -14.7293 7.7486e-07 -39.3238 
v -14.5668 5.36442e-07 -39.3238 
v -14.5668 7.7486e-07 -38.6288 
v -14.6923 7.7486e-07 -39.5846 
v -14.5668 7.7486e-07 -39.7184 
v -14.4149 7.7486e-07 -39.3238 
v -14.4149 5.36442e-07 -38.5622 
v -14.4149 7.7486e-07 -39.7568 
v -14.2595 5.36442e-07 -39.7568 
v -14.2595 5.36442e-07 -39.3238 
v -14.2595 7.7486e-07 -38.5622 
v -14.0933 2.98023e-07 -39.7184 
v -14.0933 2.98023e-07 -39.3238 
v -14.0933 5.36442e-07 -38.6288 
v -13.9751 2.98023e-07 -39.5846 
v -13.9381 2.98023e-07 -39.3238 
v -13.9381 2.98023e-07 -38.8001 
v -14.5444 0.447739 -39.4674 
v -14.689 0.447902 -39.3 
v -14.6299 0.447669 -39.1937 
v -14.5082 0.44787 -39.3103 
v -14.4079 0.447701 -39.506 
v -14.689 0.448325 -38.8675 
v -14.6286 0.447679 -38.9758 
v -14.6105 0.447709 -39.0742 
v -14.4964 0.447984 -39.0765 
v -14.3949 0.447905 -39.3269 
v -14.3907 0.448019 -39.0765 
v -14.2659 0.447701 -39.506 
v -14.2778 0.447905 -39.3269 
v -14.2816 0.448019 -39.0765 
v -14.3942 0.447917 -38.8284 
v -14.2784 0.447917 -38.8284 
v -14.5066 0.447882 -38.8527 
v -14.5406 0.448504 -38.6841 
v -14.4058 0.448562 -38.624 
v -14.2678 0.448562 -38.624 
v -14.1554 0.447882 -38.8527 
v -14.1659 0.447984 -39.0765 
v -14.1164 0.447739 -39.4674 
v -14.1538 0.44787 -39.3103 
v -14.0388 0.447679 -38.9758 
v -14.0568 0.447709 -39.0742 
v -14.1204 0.448504 -38.6841 
v -13.9784 0.448325 -38.8675 
v -14.0375 0.447669 -39.1937 
v -13.9784 0.447902 -39.3 
v -14.5668 7.7486e-07 -39.7184 
v -14.6923 7.7486e-07 -39.5846 
v -14.6773 0.181545 -39.5846 
v -14.5571 0.270049 -39.7184 
v -14.4149 7.7486e-07 -39.7568 
v -14.7293 7.7486e-07 -39.3238 
v -14.7058 0.236156 -39.3153 
v -14.5471 0.402617 -39.4717 
v -14.4081 0.438232 -39.5072 
v -14.4115 0.305663 -39.7568 
v -14.2626 0.305663 -39.7568 
v -14.2595 5.36442e-07 -39.7568 
v -14.5444 0.447739 -39.4674 
v -14.4079 0.447701 -39.506 
v -14.2657 0.438232 -39.5072 
v -14.689 0.447902 -39.3 
v -14.7058 0.236156 -38.8307 
v -14.689 0.448325 -38.8675 
v -14.7293 7.7486e-07 -38.8001 
v -14.5668 7.7486e-07 -38.6288 
v -14.5471 0.323365 -38.6593 
v -14.5406 0.448504 -38.6841 
v -14.2659 0.447701 -39.506 
v -14.1164 0.447739 -39.4674 
v -14.1137 0.402617 -39.4717 
v -14.1034 0.270048 -39.7184 
v -13.9784 0.447902 -39.3 
v -13.9616 0.236156 -39.3153 
v -13.9901 0.181545 -39.5846 
v -14.0933 2.98023e-07 -39.7184 
v -13.9381 2.98023e-07 -39.3238 
v -13.9751 2.98023e-07 -39.5846 
v -13.9616 0.236156 -38.8307 
v -13.9784 0.448325 -38.8675 
v -13.9381 2.98023e-07 -38.8001 
v -14.1137 0.323365 -38.6593 
v -14.0933 5.36442e-07 -38.6288 
v -14.1204 0.448504 -38.6841 

vn -0.622047 0.141732 0.771654 
vn -0.606299 0.11811 0.787402 
vn -0.220472 0.102362 0.968504 
vn -0.220472 0.133858 0.968504 
vn -0.669291 0.181102 0.716535 
vn 0.212598 0.102362 0.976378 
vn 0.212598 0.133858 0.968504 
vn -0.220472 0.228346 0.944882 
vn 0.598425 0.11811 0.795276 
vn 0.614173 0.141732 0.779528 
vn 0.212598 0.228346 0.952756 
vn 0.669291 0.188976 0.716535 
vn 0 -1 0 
vn 0 -1 0 
vn 0 -1 0 
vn 0 -1 0 
vn 0 -1 0 
vn 0 -1 0 
vn 0 -1 0 
vn 0 -1 0 
vn 0 -1 0 
vn 0 -1 0 
vn 0 -1 0 
vn 0 -1 0 
vn 0 -1 0 
vn 0 -1 0 
vn 0 -1 0 
vn 0 -1 0 
vn 0 -1 0 
vn 0 -1 0 
vn 0 1 0 
vn 0 1 0 
vn 0 1 0 
vn 0 1 0 
vn 0 1 0 
vn 0 1 0 
vn 0 1 0 
vn 0 1 0 
vn 0 1 0 
vn 0 1 0 
vn 0 1 0 
vn 0 1 0 
vn 0 1 0 
vn 0 1 0 
vn 0 1 0 
vn 0 1 0 
vn 0 1 0 
vn 0 1 0 
vn 0 1 0 
vn 0 1 0 
vn 0 1 0 
vn 0 1 0 
vn 0 1 0 
vn 0 1 0 
vn 0 1 0 
vn 0 1 0 
vn 0 1 0 
vn 0 1 0 
vn 0 1 0 
vn 0 1 0 
vn -0.511811 0.023622 -0.858268 
vn -0.929134 0.0787402 -0.370079 
vn -0.889764 0.307087 -0.338583 
vn -0.574803 0.448819 -0.685039 
vn -0.125984 0 -0.992126 
vn -0.992126 0.0944882 -0.0393701 
vn -0.984252 0.15748 -0.0866142 
vn -0.692913 0.559055 -0.456693 
vn -0.181102 0.84252 -0.503937 
vn -0.15748 0.496063 -0.850394 
vn 0.149606 0.496063 -0.850394 
vn 0.11811 0 -0.992126 
vn -0.708661 0.110236 -0.700787 
vn -0.204724 0.11811 -0.968504 
vn 0.165354 0.84252 -0.503937 
vn -0.984252 0.0866142 -0.149606 
vn -0.968504 0.11811 0.23622 
vn -0.976378 0.110236 0.173228 
vn -0.952756 0.11811 0.267717 
vn -0.606299 0.11811 0.787402 
vn -0.622047 0.141732 0.771654 
vn -0.669291 0.181102 0.716535 
vn 0.188976 0.11811 -0.976378 
vn 0.716535 0.110236 -0.692913 
vn 0.692913 0.566929 -0.448819 
vn 0.559055 0.448819 -0.692913 
vn 0.984252 0.0866142 -0.141732 
vn 0.984252 0.15748 -0.0866142 
vn 0.897638 0.291339 -0.330709 
vn 0.503937 0.023622 -0.866142 
vn 0.992126 0.0944882 -0.0393701 
vn 0.929134 0.0787402 -0.354331 
vn 0.968504 0.110236 0.228346 
vn 0.984252 0.102362 0.165354 
vn 0.96063 0.11811 0.259843 
vn 0.614173 0.141732 0.779528 
vn 0.598425 0.11811 0.795276 
vn 0.669291 0.188976 0.716535 

vt 0.48717 0.486921 
vt 0.48717 0.475128 
vt 0.509954 0.475128 
vt 0.509808 0.486921 
vt 0.48717 0.48981 
vt 0.534458 0.475128 
vt 0.531916 0.486921 
vt 0.50964 0.489812 
vt 0.548697 0.475128 
vt 0.548697 0.486921 
vt 0.531096 0.489812 
vt 0.548697 0.48981 
vt 0.739663 0.447577 
vt 0.739663 0.486799 
vt 0.727139 0.486828 
vt 0.726954 0.447577 
vt 0.739663 0.509301 
vt 0.727244 0.509301 
vt 0.715432 0.486855 
vt 0.71523 0.447577 
vt 0.715547 0.509301 
vt 0.703566 0.509301 
vt 0.70345 0.486883 
vt 0.703248 0.447577 
vt 0.690753 0.509301 
vt 0.690647 0.486912 
vt 0.690463 0.447577 
vt 0.67854 0.509301 
vt 0.67854 0.48694 
vt 0.67854 0.447577 
vt 0.667163 0.459174 
vt 0.673296 0.459175 
vt 0.670787 0.467316 
vt 0.665628 0.465368 
vt 0.66137 0.459174 
vt 0.673295 0.489729 
vt 0.670735 0.481218 
vt 0.669968 0.474391 
vt 0.665126 0.47431 
vt 0.66082 0.46509 
vt 0.660641 0.47431 
vt 0.655349 0.459174 
vt 0.655851 0.46509 
vt 0.656015 0.47431 
vt 0.660789 0.483378 
vt 0.65588 0.483378 
vt 0.665559 0.483023 
vt 0.667002 0.48973 
vt 0.661282 0.48973 
vt 0.655429 0.48973 
vt 0.650662 0.483023 
vt 0.651107 0.47431 
vt 0.649008 0.459174 
vt 0.65059 0.465368 
vt 0.645713 0.481218 
vt 0.646479 0.474391 
vt 0.649174 0.48973 
vt 0.643153 0.489729 
vt 0.64566 0.467316 
vt 0.643151 0.459175 
vt 0.599141 0.49465 
vt 0.61151 0.49465 
vt 0.61151 0.499977 
vt 0.599141 0.502399 
vt 0.586491 0.49465 
vt 0.617973 0.49465 
vt 0.611617 0.503415 
vt 0.599141 0.506734 
vt 0.586491 0.506734 
vt 0.586491 0.502399 
vt 0.573528 0.502399 
vt 0.573528 0.49465 
vt 0.599141 0.509351 
vt 0.586491 0.509351 
vt 0.573528 0.506734 
vt 0.611617 0.509355 
vt 0.649873 0.503415 
vt 0.649873 0.509355 
vt 0.649873 0.49465 
vt 0.673556 0.49465 
vt 0.673556 0.506203 
vt 0.673556 0.509354 
vt 0.573528 0.509351 
vt 0.559897 0.509351 
vt 0.559897 0.506734 
vt 0.559897 0.502399 
vt 0.549195 0.509355 
vt 0.549195 0.503415 
vt 0.549195 0.499977 
vt 0.559897 0.49465 
vt 0.540137 0.49465 
vt 0.549195 0.49465 
vt 0.508041 0.503415 
vt 0.508041 0.509355 
vt 0.508041 0.49465 
vt 0.487435 0.506203 
vt 0.487435 0.49465 
vt 0.487435 0.509354 

usemtl Dummy1Mtl

f 607/607/607 608/608/608 609/609/609 
f 607/607/607 609/609/609 610/610/610 
f 611/611/611 607/607/607 610/610/610 
f 610/610/610 609/609/609 612/612/612 
f 610/610/610 612/612/612 613/613/613 
f 611/611/611 610/610/610 614/614/614 
f 614/614/614 610/610/610 613/613/613 
f 613/613/613 612/612/612 615/615/615 
f 613/613/613 615/615/615 616/616/616 
f 617/617/617 613/613/613 616/616/616 
f 614/614/614 613/613/613 617/617/617 
f 617/617/617 616/616/616 618/618/618 
f 619/619/619 620/620/620 621/621/621 
f 619/619/619 621/621/621 622/622/622 
f 621/621/621 620/620/620 623/623/623 
f 621/621/621 623/623/623 624/624/624 
f 625/625/625 621/621/621 624/624/624 
f 622/622/622 621/621/621 625/625/625 
f 622/622/622 625/625/625 626/626/626 
f 625/625/625 624/624/624 627/627/627 
f 625/625/625 627/627/627 628/628/628 
f 625/625/625 628/628/628 629/629/629 
f 626/626/626 625/625/625 629/629/629 
f 626/626/626 629/629/629 630/630/630 
f 629/629/629 628/628/628 631/631/631 
f 629/629/629 631/631/631 632/632/632 
f 633/633/633 630/630/630 629/629/629 
f 633/633/633 629/629/629 632/632/632 
f 632/632/632 631/631/631 634/634/634 
f 632/632/632 634/634/634 635/635/635 
f 636/636/636 633/633/633 632/632/632 
f 636/636/636 632/632/632 635/635/635 
f 637/637/637 638/638/638 639/639/639 
f 637/637/637 639/639/639 640/640/640 
f 641/641/641 637/637/637 640/640/640 
f 638/638/638 642/642/642 643/643/643 
f 638/638/638 643/643/643 644/644/644 
f 638/638/638 644/644/644 639/639/639 
f 639/639/639 644/644/644 645/645/645 
f 639/639/639 645/645/645 640/640/640 
f 641/641/641 640/640/640 646/646/646 
f 640/640/640 645/645/645 647/647/647 
f 640/640/640 647/647/647 646/646/646 
f 648/648/648 641/641/641 646/646/646 
f 648/648/648 646/646/646 649/649/649 
f 646/646/646 647/647/647 650/650/650 
f 646/646/646 650/650/650 649/649/649 
f 651/651/651 647/647/647 645/645/645 
f 652/652/652 650/650/650 647/647/647 
f 652/652/652 647/647/647 651/651/651 
f 653/653/653 645/645/645 644/644/644 
f 651/651/651 645/645/645 653/653/653 
f 653/653/653 644/644/644 643/643/643 
f 642/642/642 653/653/653 643/643/643 
f 642/642/642 654/654/654 653/653/653 
f 654/654/654 651/651/651 653/653/653 
f 654/654/654 655/655/655 651/651/651 
f 655/655/655 652/652/652 651/651/651 
f 656/656/656 657/657/657 652/652/652 
f 655/655/655 656/656/656 652/652/652 
f 657/657/657 650/650/650 652/652/652 
f 657/657/657 658/658/658 650/650/650 
f 649/649/649 650/650/650 658/658/658 
f 659/659/659 648/648/648 649/649/649 
f 659/659/659 649/649/649 660/660/660 
f 649/649/649 658/658/658 660/660/660 
f 661/661/661 662/662/662 658/658/658 
f 661/661/661 658/658/658 657/657/657 
f 660/660/660 658/658/658 662/662/662 
f 663/663/663 661/661/661 657/657/657 
f 656/656/656 663/663/663 657/657/657 
f 664/664/664 662/662/662 661/661/661 
f 663/663/663 664/664/664 661/661/661 
f 664/664/664 665/665/665 662/662/662 
f 660/660/660 662/662/662 665/665/665 
f 666/666/666 659/659/659 660/660/660 
f 666/666/666 660/660/660 665/665/665 
f 664/664/664 666/666/666 665/665/665 
f 667/667/667 668/668/668 669/669/669 
f 667/667/667 669/669/669 670/670/670 
f 671/671/671 667/667/667 670/670/670 
f 672/672/672 669/669/669 668/668/668 
f 672/672/672 673/673/673 669/669/669 
f 674/674/674 670/670/670 669/669/669 
f 674/674/674 669/669/669 673/673/673 
f 670/670/670 674/674/674 675/675/675 
f 670/670/670 675/675/675 676/676/676 
f 671/671/671 670/670/670 676/676/676 
f 671/671/671 676/676/676 677/677/677 
f 671/671/671 677/677/677 678/678/678 
f 675/675/675 677/677/677 676/676/676 
f 675/675/675 674/674/674 679/679/679 
f 675/675/675 679/679/679 680/680/680 
f 675/675/675 681/681/681 677/677/677 
f 681/681/681 675/675/675 680/680/680 
f 674/674/674 673/673/673 682/682/682 
f 674/674/674 682/682/682 679/679/679 
f 672/672/672 683/683/683 673/673/673 
f 673/673/673 683/683/683 684/684/684 
f 673/673/673 684/684/684 682/682/682 
f 672/672/672 685/685/685 683/683/683 
f 683/683/683 685/685/685 686/686/686 
f 683/683/683 686/686/686 687/687/687 
f 684/684/684 683/683/683 687/687/687 
f 684/684/684 687/687/687 688/688/688 
f 681/681/681 680/680/680 689/689/689 
f 681/681/681 689/689/689 690/690/690 
f 681/681/681 691/691/691 692/692/692 
f 681/681/681 692/692/692 677/677/677 
f 681/681/681 690/690/690 691/691/691 
f 691/691/691 690/690/690 693/693/693 
f 691/691/691 693/693/693 694/694/694 
f 691/691/691 694/694/694 695/695/695 
f 691/691/691 695/695/695 692/692/692 
f 696/696/696 692/692/692 695/695/695 
f 678/678/678 677/677/677 692/692/692 
f 678/678/678 692/692/692 696/696/696 
f 697/697/697 698/698/698 695/695/695 
f 697/697/697 695/695/695 694/694/694 
f 696/696/696 695/695/695 698/698/698 
f 697/697/697 694/694/694 699/699/699 
f 694/694/694 693/693/693 700/700/700 
f 694/694/694 700/700/700 699/699/699 
f 697/697/697 699/699/699 701/701/701 
f 699/699/699 702/702/702 703/703/703 
f 699/699/699 703/703/703 701/701/701 
f 704/704/704 702/702/702 699/699/699 
f 704/704/704 699/699/699 700/700/700 

g Dummy7

v -15.4744 2.58778 -38.8558 
v -15.3942 2.55577 -38.7631 
v -15.269 2.59589 -39.0223 
v -15.524 2.59272 -39.0302 
v -15.3246 2.53445 -38.73 
v -15.219 2.50208 -38.7587 
v -15.1397 2.47779 -38.8179 
v -15.0631 2.45432 -39.0302 
v -15.0636 2.47057 -39.1543 
v -15.2426 2.50687 -39.2726 
v -15.3246 2.53445 -39.3304 
v -15.4171 2.56278 -39.3193 
v -15.4707 2.58743 -39.2045 
v -15.0916 2.39537 -38.8064 
v -15.0631 2.45432 -39.0302 
v -15.1397 2.47779 -38.8179 
v -15.0677 2.32013 -38.8283 
v -15.0017 2.3663 -39.0549 
v -15.0636 2.47057 -39.1543 
v -15.0094 2.38 -39.1775 
v -15.0094 2.38 -39.1775 
v -15.1956 2.32286 -39.3876 
v -15.2426 2.50687 -39.2726 
v -15.0636 2.47057 -39.1543 
v -15.0151 2.17349 -39.3177 
v -15.0699 2.12371 -39.376 
v -15.5388 1.66633 -39.3368 
v -15.4859 1.67122 -39.3468 
v -15.4778 1.65706 -39.1214 
v -15.518 1.65746 -39.1227 
v -15.4379 1.70785 -39.3109 
v -15.4549 1.67078 -38.8421 
v -15.4488 1.69452 -39.1195 
v -15.4212 1.71144 -38.8591 
v -15.5001 1.66251 -38.8306 
v -15.5194 2.26131 -38.6802 
v -15.3942 2.55577 -38.7631 
v -15.4744 2.58778 -38.8558 
v -15.7039 2.24333 -38.769 
v -15.5729 2.03489 -38.7055 
v -15.2931 2.3143 -38.6802 
v -15.2801 2.20132 -38.6792 
v -15.3246 2.53445 -38.73 
v -15.1706 2.35251 -38.7276 
v -15.219 2.50208 -38.7587 
v -15.1481 2.26249 -38.7347 
v -15.4507 2.02129 -38.7962 
v -15.3111 2.10093 -38.8023 
v -15.2244 2.15658 -38.8338 
v -15.7493 1.9566 -38.7805 
v -15.5433 1.78111 -38.7728 
v -15.4492 1.81315 -38.833 
v -15.6788 1.75692 -38.8059 
v -15.5001 1.66251 -38.8306 
v -15.4549 1.67078 -38.8421 
v -15.4212 1.71144 -38.8591 
v -15.284 2.2537 -39.417 
v -15.5671 2.22576 -39.4267 
v -15.4171 2.56278 -39.3193 
v -15.3246 2.53445 -39.3304 
v -15.3037 2.11807 -39.4133 
v -15.1635 2.09634 -39.4049 
v -15.1956 2.32286 -39.3876 
v -15.6078 2.05311 -39.421 
v -15.7139 2.24429 -39.3357 
v -15.4707 2.58743 -39.2045 
v -15.3254 2.08219 -39.3302 
v -15.4726 2.02993 -39.3621 
v -15.7644 2.00375 -39.3479 
v -15.563 1.79962 -39.3894 
v -15.4677 1.82766 -39.3396 
v -15.6978 1.79317 -39.3343 
v -15.5388 1.66633 -39.3368 
v -15.4859 1.67122 -39.3468 
v -15.4379 1.70785 -39.3109 
v -15.2426 2.50687 -39.2726 
v -15.0699 2.12371 -39.376 
v -15.7252 2.23085 -39.052 
v -15.524 2.59272 -39.0302 
v -15.4707 2.58743 -39.2045 
v -15.7139 2.24429 -39.3357 
v -15.7039 2.24333 -38.769 
v -15.7644 2.00375 -39.3479 
v -15.7633 1.96807 -39.0618 
v -15.7493 1.9566 -38.7805 
v -15.4744 2.58778 -38.8558 
v -15.6788 1.75692 -38.8059 
v -15.6978 1.79317 -39.3343 
v -15.6974 1.7719 -39.0927 
v -15.5001 1.66251 -38.8306 
v -15.518 1.65746 -39.1227 
v -15.5388 1.66633 -39.3368 
v -15.1706 2.35251 -38.7276 
v -15.0916 2.39537 -38.8064 
v -15.1397 2.47779 -38.8179 
v -15.219 2.50208 -38.7587 
v -15.0677 2.32013 -38.8283 
v -15.1481 2.26249 -38.7347 
v -15.1272 2.2239 -38.953 
v -15.0017 2.3663 -39.0549 
v -15.2244 2.15658 -38.8338 
v -15.0973 2.22225 -39.0807 
v -15.0094 2.38 -39.1775 
v -15.0691 2.18093 -39.181 
v -15.0151 2.17349 -39.3177 
v -15.059 2.14498 -39.2211 
v -15.0151 2.17349 -39.3177 
v -15.1054 2.10087 -39.2554 
v -15.0699 2.12371 -39.376 
v -15.1959 2.08186 -39.294 
v -15.1635 2.09634 -39.4049 
v -15.3254 2.08219 -39.3302 
v -15.3037 2.11807 -39.4133 
v -15.0691 2.18093 -39.181 
v -15.0973 2.22225 -39.0807 
v -15.2089 2.13761 -39.1188 
v -15.2053 2.14111 -39.2236 
v -15.1054 2.10087 -39.2554 
v -15.059 2.14498 -39.2211 
v -15.1272 2.2239 -38.953 
v -15.2244 2.15658 -38.8338 
v -15.3262 2.09472 -39.1145 
v -15.3254 2.08219 -39.3302 
v -15.1959 2.08186 -39.294 
v -15.3111 2.10093 -38.8023 
v -15.4507 2.02129 -38.7962 
v -15.4775 2.03178 -39.1062 
v -15.4726 2.02993 -39.3621 
v -15.4492 1.81315 -38.833 
v -15.4834 1.81597 -39.1118 
v -15.4677 1.82766 -39.3396 
v -15.4212 1.71144 -38.8591 
v -15.4488 1.69452 -39.1195 
v -15.4379 1.70785 -39.3109 

vn -0.692913 0.708661 0.133858 
vn 0.15748 0.96063 0.228346 
vn 0.299213 0.952756 -0.00787402 
vn -0.76378 0.645669 0.00787402 
vn 0.275591 0.929134 0.244094 
vn 0.385827 0.889764 0.244094 
vn 0.598425 0.779528 0.188976 
vn 0.748031 0.645669 0.15748 
vn 0.598425 0.685039 -0.409449 
vn 0.496063 0.724409 -0.480315 
vn 0.330709 0.913386 -0.244094 
vn 0.19685 0.96063 -0.204724 
vn -0.669291 0.732283 -0.11811 
vn 0.866142 0.425197 0.267717 
vn 0.748031 0.645669 0.15748 
vn 0.598425 0.779528 0.188976 
vn 0.88189 0.385827 0.275591 
vn 0.874016 0.448819 0.173228 
vn 0.598425 0.685039 -0.409449 
vn 0.645669 0.511811 -0.574803 
vn 0.645669 0.511811 -0.574803 
vn 0.574803 0.456693 -0.677165 
vn 0.496063 0.724409 -0.480315 
vn 0.598425 0.685039 -0.409449 
vn 0.598425 0.393701 -0.692913 
vn 0.598425 0.393701 -0.692913 
vn -0.19685 -0.692913 -0.692913 
vn 0.307087 -0.637795 -0.708661 
vn 0.448819 -0.897638 -0.023622 
vn 0.0708661 -1 -0.015748 
vn 0.724409 -0.440945 -0.527559 
vn 0.464567 -0.748031 0.472441 
vn 0.748031 -0.669291 -0.0393701 
vn 0.787402 -0.433071 0.440945 
vn 0.015748 -0.732283 0.677165 
vn -0.307087 0.204724 0.929134 
vn -0.362205 0.401575 0.84252 
vn -0.480315 0.464567 0.740157 
vn -0.456693 0.212598 0.866142 
vn -0.102362 -0.173228 0.976378 
vn 0.0472441 0.125984 0.992126 
vn 0.251969 -0.362205 0.897638 
vn -0.023622 0.275591 0.96063 
vn 0.456693 0.19685 0.866142 
vn 0.377953 0.299213 0.88189 
vn 0.677165 -0.472441 0.559055 
vn 0.496063 -0.511811 0.700787 
vn 0.440945 -0.732283 0.519685 
vn 0.629921 -0.716535 0.307087 
vn -0.322835 -0.133858 0.937008 
vn 0.11811 -0.251969 0.96063 
vn 0.566929 -0.125984 0.811024 
vn -0.220472 -0.267717 0.937008 
vn 0.015748 -0.732283 0.677165 
vn 0.464567 -0.748031 0.472441 
vn 0.787402 -0.433071 0.440945 
vn 0.0866142 0.188976 -0.976378 
vn -0.275591 0.275591 -0.92126 
vn -0.299213 0.448819 -0.84252 
vn 0.0708661 0.330709 -0.944882 
vn 0.0708661 -0.362205 -0.929134 
vn 0.23622 -0.488189 -0.84252 
vn 0.299213 0.299213 -0.905512 
vn -0.173228 -0.0629921 -0.984252 
vn -0.535433 0.377953 -0.755906 
vn -0.543307 0.543307 -0.645669 
vn 0.141732 -0.889764 -0.433071 
vn 0.377953 -0.464567 -0.80315 
vn -0.417323 -0.0629921 -0.905512 
vn -0.015748 -0.181102 -0.984252 
vn 0.456693 -0.0472441 -0.889764 
vn -0.354331 -0.212598 -0.913386 
vn -0.19685 -0.692913 -0.692913 
vn 0.307087 -0.637795 -0.708661 
vn 0.724409 -0.440945 -0.527559 
vn 0.330709 0.425197 -0.84252 
vn 0.472441 -0.559055 -0.685039 
vn -0.929134 0.370079 0.015748 
vn -0.76378 0.645669 0.00787402 
vn -0.669291 0.732283 -0.11811 
vn -0.92126 0.377953 -0.0629921 
vn -0.929134 0.362205 0.0944882 
vn -1 -0.015748 -0.015748 
vn -1 -0.0551181 0.023622 
vn -1 -0.0551181 0.0551181 
vn -0.692913 0.708661 0.133858 
vn -0.779528 -0.629921 0.0314961 
vn -0.834646 -0.551181 -0.0314961 
vn -0.795276 -0.606299 0 
vn -0.503937 -0.866142 0.015748 
vn -0.543307 -0.84252 0 
vn -0.582677 -0.811024 -0.023622 
vn 0.456693 0.19685 0.866142 
vn 0.645669 0.244094 0.724409 
vn 0.582677 0.377953 0.716535 
vn 0.377953 0.299213 0.88189 
vn 0.787402 -0.543307 0.291339 
vn 0.677165 -0.472441 0.559055 
vn 0.76378 -0.629921 0.15748 
vn 0.84252 -0.519685 0.133858 
vn 0.629921 -0.716535 0.307087 
vn 0.84252 -0.519685 0.133858 
vn 0.905512 -0.377953 0.19685 
vn 0.905512 -0.322835 0.275591 
vn 0.834646 -0.496063 0.251969 
vn 0.858268 -0.417323 0.291339 
vn 0.834646 -0.496063 0.251969 
vn 0.464567 -0.889764 -0.015748 
vn 0.472441 -0.559055 -0.685039 
vn 0.110236 -0.976378 -0.173228 
vn 0.23622 -0.488189 -0.84252 
vn 0.141732 -0.889764 -0.433071 
vn 0.0708661 -0.362205 -0.929134 
vn 0.283465 -0.874016 0.393701 
vn 0.543307 -0.826772 0.141732 
vn 0.456693 -0.88189 0.0866142 
vn 0.251969 -0.929134 0.275591 
vn -0.0551181 -0.716535 0.692913 
vn 0.00787402 -0.685039 0.732283 
vn 0.614173 -0.787402 0.110236 
vn 0.480315 -0.874016 0.0551181 
vn 0.409449 -0.913386 0.00787402 
vn 0.338583 -0.937008 0.0708661 
vn -0.149606 -0.76378 0.622047 
vn 0.440945 -0.897638 -0.00787402 
vn 0.866142 -0.496063 -0.0866142 
vn 0.88189 -0.472441 -0.0314961 
vn 0.88189 -0.464567 0.0472441 
vn 0.992126 0.0787402 -0.110236 
vn 0.992126 0.0944882 -0.0393701 
vn 0.992126 0.0708661 0.0551181 
vn 0.952756 0.283465 -0.11811 
vn 0.96063 0.275591 -0.023622 
vn 0.96063 0.259843 0.0787402 

vt 0.599406 0.734072 
vt 0.597805 0.735107 
vt 0.595305 0.732213 
vt 0.600397 0.732125 
vt 0.596415 0.735477 
vt 0.594305 0.735156 
vt 0.592723 0.734495 
vt 0.591193 0.732125 
vt 0.591203 0.730739 
vt 0.594777 0.729418 
vt 0.596415 0.728773 
vt 0.598262 0.728896 
vt 0.599333 0.730178 
vt 0.618997 0.743763 
vt 0.6218 0.740658 
vt 0.620757 0.744473 
vt 0.617316 0.743066 
vt 0.619883 0.739977 
vt 0.623125 0.738617 
vt 0.620847 0.738284 
vt 0.623235 0.766138 
vt 0.61764 0.763154 
vt 0.622517 0.761789 
vt 0.625022 0.765329 
vt 0.616447 0.766744 
vt 0.614135 0.766104 
vt 0.591302 0.74389 
vt 0.592819 0.74397 
vt 0.592445 0.740518 
vt 0.591331 0.740583 
vt 0.594466 0.743373 
vt 0.592604 0.736233 
vt 0.593759 0.740449 
vt 0.594113 0.736436 
vt 0.591302 0.736105 
vt 0.613972 0.730807 
vt 0.622599 0.731245 
vt 0.622616 0.733451 
vt 0.611355 0.733453 
vt 0.608214 0.729816 
vt 0.617748 0.728125 
vt 0.615137 0.727351 
vt 0.622937 0.729878 
vt 0.620005 0.726548 
vt 0.623332 0.727904 
vt 0.617948 0.725737 
vt 0.608514 0.727469 
vt 0.611503 0.726263 
vt 0.613626 0.725093 
vt 0.604067 0.73202 
vt 0.601965 0.728183 
vt 0.603335 0.726594 
vt 0.599901 0.72998 
vt 0.598908 0.72694 
vt 0.599405 0.726269 
vt 0.600682 0.725796 
vt 0.614881 0.762339 
vt 0.611248 0.758684 
vt 0.621265 0.758366 
vt 0.621563 0.760055 
vt 0.611293 0.762885 
vt 0.612314 0.764946 
vt 0.61764 0.763154 
vt 0.606976 0.759331 
vt 0.610136 0.756182 
vt 0.621734 0.756148 
vt 0.608894 0.763351 
vt 0.607274 0.761575 
vt 0.604056 0.757161 
vt 0.601058 0.760982 
vt 0.602362 0.762446 
vt 0.599493 0.759024 
vt 0.597508 0.761835 
vt 0.598092 0.762577 
vt 0.59936 0.763357 
vt 0.622517 0.761789 
vt 0.614135 0.766104 
vt 0.60395 0.751285 
vt 0.592885 0.751536 
vt 0.592424 0.748396 
vt 0.603776 0.747057 
vt 0.603354 0.755496 
vt 0.610103 0.74698 
vt 0.610802 0.751247 
vt 0.610915 0.755431 
vt 0.592261 0.754644 
vt 0.616393 0.755161 
vt 0.615789 0.747288 
vt 0.616089 0.750892 
vt 0.621947 0.7549 
vt 0.62187 0.750516 
vt 0.621355 0.747303 
vt 0.617115 0.745188 
vt 0.618997 0.743763 
vt 0.620757 0.744473 
vt 0.62075 0.746224 
vt 0.617316 0.743066 
vt 0.614879 0.744481 
vt 0.614524 0.741149 
vt 0.619883 0.739977 
vt 0.611401 0.742968 
vt 0.615308 0.739145 
vt 0.620847 0.738284 
vt 0.615265 0.737341 
vt 0.616991 0.735263 
vt 0.614934 0.736482 
vt 0.616115 0.734945 
vt 0.613234 0.735993 
vt 0.613779 0.734177 
vt 0.61075 0.73571 
vt 0.61102 0.734012 
vt 0.607148 0.73567 
vt 0.607141 0.734271 
vt 0.615265 0.737341 
vt 0.615308 0.739145 
vt 0.611269 0.738619 
vt 0.611089 0.737076 
vt 0.613234 0.735993 
vt 0.614934 0.736482 
vt 0.614524 0.741149 
vt 0.611401 0.742968 
vt 0.607856 0.73887 
vt 0.607148 0.73567 
vt 0.61075 0.73571 
vt 0.608653 0.743514 
vt 0.605033 0.743697 
vt 0.604183 0.739138 
vt 0.603511 0.735386 
vt 0.599617 0.743532 
vt 0.59882 0.739389 
vt 0.598418 0.736003 
vt 0.596662 0.743371 
vt 0.595416 0.739501 
vt 0.595134 0.736623 

usemtl Dummy1Mtl

f 705/705/705 706/706/706 707/707/707 
f 708/708/708 705/705/705 707/707/707 
f 706/706/706 709/709/709 707/707/707 
f 709/709/709 710/710/710 707/707/707 
f 710/710/710 711/711/711 707/707/707 
f 711/711/711 712/712/712 707/707/707 
f 712/712/712 713/713/713 707/707/707 
f 713/713/713 714/714/714 707/707/707 
f 715/715/715 716/716/716 707/707/707 
f 717/717/717 708/708/708 707/707/707 
f 714/714/714 715/715/715 707/707/707 
f 716/716/716 717/717/717 707/707/707 
f 718/718/718 719/719/719 720/720/720 
f 721/721/721 719/719/719 718/718/718 
f 722/722/722 723/723/723 719/719/719 
f 721/721/721 722/722/722 719/719/719 
f 722/722/722 724/724/724 723/723/723 
f 725/725/725 726/726/726 727/727/727 
f 725/725/725 727/727/727 728/728/728 
f 726/726/726 725/725/725 729/729/729 
f 726/726/726 729/729/729 730/730/730 
f 731/731/731 732/732/732 733/733/733 
f 731/731/731 733/733/733 734/734/734 
f 733/733/733 732/732/732 735/735/735 
f 734/734/734 733/733/733 736/736/736 
f 733/733/733 735/735/735 737/737/737 
f 733/733/733 737/737/737 738/738/738 
f 733/733/733 738/738/738 736/736/736 
f 734/734/734 736/736/736 739/739/739 
f 740/740/740 741/741/741 742/742/742 
f 740/740/740 742/742/742 743/743/743 
f 743/743/743 744/744/744 740/740/740 
f 745/745/745 741/741/741 740/740/740 
f 746/746/746 745/745/745 740/740/740 
f 746/746/746 740/740/740 744/744/744 
f 745/745/745 747/747/747 741/741/741 
f 745/745/745 748/748/748 749/749/749 
f 745/745/745 749/749/749 747/747/747 
f 750/750/750 748/748/748 745/745/745 
f 750/750/750 745/745/745 746/746/746 
f 751/751/751 752/752/752 746/746/746 
f 751/751/751 746/746/746 744/744/744 
f 753/753/753 750/750/750 746/746/746 
f 753/753/753 746/746/746 752/752/752 
f 743/743/743 754/754/754 744/744/744 
f 755/755/755 751/751/751 744/744/744 
f 754/754/754 755/755/755 744/744/744 
f 755/755/755 756/756/756 751/751/751 
f 755/755/755 757/757/757 758/758/758 
f 755/755/755 758/758/758 759/759/759 
f 754/754/754 757/757/757 755/755/755 
f 759/759/759 756/756/756 755/755/755 
f 759/759/759 760/760/760 756/756/756 
f 761/761/761 762/762/762 763/763/763 
f 761/761/761 763/763/763 764/764/764 
f 762/762/762 761/761/761 765/765/765 
f 766/766/766 765/765/765 761/761/761 
f 767/767/767 766/766/766 761/761/761 
f 767/767/767 761/761/761 764/764/764 
f 762/762/762 765/765/765 768/768/768 
f 768/768/768 769/769/769 762/762/762 
f 762/762/762 769/769/769 770/770/770 
f 762/762/762 770/770/770 763/763/763 
f 765/765/765 771/771/771 772/772/772 
f 765/765/765 772/772/772 768/768/768 
f 773/773/773 768/768/768 774/774/774 
f 774/774/774 768/768/768 772/772/772 
f 768/768/768 773/773/773 769/769/769 
f 774/774/774 772/772/772 775/775/775 
f 773/773/773 774/774/774 776/776/776 
f 777/777/777 776/776/776 774/774/774 
f 777/777/777 774/774/774 778/778/778 
f 778/778/778 774/774/774 775/775/775 
f 778/778/778 775/775/775 779/779/779 
f 767/767/767 764/764/764 780/780/780 
f 767/767/767 781/781/781 766/766/766 
f 782/782/782 783/783/783 784/784/784 
f 782/782/782 784/784/784 785/785/785 
f 786/786/786 783/783/783 782/782/782 
f 782/782/782 785/785/785 787/787/787 
f 782/782/782 787/787/787 788/788/788 
f 782/782/782 788/788/788 789/789/789 
f 782/782/782 789/789/789 786/786/786 
f 786/786/786 790/790/790 783/783/783 
f 788/788/788 791/791/791 789/789/789 
f 788/788/788 787/787/787 792/792/792 
f 788/788/788 792/792/792 793/793/793 
f 788/788/788 793/793/793 791/791/791 
f 793/793/793 794/794/794 791/791/791 
f 793/793/793 795/795/795 794/794/794 
f 796/796/796 795/795/795 793/793/793 
f 796/796/796 793/793/793 792/792/792 
f 797/797/797 798/798/798 799/799/799 
f 797/797/797 799/799/799 800/800/800 
f 801/801/801 798/798/798 797/797/797 
f 801/801/801 797/797/797 802/802/802 
f 803/803/803 801/801/801 802/802/802 
f 804/804/804 801/801/801 803/803/803 
f 803/803/803 802/802/802 805/805/805 
f 804/804/804 803/803/803 806/806/806 
f 806/806/806 807/807/807 804/804/804 
f 806/806/806 808/808/808 807/807/807 
f 808/808/808 809/809/809 807/807/807 
f 808/808/808 810/810/810 809/809/809 
f 811/811/811 810/810/810 812/812/812 
f 811/811/811 812/812/812 813/813/813 
f 813/813/813 812/812/812 814/814/814 
f 813/813/813 814/814/814 815/815/815 
f 814/814/814 816/816/816 817/817/817 
f 814/814/814 817/817/817 815/815/815 
f 818/818/818 819/819/819 820/820/820 
f 818/818/818 820/820/820 821/821/821 
f 818/818/818 821/821/821 822/822/822 
f 818/818/818 822/822/822 823/823/823 
f 820/820/820 819/819/819 824/824/824 
f 820/820/820 824/824/824 825/825/825 
f 826/826/826 820/820/820 825/825/825 
f 821/821/821 820/820/820 826/826/826 
f 821/821/821 826/826/826 827/827/827 
f 821/821/821 827/827/827 828/828/828 
f 821/821/821 828/828/828 822/822/822 
f 826/826/826 829/829/829 830/830/830 
f 826/826/826 830/830/830 831/831/831 
f 831/831/831 827/827/827 826/826/826 
f 826/826/826 825/825/825 829/829/829 
f 831/831/831 832/832/832 827/827/827 
f 831/831/831 830/830/830 833/833/833 
f 831/831/831 833/833/833 834/834/834 
f 831/831/831 834/834/834 835/835/835 
f 831/831/831 835/835/835 832/832/832 
f 834/834/834 833/833/833 836/836/836 
f 834/834/834 836/836/836 837/837/837 
f 834/834/834 837/837/837 838/838/838 
f 834/834/834 838/838/838 835/835/835 

g Dummy8

v -15.2081 2.20249 -39.2688 
v -15.2431 2.20734 -39.4901 
v -15.0822 2.18508 -39.4132 
v -14.9736 2.17006 -39.2688 
v -15.2081 2.20249 -38.8471 
v -15.5293 2.24694 -39.2688 
v -15.4636 2.23784 -39.4901 
v -14.9736 2.17006 -38.8471 
v -15.0822 2.18508 -38.7049 
v -15.2431 2.20734 -38.628 
v -15.4636 2.23784 -38.628 
v -15.5293 2.24694 -38.8471 
v -15.7442 2.27666 -39.2688 
v -15.611 2.25824 -39.4132 
v -15.611 2.25824 -38.7049 
v -15.7442 2.27666 -38.8471 
v -15.1244 2.93714 -38.6285 
v -15.0085 2.93704 -38.7151 
v -15.0314 3.02194 -38.795 
v -15.1232 3.03086 -38.7643 
v -15.3016 2.93738 -38.634 
v -14.9304 2.93695 -38.8572 
v -14.9584 3.01133 -38.9109 
v -15.0681 3.07057 -38.9946 
v -15.139 3.0795 -38.9956 
v -15.2771 3.03086 -38.7653 
v -15.2571 3.07949 -38.9956 
v -15.4056 2.93748 -38.7192 
v -15.3744 3.02194 -38.7958 
v -15.3349 3.07057 -38.9946 
v -15.2781 3.03086 -39.2053 
v -15.3781 3.02194 -39.1839 
v -15.1247 3.03086 -39.2062 
v -15.0289 3.02194 -39.186 
v -15.0282 3.05994 -38.9936 
v -15.1328 2.93717 -39.3311 
v -15.0085 2.93704 -39.2771 
v -15.297 2.93736 -39.3273 
v -15.4056 2.93748 -39.2683 
v -15.4682 3.01131 -39.0978 
v -15.3779 3.05994 -38.9936 
v -15.4618 3.01133 -38.9107 
v -15.4618 3.01133 -38.9107 
v -15.5207 2.93761 -39.1496 
v -15.5207 2.93761 -38.8564 
v -14.9304 2.93695 -39.1592 
v -14.955 3.01132 -39.1 
v -14.955 3.01132 -39.1 
v -15.0822 2.18508 -39.4132 
v -15.2431 2.20734 -39.4901 
v -15.1613 2.78137 -39.3143 
v -15.0344 2.76355 -39.2585 
v -14.9736 2.17006 -39.2688 
v -15.3317 2.80529 -39.3115 
v -15.4636 2.23784 -39.4901 
v -15.297 2.93736 -39.3273 
v -15.1328 2.93717 -39.3311 
v -15.0085 2.93704 -39.2771 
v -14.9532 2.75215 -39.133 
v -14.9304 2.93695 -39.1592 
v -14.9736 2.17006 -38.8471 
v -14.9532 2.75215 -38.8567 
v -14.9304 2.93695 -38.8572 
v -15.0822 2.18508 -38.7049 
v -15.0344 2.76355 -38.7066 
v -15.0085 2.93704 -38.7151 
v -15.4056 2.93748 -39.2683 
v -15.4429 2.8209 -39.254 
v -15.611 2.25824 -39.4132 
v -15.5207 2.93761 -39.1496 
v -15.7442 2.27666 -39.2688 
v -15.5544 2.83655 -39.1328 
v -15.5544 2.83655 -38.8569 
v -15.5207 2.93761 -38.8564 
v -15.7442 2.27666 -38.8471 
v -15.4429 2.8209 -38.7111 
v -15.611 2.25824 -38.7049 
v -15.4056 2.93748 -38.7192 
v -15.4636 2.23784 -38.628 
v -15.3132 2.80154 -38.6536 
v -15.3016 2.93738 -38.634 
v -15.2431 2.20734 -38.628 
v -15.1798 2.78513 -38.6508 
v -15.1244 2.93714 -38.6285 
v -15.0085 2.93704 -38.7151 
v -15.0344 2.76355 -38.7066 
v -15.0822 2.18508 -38.7049 

vn -0.133858 -0.992126 0 
vn -0.133858 -0.992126 0 
vn -0.133858 -0.992126 0 
vn -0.133858 -0.992126 0 
vn -0.133858 -0.992126 0 
vn -0.133858 -0.992126 0 
vn -0.133858 -0.992126 0 
vn -0.133858 -0.992126 0 
vn -0.133858 -0.992126 0 
vn -0.133858 -0.992126 0 
vn -0.133858 -0.992126 0 
vn -0.133858 -0.992126 0 
vn -0.133858 -0.992126 0 
vn -0.133858 -0.992126 0 
vn -0.133858 -0.992126 0 
vn -0.133858 -0.992126 0 
vn 0.0944882 0.811024 0.582677 
vn 0.496063 0.692913 0.527559 
vn 0.425197 0.818898 0.377953 
vn 0.0944882 0.913386 0.401575 
vn -0.125984 0.811024 0.574803 
vn 0.834646 0.488189 0.251969 
vn 0.779528 0.606299 0.141732 
vn 0.204724 0.976378 0 
vn 0.0472441 1 0 
vn -0.0944882 0.913386 0.393701 
vn -0.0472441 1 0 
vn -0.456693 0.732283 0.503937 
vn -0.362205 0.850394 0.377953 
vn -0.188976 0.984252 0 
vn -0.0787402 0.905512 -0.417323 
vn -0.314961 0.858268 -0.409449 
vn 0.0708661 0.905512 -0.417323 
vn 0.346457 0.84252 -0.417323 
vn 0.385827 0.92126 0.00787402 
vn 0.0708661 0.787402 -0.606299 
vn 0.385827 0.724409 -0.574803 
vn -0.102362 0.787402 -0.606299 
vn -0.377953 0.740157 -0.559055 
vn -0.629921 0.755906 -0.173228 
vn -0.338583 0.944882 0.00787402 
vn -0.314961 0.929134 0.181102 
vn -0.795276 0.606299 0.00787402 
vn -0.685039 0.677165 -0.259843 
vn -0.700787 0.669291 0.251969 
vn 0.811024 0.519685 -0.275591 
vn 0.314961 0.929134 -0.181102 
vn 0.944882 0.330709 0.00787402 
vn 0.629921 0.15748 -0.755906 
vn 0.204724 0.259843 -0.944882 
vn 0.220472 0.188976 -0.96063 
vn 0.669291 0.0866142 -0.740157 
vn 0.976378 0.015748 -0.220472 
vn -0.165354 0.267717 -0.944882 
vn -0.15748 0.330709 -0.929134 
vn -0.165354 -0.0629921 -0.984252 
vn 0.19685 -0.141732 -0.968504 
vn 0.653543 -0.181102 -0.740157 
vn 0.984252 -0.0314961 -0.165354 
vn 0.968504 -0.149606 -0.204724 
vn 0.984252 -0.0393701 0.188976 
vn 0.984252 -0.0551181 0.188976 
vn 0.976378 -0.11811 0.173228 
vn 0.653543 -0.0314961 0.755906 
vn 0.661417 -0.0393701 0.748031 
vn 0.787402 -0.125984 0.598425 
vn -0.582677 0.0787402 -0.811024 
vn -0.559055 0.338583 -0.755906 
vn -0.543307 0.377953 -0.755906 
vn -0.905512 0.251969 -0.330709 
vn -0.889764 0.370079 -0.267717 
vn -0.913386 0.346457 -0.220472 
vn -0.92126 0.307087 0.244094 
vn -0.905512 0.307087 0.283465 
vn -0.92126 0.307087 0.228346 
vn -0.598425 0.204724 0.771654 
vn -0.614173 0.204724 0.76378 
vn -0.677165 0.19685 0.708661 
vn -0.212598 0.0944882 0.968504 
vn -0.181102 0.0629921 0.984252 
vn -0.19685 -0.11811 0.976378 
vn 0.19685 0.015748 0.976378 
vn 0.181102 -0.00787402 0.984252 
vn 0.23622 -0.228346 0.944882 
vn 0.787402 -0.125984 0.598425 
vn 0.661417 -0.0393701 0.748031 
vn 0.653543 -0.0314961 0.755906 

vt 0.531276 0.813957 
vt 0.532639 0.821673 
vt 0.522078 0.821673 
vt 0.522078 0.813947 
vt 0.531295 0.799278 
vt 0.543882 0.813971 
vt 0.541292 0.821673 
vt 0.522078 0.799268 
vt 0.522078 0.791649 
vt 0.532679 0.791649 
vt 0.541332 0.791649 
vt 0.543901 0.799291 
vt 0.552332 0.81398 
vt 0.552332 0.821673 
vt 0.552332 0.791649 
vt 0.552332 0.7993 
vt 0.496976 0.821788 
vt 0.491028 0.821787 
vt 0.493324 0.816158 
vt 0.497435 0.816588 
vt 0.506066 0.821788 
vt 0.487021 0.821787 
vt 0.490055 0.814543 
vt 0.4938 0.806045 
vt 0.497581 0.805985 
vt 0.504327 0.816573 
vt 0.503881 0.805985 
vt 0.511406 0.821787 
vt 0.508688 0.816148 
vt 0.508027 0.806045 
vt 0.504376 0.795354 
vt 0.508851 0.795813 
vt 0.497503 0.795335 
vt 0.493212 0.79577 
vt 0.490672 0.806105 
vt 0.497404 0.791535 
vt 0.491029 0.791535 
vt 0.505832 0.791535 
vt 0.511406 0.791535 
vt 0.512887 0.797668 
vt 0.511321 0.806105 
vt 0.5126 0.814545 
vt 0.5126 0.814545 
vt 0.517309 0.791535 
vt 0.517309 0.821787 
vt 0.487021 0.791535 
vt 0.489902 0.79762 
vt 0.489902 0.79762 
vt 0.549323 0.826446 
vt 0.567224 0.826446 
vt 0.569869 0.863299 
vt 0.549323 0.863893 
vt 0.536396 0.826446 
vt 0.593295 0.862555 
vt 0.594628 0.826446 
vt 0.592269 0.872774 
vt 0.57042 0.872774 
vt 0.549323 0.872774 
vt 0.526419 0.863271 
vt 0.527542 0.872774 
vt 0.499195 0.826446 
vt 0.499189 0.863581 
vt 0.498252 0.872774 
vt 0.486899 0.826446 
vt 0.486899 0.863531 
vt 0.486899 0.872774 
vt 0.611861 0.872774 
vt 0.611861 0.86216 
vt 0.611861 0.826446 
vt 0.636788 0.872774 
vt 0.628461 0.826446 
vt 0.638064 0.861197 
vt 0.66454 0.861893 
vt 0.665571 0.872774 
vt 0.665472 0.826446 
vt 0.674706 0.862648 
vt 0.674706 0.826446 
vt 0.674706 0.872774 
vt 0.699644 0.826446 
vt 0.702642 0.863299 
vt 0.702009 0.872774 
vt 0.718835 0.826446 
vt 0.716911 0.863303 
vt 0.718601 0.872774 
vt 0.736643 0.872774 
vt 0.736643 0.863531 
vt 0.736643 0.826446 

usemtl Dummy1Mtl

f 839/839/839 840/840/840 841/841/841 
f 839/839/839 841/841/841 842/842/842 
f 843/843/843 839/839/839 842/842/842 
f 843/843/843 844/844/844 839/839/839 
f 839/839/839 844/844/844 845/845/845 
f 839/839/839 845/845/845 840/840/840 
f 843/843/843 842/842/842 846/846/846 
f 847/847/847 848/848/848 843/843/843 
f 847/847/847 843/843/843 846/846/846 
f 843/843/843 848/848/848 849/849/849 
f 843/843/843 849/849/849 850/850/850 
f 843/843/843 850/850/850 844/844/844 
f 850/850/850 851/851/851 844/844/844 
f 844/844/844 851/851/851 852/852/852 
f 844/844/844 852/852/852 845/845/845 
f 850/850/850 849/849/849 853/853/853 
f 850/850/850 853/853/853 854/854/854 
f 850/850/850 854/854/854 851/851/851 
f 855/855/855 856/856/856 857/857/857 
f 855/855/855 857/857/857 858/858/858 
f 859/859/859 855/855/855 858/858/858 
f 856/856/856 860/860/860 861/861/861 
f 856/856/856 861/861/861 857/857/857 
f 857/857/857 862/862/862 863/863/863 
f 857/857/857 863/863/863 858/858/858 
f 861/861/861 862/862/862 857/857/857 
f 859/859/859 858/858/858 864/864/864 
f 858/858/858 863/863/863 865/865/865 
f 858/858/858 865/865/865 864/864/864 
f 866/866/866 859/859/859 864/864/864 
f 866/866/866 864/864/864 867/867/867 
f 864/864/864 865/865/865 868/868/868 
f 864/864/864 868/868/868 867/867/867 
f 869/869/869 865/865/865 863/863/863 
f 870/870/870 868/868/868 865/865/865 
f 870/870/870 865/865/865 869/869/869 
f 869/869/869 863/863/863 871/871/871 
f 871/871/871 863/863/863 862/862/862 
f 871/871/871 862/862/862 872/872/872 
f 872/872/872 862/862/862 873/873/873 
f 861/861/861 873/873/873 862/862/862 
f 874/874/874 869/869/869 871/871/871 
f 875/875/875 874/874/874 871/871/871 
f 875/875/875 871/871/871 872/872/872 
f 874/874/874 876/876/876 869/869/869 
f 876/876/876 870/870/870 869/869/869 
f 876/876/876 877/877/877 870/870/870 
f 877/877/877 878/878/878 870/870/870 
f 878/878/878 868/868/868 870/870/870 
f 878/878/878 879/879/879 868/868/868 
f 867/867/867 868/868/868 879/879/879 
f 880/880/880 879/879/879 878/878/878 
f 880/880/880 878/878/878 881/881/881 
f 877/877/877 882/882/882 878/878/878 
f 878/878/878 882/882/882 883/883/883 
f 878/878/878 883/883/883 881/881/881 
f 867/867/867 879/879/879 880/880/880 
f 883/883/883 867/867/867 880/880/880 
f 883/883/883 880/880/880 881/881/881 
f 883/883/883 866/866/866 867/867/867 
f 884/884/884 875/875/875 872/872/872 
f 884/884/884 872/872/872 885/885/885 
f 872/872/872 873/873/873 885/885/885 
f 884/884/884 885/885/885 886/886/886 
f 861/861/861 860/860/860 884/884/884 
f 861/861/861 884/884/884 886/886/886 
f 885/885/885 873/873/873 861/861/861 
f 885/885/885 861/861/861 886/886/886 
f 887/887/887 888/888/888 889/889/889 
f 887/887/887 889/889/889 890/890/890 
f 891/891/891 887/887/887 890/890/890 
f 892/892/892 889/889/889 888/888/888 
f 892/892/892 888/888/888 893/893/893 
f 894/894/894 895/895/895 889/889/889 
f 894/894/894 889/889/889 892/892/892 
f 889/889/889 895/895/895 896/896/896 
f 889/889/889 896/896/896 890/890/890 
f 891/891/891 890/890/890 897/897/897 
f 890/890/890 896/896/896 898/898/898 
f 890/890/890 898/898/898 897/897/897 
f 899/899/899 891/891/891 897/897/897 
f 899/899/899 897/897/897 900/900/900 
f 897/897/897 898/898/898 901/901/901 
f 897/897/897 901/901/901 900/900/900 
f 902/902/902 899/899/899 900/900/900 
f 902/902/902 900/900/900 903/903/903 
f 903/903/903 900/900/900 901/901/901 
f 903/903/903 901/901/901 904/904/904 
f 905/905/905 894/894/894 892/892/892 
f 905/905/905 892/892/892 906/906/906 
f 892/892/892 893/893/893 907/907/907 
f 892/892/892 907/907/907 906/906/906 
f 906/906/906 908/908/908 905/905/905 
f 909/909/909 910/910/910 906/906/906 
f 909/909/909 906/906/906 907/907/907 
f 906/906/906 910/910/910 908/908/908 
f 908/908/908 910/910/910 911/911/911 
f 908/908/908 911/911/911 912/912/912 
f 910/910/910 909/909/909 913/913/913 
f 910/910/910 913/913/913 911/911/911 
f 912/912/912 911/911/911 914/914/914 
f 911/911/911 913/913/913 915/915/915 
f 911/911/911 915/915/915 914/914/914 
f 912/912/912 914/914/914 916/916/916 
f 917/917/917 918/918/918 914/914/914 
f 917/917/917 914/914/914 915/915/915 
f 914/914/914 918/918/918 916/916/916 
f 916/916/916 918/918/918 919/919/919 
f 920/920/920 921/921/921 918/918/918 
f 920/920/920 918/918/918 917/917/917 
f 921/921/921 919/919/919 918/918/918 
f 921/921/921 922/922/922 919/919/919 
f 923/923/923 922/922/922 921/921/921 
f 924/924/924 921/921/921 920/920/920 
f 923/923/923 921/921/921 924/924/924 
f 924/924/924 920/920/920 925/925/925 

g Dummy9

v -14.8972 3.79722 -39.3726 
v -15.0421 3.76111 -39.4216 
v -15.0768 3.84656 -39.2259 
v -14.8972 3.88742 -39.2259 
v -15.2234 3.67823 -39.4216 
v -15.0768 3.84656 -38.8906 
v -14.8972 3.88742 -38.8906 
v -15.3114 3.74881 -39.2259 
v -15.3114 3.74881 -38.8906 
v -15.332 3.59843 -39.3726 
v -15.4412 3.59358 -39.2259 
v -15.4412 3.59358 -38.8906 
v -15.2234 3.67823 -38.6968 
v -15.332 3.59843 -38.7458 
v -15.0421 3.76111 -38.6968 
v -14.8972 3.79722 -38.7458 
v -15.0085 2.92829 -38.7153 
v -15.1244 2.9284 -38.6287 
v -15.1442 2.86523 -38.7253 
v -15.0408 2.87276 -38.7729 
v -14.9304 2.92821 -38.8574 
v -15.3016 2.92862 -38.6342 
v -15.2969 2.86523 -38.7283 
v -15.1707 2.81877 -38.9942 
v -15.0993 2.82633 -38.9944 
v -14.9724 2.88618 -38.8675 
v -15.0529 2.83977 -38.9946 
v -14.9304 2.92821 -39.1594 
v -14.9687 2.88617 -39.1273 
v -15.0382 2.87273 -39.21 
v -15.1471 2.8652 -39.242 
v -15.2722 2.81877 -38.9942 
v -15.389 2.87274 -38.7752 
v -15.4056 2.92872 -38.7194 
v -15.4899 2.88618 -38.867 
v -15.3354 2.82629 -38.9944 
v -15.2957 2.8652 -39.2397 
v -15.297 2.9286 -39.3275 
v -15.1328 2.92843 -39.3313 
v -15.0085 2.92829 -39.2772 
v -15.4056 2.92872 -39.2685 
v -15.3915 2.87271 -39.2048 
v -15.4038 2.83978 -38.9945 
v -15.5207 2.92885 -38.8566 
v -15.4939 2.88617 -39.1215 
v -15.5207 2.92885 -39.1498 
v -15.0085 2.92829 -38.7153 
v -14.8972 3.32809 -38.7458 
v -15.0438 3.27905 -38.6968 
v -15.1244 2.9284 -38.6287 
v -15.0354 3.56175 -38.6768 
v -14.8972 3.62402 -38.7286 
v -15.2167 3.48724 -38.6768 
v -15.2251 3.21185 -38.6968 
v -15.3016 2.92862 -38.6342 
v -15.3642 3.4066 -38.7286 
v -15.3463 3.16691 -38.7458 
v -15.2234 3.67823 -38.6968 
v -15.332 3.59843 -38.7458 
v -14.8972 3.32809 -39.3726 
v -14.8972 3.62402 -39.4011 
v -14.8972 3.6115 -39.2351 
v -14.8972 3.26194 -39.2259 
v -14.8566 3.18586 -39.2259 
v -14.8972 3.79722 -39.3726 
v -14.8972 3.26438 -38.8906 
v -14.8972 3.6128 -38.8813 
v -14.8972 3.88742 -39.2259 
v -14.8972 3.88742 -38.8906 
v -14.8566 3.18586 -38.8906 
v -14.8972 3.32809 -38.7458 
v -14.8972 3.62402 -38.7286 
v -14.8972 3.79722 -38.7458 
v -15.0421 3.76111 -38.6968 
v -14.8972 3.79722 -38.7458 
v -15.4412 3.59358 -38.8906 
v -15.3642 3.4066 -38.7286 
v -15.4833 3.40434 -38.8813 
v -15.4833 3.40434 -39.2351 
v -15.4412 3.59358 -39.2259 
v -15.3463 3.16691 -38.7458 
v -15.4741 3.16691 -39.2259 
v -15.4741 3.16691 -38.8906 
v -15.3463 3.16691 -39.348 
v -15.3642 3.4066 -39.376 
v -15.332 3.59843 -39.3726 
v -15.2167 3.48724 -39.4416 
v -15.3642 3.4066 -39.376 
v -15.2234 3.67823 -39.4216 
v -15.0438 3.27905 -39.4216 
v -15.2251 3.21185 -39.4216 
v -15.0354 3.56175 -39.4416 
v -15.3463 3.16691 -39.348 
v -15.1328 2.92843 -39.3313 
v -15.297 2.9286 -39.3275 
v -14.8972 3.32809 -39.3726 
v -15.0085 2.92829 -39.2772 
v -14.8972 3.62402 -39.4011 
v -15.0421 3.76111 -39.4216 
v -14.8972 3.79722 -39.3726 
v -14.8972 3.32809 -39.3726 
v -14.8566 3.18586 -39.2259 
v -14.9304 2.92821 -39.1594 
v -14.8566 3.18586 -38.8906 
v -14.9304 2.92821 -38.8574 
v -15.0085 2.92829 -38.7153 
v -14.8972 3.32809 -38.7458 
v -15.4056 2.92872 -39.2685 
v -15.5207 2.92885 -39.1498 
v -15.5207 2.92885 -38.8566 
v -15.4056 2.92872 -38.7194 

vn 0.00787402 0.685039 -0.724409 
vn -0.125984 0.614173 -0.779528 
vn -0.307087 0.937008 -0.165354 
vn -0.19685 0.968504 -0.15748 
vn -0.362205 0.519685 -0.771654 
vn -0.307087 0.937008 0.165354 
vn -0.19685 0.968504 0.15748 
vn -0.559055 0.811024 -0.15748 
vn -0.559055 0.811024 0.15748 
vn -0.653543 0.314961 -0.685039 
vn -0.889764 0.425197 -0.188976 
vn -0.889764 0.425197 0.188976 
vn -0.354331 0.519685 0.771654 
vn -0.653543 0.330709 0.685039 
vn -0.110236 0.606299 0.787402 
vn 0.0314961 0.677165 0.740157 
vn 0.440945 -0.779528 0.448819 
vn 0.11811 -0.834646 0.543307 
vn 0.0787402 -0.944882 0.330709 
vn 0.307087 -0.905512 0.283465 
vn 0.637795 -0.76378 0.0944882 
vn -0.125984 -0.818898 0.559055 
vn -0.0944882 -0.937008 0.330709 
vn 0.0472441 -1 0 
vn 0.181102 -0.984252 0 
vn 0.566929 -0.818898 0.0944882 
vn 0.472441 -0.88189 0 
vn 0.614173 -0.779528 -0.11811 
vn 0.559055 -0.826772 -0.0708661 
vn 0.267717 -0.913386 -0.307087 
vn 0.0629921 -0.937008 -0.338583 
vn -0.0472441 -1 0 
vn -0.307087 -0.897638 0.314961 
vn -0.464567 -0.708661 0.535433 
vn -0.559055 -0.811024 0.141732 
vn -0.181102 -0.984252 0 
vn -0.0787402 -0.937008 -0.346457 
vn -0.102362 -0.80315 -0.582677 
vn 0.0866142 -0.818898 -0.574803 
vn 0.346457 -0.80315 -0.488189 
vn -0.377953 -0.740157 -0.551181 
vn -0.275591 -0.905512 -0.330709 
vn -0.409449 -0.913386 0 
vn -0.669291 -0.724409 0.149606 
vn -0.559055 -0.818898 -0.11811 
vn -0.637795 -0.740157 -0.188976 
vn 0.677165 -0.0944882 0.732283 
vn 0.559055 -0.0944882 0.826772 
vn 0.228346 0 0.976378 
vn 0.15748 0.133858 0.976378 
vn 0.165354 0 0.984252 
vn 0.330709 0.023622 0.944882 
vn -0.149606 0 0.992126 
vn -0.173228 0.0944882 0.984252 
vn -0.267717 0.251969 0.929134 
vn -0.614173 0.015748 0.787402 
vn -0.637795 0.110236 0.76378 
vn -0.354331 0.519685 0.771654 
vn -0.653543 0.330709 0.685039 
vn 1 0.00787402 0.00787402 
vn 1 0 0 
vn 1 0 0 
vn 0.992126 0.0944882 0.00787402 
vn 0.88189 0.464567 0.015748 
vn 1 0 0 
vn 0.992126 0.0944882 -0.00787402 
vn 1 0 0 
vn 1 0 0 
vn 1 0 0 
vn 0.88189 0.464567 -0.023622 
vn 1 0.015748 -0.00787402 
vn 1 0 0 
vn 1 0 0 
vn -0.110236 0.606299 0.787402 
vn 0.0314961 0.677165 0.740157 
vn -0.889764 0.425197 0.188976 
vn -0.614173 0.015748 0.787402 
vn -0.968504 0.0629921 0.23622 
vn -0.968504 0.0629921 -0.244094 
vn -0.889764 0.425197 -0.188976 
vn -0.637795 0.110236 0.76378 
vn -0.952756 0 -0.291339 
vn -0.968504 0.0866142 0.244094 
vn -0.590551 -0.11811 -0.80315 
vn -0.622047 -0.00787402 -0.779528 
vn -0.653543 0.314961 -0.685039 
vn -0.173228 -0.00787402 -0.984252 
vn -0.622047 -0.00787402 -0.779528 
vn -0.362205 0.519685 -0.771654 
vn 0.212598 -0.204724 -0.952756 
vn -0.141732 -0.181102 -0.968504 
vn 0.149606 0 -0.992126 
vn -0.590551 -0.11811 -0.80315 
vn 0.204724 -0.307087 -0.929134 
vn -0.19685 -0.244094 -0.952756 
vn 0.448819 -0.220472 -0.866142 
vn 0.582677 -0.338583 -0.740157 
vn 0.291339 0.0314961 -0.952756 
vn -0.125984 0.614173 -0.779528 
vn 0.00787402 0.685039 -0.724409 
vn 0.448819 -0.220472 -0.866142 
vn 0.897638 -0.322835 -0.283465 
vn 0.937008 -0.307087 -0.181102 
vn 0.944882 -0.244094 0.212598 
vn 0.944882 -0.244094 0.212598 
vn 0.677165 -0.0944882 0.732283 
vn 0.559055 -0.0944882 0.826772 
vn -0.629921 -0.110236 -0.771654 
vn -0.968504 0.133858 -0.19685 
vn -0.937008 0.228346 0.267717 
vn -0.661417 0.259843 0.708661 

vt 0.548382 0.935887 
vt 0.548382 0.952833 
vt 0.53093 0.951909 
vt 0.531174 0.935887 
vt 0.548382 0.976963 
vt 0.50385 0.952028 
vt 0.503434 0.935887 
vt 0.530991 0.981527 
vt 0.504916 0.981125 
vt 0.548382 0.997758 
vt 0.531673 0.997758 
vt 0.504318 0.997758 
vt 0.48688 0.977605 
vt 0.48688 0.997758 
vt 0.48688 0.953312 
vt 0.48688 0.935887 
vt 0.557408 0.939797 
vt 0.563355 0.939797 
vt 0.564323 0.943244 
vt 0.559424 0.94547 
vt 0.553402 0.939798 
vt 0.572441 0.939797 
vt 0.571559 0.943385 
vt 0.56457 0.955804 
vt 0.559864 0.955815 
vt 0.556178 0.949887 
vt 0.556803 0.955823 
vt 0.553402 0.970225 
vt 0.556002 0.962022 
vt 0.559296 0.965882 
vt 0.564461 0.967376 
vt 0.57126 0.955805 
vt 0.575929 0.945574 
vt 0.57778 0.939797 
vt 0.580711 0.949865 
vt 0.575429 0.955813 
vt 0.571506 0.967271 
vt 0.572208 0.970226 
vt 0.563782 0.970226 
vt 0.557408 0.970226 
vt 0.57778 0.970226 
vt 0.576046 0.965639 
vt 0.579938 0.955819 
vt 0.583682 0.939798 
vt 0.580899 0.961752 
vt 0.583682 0.970225 
vt 0.736643 0.872774 
vt 0.736643 0.895859 
vt 0.72006 0.893644 
vt 0.718601 0.872774 
vt 0.715512 0.919043 
vt 0.736643 0.920346 
vt 0.699345 0.917474 
vt 0.702939 0.890833 
vt 0.702009 0.872774 
vt 0.674706 0.915957 
vt 0.674706 0.888709 
vt 0.695261 0.935156 
vt 0.674706 0.935155 
vt 0.549323 0.895924 
vt 0.549323 0.920535 
vt 0.536164 0.920505 
vt 0.534784 0.89414 
vt 0.534674 0.891488 
vt 0.549323 0.935157 
vt 0.502163 0.894204 
vt 0.501038 0.920467 
vt 0.535099 0.935157 
vt 0.501726 0.935157 
vt 0.502257 0.891332 
vt 0.486899 0.895954 
vt 0.486899 0.920459 
vt 0.486899 0.935157 
vt 0.711497 0.935156 
vt 0.736643 0.935157 
vt 0.660444 0.935155 
vt 0.674706 0.915936 
vt 0.661457 0.915542 
vt 0.62837 0.915541 
vt 0.628238 0.935155 
vt 0.674706 0.888495 
vt 0.628909 0.887854 
vt 0.662657 0.887726 
vt 0.611861 0.888226 
vt 0.611861 0.915811 
vt 0.611861 0.935155 
vt 0.595108 0.917672 
vt 0.611861 0.916008 
vt 0.601106 0.935156 
vt 0.566884 0.893723 
vt 0.589186 0.890832 
vt 0.572708 0.919185 
vt 0.611861 0.888787 
vt 0.57042 0.872774 
vt 0.592269 0.872774 
vt 0.549323 0.89597 
vt 0.549323 0.872774 
vt 0.549323 0.92046 
vt 0.578313 0.935156 
vt 0.549323 0.935157 
vt 0.549323 0.895924 
vt 0.534674 0.891488 
vt 0.527542 0.872774 
vt 0.502257 0.891332 
vt 0.498252 0.872774 
vt 0.486899 0.872774 
vt 0.486899 0.895954 
vt 0.611861 0.872774 
vt 0.636788 0.872774 
vt 0.665571 0.872774 
vt 0.674706 0.872774 

usemtl Dummy1Mtl

f 926/926/926 927/927/927 928/928/928 
f 926/926/926 928/928/928 929/929/929 
f 930/930/930 928/928/928 927/927/927 
f 928/928/928 931/931/931 932/932/932 
f 928/928/928 932/932/932 929/929/929 
f 930/930/930 933/933/933 928/928/928 
f 928/928/928 933/933/933 934/934/934 
f 928/928/928 934/934/934 931/931/931 
f 935/935/935 933/933/933 930/930/930 
f 935/935/935 936/936/936 933/933/933 
f 933/933/933 936/936/936 937/937/937 
f 933/933/933 937/937/937 934/934/934 
f 931/931/931 934/934/934 938/938/938 
f 934/934/934 937/937/937 939/939/939 
f 934/934/934 939/939/939 938/938/938 
f 931/931/931 940/940/940 941/941/941 
f 931/931/931 941/941/941 932/932/932 
f 931/931/931 938/938/938 940/940/940 
f 942/942/942 943/943/943 944/944/944 
f 942/942/942 944/944/944 945/945/945 
f 946/946/946 942/942/942 945/945/945 
f 943/943/943 947/947/947 948/948/948 
f 943/943/943 948/948/948 944/944/944 
f 944/944/944 949/949/949 950/950/950 
f 944/944/944 950/950/950 945/945/945 
f 948/948/948 949/949/949 944/944/944 
f 946/946/946 945/945/945 951/951/951 
f 945/945/945 950/950/950 952/952/952 
f 945/945/945 952/952/952 951/951/951 
f 953/953/953 946/946/946 951/951/951 
f 953/953/953 951/951/951 952/952/952 
f 953/953/953 952/952/952 954/954/954 
f 954/954/954 952/952/952 950/950/950 
f 955/955/955 950/950/950 949/949/949 
f 954/954/954 950/950/950 955/955/955 
f 956/956/956 949/949/949 957/957/957 
f 955/955/955 949/949/949 956/956/956 
f 948/948/948 957/957/957 949/949/949 
f 947/947/947 958/958/958 948/948/948 
f 958/958/958 957/957/957 948/948/948 
f 947/947/947 959/959/959 958/958/958 
f 959/959/959 960/960/960 958/958/958 
f 960/960/960 961/961/961 958/958/958 
f 958/958/958 961/961/961 957/957/957 
f 956/956/956 957/957/957 962/962/962 
f 962/962/962 957/957/957 961/961/961 
f 963/963/963 964/964/964 956/956/956 
f 963/963/963 956/956/956 962/962/962 
f 964/964/964 955/955/955 956/956/956 
f 964/964/964 965/965/965 955/955/955 
f 965/965/965 954/954/954 955/955/955 
f 965/965/965 953/953/953 954/954/954 
f 966/966/966 963/963/963 962/962/962 
f 966/966/966 962/962/962 967/967/967 
f 962/962/962 961/961/961 967/967/967 
f 967/967/967 961/961/961 968/968/968 
f 960/960/960 968/968/968 961/961/961 
f 969/969/969 968/968/968 960/960/960 
f 959/959/959 969/969/969 960/960/960 
f 969/969/969 970/970/970 968/968/968 
f 967/967/967 968/968/968 970/970/970 
f 971/971/971 966/966/966 967/967/967 
f 971/971/971 967/967/967 970/970/970 
f 969/969/969 971/971/971 970/970/970 
f 972/972/972 973/973/973 974/974/974 
f 972/972/972 974/974/974 975/975/975 
f 976/976/976 974/974/974 973/973/973 
f 976/976/976 973/973/973 977/977/977 
f 974/974/974 976/976/976 978/978/978 
f 974/974/974 978/978/978 979/979/979 
f 975/975/975 974/974/974 979/979/979 
f 975/975/975 979/979/979 980/980/980 
f 979/979/979 978/978/978 981/981/981 
f 979/979/979 981/981/981 982/982/982 
f 980/980/980 979/979/979 982/982/982 
f 976/976/976 983/983/983 978/978/978 
f 978/978/978 983/983/983 984/984/984 
f 978/978/978 984/984/984 981/981/981 
f 985/985/985 986/986/986 987/987/987 
f 985/985/985 987/987/987 988/988/988 
f 989/989/989 985/985/985 988/988/988 
f 987/987/987 986/986/986 990/990/990 
f 991/991/991 988/988/988 987/987/987 
f 991/991/991 987/987/987 992/992/992 
f 987/987/987 990/990/990 993/993/993 
f 987/987/987 993/993/993 994/994/994 
f 987/987/987 994/994/994 992/992/992 
f 989/989/989 988/988/988 991/991/991 
f 989/989/989 991/991/991 995/995/995 
f 996/996/996 991/991/991 992/992/992 
f 996/996/996 995/995/995 991/991/991 
f 996/996/996 992/992/992 997/997/997 
f 992/992/992 994/994/994 998/998/998 
f 992/992/992 998/998/998 997/997/997 
f 999/999/999 976/976/976 977/977/977 
f 976/976/976 999/999/999 983/983/983 
f 999/999/999 977/977/977 1000/1000/1000 
f 1001/1001/1001 1002/1002/1002 984/984/984 
f 1001/1001/1001 1003/1003/1003 1002/1002/1002 
f 1004/1004/1004 1003/1003/1003 1001/1001/1001 
f 1004/1004/1004 1001/1001/1001 1005/1005/1005 
f 1003/1003/1003 1006/1006/1006 1002/1002/1002 
f 1007/1007/1007 1008/1008/1008 1003/1003/1003 
f 1007/1007/1007 1003/1003/1003 1004/1004/1004 
f 1003/1003/1003 1008/1008/1008 1006/1006/1006 
f 1009/1009/1009 1007/1007/1007 1004/1004/1004 
f 1009/1009/1009 1004/1004/1004 1010/1010/1010 
f 1010/1010/1010 1004/1004/1004 1005/1005/1005 
f 1010/1010/1010 1005/1005/1005 1011/1011/1011 
f 1012/1012/1012 1013/1013/1013 1011/1011/1011 
f 1012/1012/1012 1011/1011/1011 1014/1014/1014 
f 1015/1015/1015 1016/1016/1016 1012/1012/1012 
f 1015/1015/1015 1012/1012/1012 1017/1017/1017 
f 1016/1016/1016 1013/1013/1013 1012/1012/1012 
f 1017/1017/1017 1012/1012/1012 1014/1014/1014 
f 1016/1016/1016 1018/1018/1018 1013/1013/1013 
f 1019/1019/1019 1020/1020/1020 1016/1016/1016 
f 1019/1019/1019 1016/1016/1016 1015/1015/1015 
f 1020/1020/1020 1018/1018/1018 1016/1016/1016 
f 1021/1021/1021 1015/1015/1015 1017/1017/1017 
f 1022/1022/1022 1019/1019/1019 1015/1015/1015 
f 1022/1022/1022 1015/1015/1015 1021/1021/1021 
f 1021/1021/1021 1017/1017/1017 1023/1023/1023 
f 1017/1017/1017 1014/1014/1014 1024/1024/1024 
f 1023/1023/1023 1017/1017/1017 1024/1024/1024 
f 1023/1023/1023 1024/1024/1024 1025/1025/1025 
f 1022/1022/1022 1026/1026/1026 1027/1027/1027 
f 1022/1022/1022 1027/1027/1027 1028/1028/1028 
f 1028/1028/1028 1027/1027/1027 1029/1029/1029 
f 1028/1028/1028 1029/1029/1029 1030/1030/1030 
f 1031/1031/1031 1030/1030/1030 1029/1029/1029 
f 1031/1031/1031 1029/1029/1029 1032/1032/1032 
f 1020/1020/1020 1033/1033/1033 1018/1018/1018 
f 1033/1033/1033 1034/1034/1034 1007/1007/1007 
f 1033/1033/1033 1007/1007/1007 1009/1009/1009 
f 1034/1034/1034 1035/1035/1035 1008/1008/1008 
f 1034/1034/1034 1008/1008/1008 1007/1007/1007 
f 1035/1035/1035 1036/1036/1036 1006/1006/1006 
f 1035/1035/1035 1006/1006/1006 1008/1008/1008 
f 980/980/980 982/982/982 1036/1036/1036 

g Dummy10

v -12.3227 2.58778 -38.8558 
v -12.5281 2.59589 -39.0223 
v -12.4028 2.55577 -38.7631 
v -12.273 2.59272 -39.0302 
v -12.4724 2.53445 -38.73 
v -12.5781 2.50208 -38.7587 
v -12.6574 2.47779 -38.8179 
v -12.7339 2.45432 -39.0302 
v -12.7335 2.47057 -39.1543 
v -12.5545 2.50687 -39.2726 
v -12.4724 2.53445 -39.3304 
v -12.38 2.56278 -39.3193 
v -12.3263 2.58743 -39.2045 
v -12.7054 2.39537 -38.8064 
v -12.6574 2.47779 -38.8179 
v -12.7339 2.45432 -39.0302 
v -12.7293 2.32013 -38.8283 
v -12.7954 2.3663 -39.0549 
v -12.7335 2.47057 -39.1543 
v -12.7876 2.38 -39.1775 
v -12.7876 2.38 -39.1775 
v -12.7335 2.47057 -39.1543 
v -12.5545 2.50687 -39.2726 
v -12.6014 2.32286 -39.3876 
v -12.7819 2.17349 -39.3177 
v -12.7271 2.12371 -39.376 
v -12.2583 1.66633 -39.3368 
v -12.2791 1.65746 -39.1227 
v -12.3192 1.65706 -39.1214 
v -12.3112 1.67122 -39.3468 
v -12.2969 1.66251 -38.8306 
v -12.3421 1.67078 -38.8421 
v -12.3482 1.69452 -39.1195 
v -12.3592 1.70785 -39.3109 
v -12.3758 1.71144 -38.8591 
v -12.2776 2.26131 -38.6802 
v -12.0932 2.24333 -38.769 
v -12.3227 2.58778 -38.8558 
v -12.4028 2.55577 -38.7631 
v -12.2241 2.03489 -38.7055 
v -12.504 2.3143 -38.6802 
v -12.5169 2.20132 -38.6792 
v -12.0478 1.9566 -38.7805 
v -12.3463 2.02129 -38.7962 
v -12.2537 1.78111 -38.7728 
v -12.486 2.10093 -38.8023 
v -12.5727 2.15658 -38.8338 
v -12.6489 2.26249 -38.7347 
v -12.4724 2.53445 -38.73 
v -12.5781 2.50208 -38.7587 
v -12.6264 2.35251 -38.7276 
v -12.3479 1.81315 -38.833 
v -12.3421 1.67078 -38.8421 
v -12.2969 1.66251 -38.8306 
v -12.1182 1.75692 -38.8059 
v -12.3758 1.71144 -38.8591 
v -12.513 2.2537 -39.417 
v -12.4724 2.53445 -39.3304 
v -12.38 2.56278 -39.3193 
v -12.23 2.22576 -39.4267 
v -12.4933 2.11807 -39.4133 
v -12.6336 2.09634 -39.4049 
v -12.6014 2.32286 -39.3876 
v -12.5545 2.50687 -39.2726 
v -12.7271 2.12371 -39.376 
v -12.1892 2.05311 -39.421 
v -12.3245 2.02993 -39.3621 
v -12.4717 2.08219 -39.3302 
v -12.0832 2.24429 -39.3357 
v -12.3263 2.58743 -39.2045 
v -12.0326 2.00375 -39.3479 
v -12.234 1.79962 -39.3894 
v -12.3293 1.82766 -39.3396 
v -12.0992 1.79317 -39.3343 
v -12.2583 1.66633 -39.3368 
v -12.3112 1.67122 -39.3468 
v -12.3592 1.70785 -39.3109 
v -12.0718 2.23085 -39.052 
v -12.0832 2.24429 -39.3357 
v -12.3263 2.58743 -39.2045 
v -12.273 2.59272 -39.0302 
v -12.0932 2.24333 -38.769 
v -12.0338 1.96807 -39.0618 
v -12.0326 2.00375 -39.3479 
v -12.0478 1.9566 -38.7805 
v -12.3227 2.58778 -38.8558 
v -12.0996 1.7719 -39.0927 
v -12.0992 1.79317 -39.3343 
v -12.1182 1.75692 -38.8059 
v -12.2969 1.66251 -38.8306 
v -12.2791 1.65746 -39.1227 
v -12.2583 1.66633 -39.3368 
v -12.6264 2.35251 -38.7276 
v -12.5781 2.50208 -38.7587 
v -12.6574 2.47779 -38.8179 
v -12.7054 2.39537 -38.8064 
v -12.7293 2.32013 -38.8283 
v -12.6489 2.26249 -38.7347 
v -12.6698 2.2239 -38.953 
v -12.7954 2.3663 -39.0549 
v -12.5727 2.15658 -38.8338 
v -12.6997 2.22225 -39.0807 
v -12.7876 2.38 -39.1775 
v -12.7279 2.18093 -39.181 
v -12.7819 2.17349 -39.3177 
v -12.738 2.14498 -39.2211 
v -12.7819 2.17349 -39.3177 
v -12.6917 2.10087 -39.2554 
v -12.7271 2.12371 -39.376 
v -12.6011 2.08186 -39.294 
v -12.6336 2.09634 -39.4049 
v -12.4933 2.11807 -39.4133 
v -12.4717 2.08219 -39.3302 
v -12.7279 2.18093 -39.181 
v -12.5917 2.14111 -39.2236 
v -12.5882 2.13761 -39.1188 
v -12.6997 2.22225 -39.0807 
v -12.738 2.14498 -39.2211 
v -12.6917 2.10087 -39.2554 
v -12.4717 2.08219 -39.3302 
v -12.4708 2.09472 -39.1145 
v -12.6011 2.08186 -39.294 
v -12.5727 2.15658 -38.8338 
v -12.6698 2.2239 -38.953 
v -12.3196 2.03178 -39.1062 
v -12.3463 2.02129 -38.7962 
v -12.486 2.10093 -38.8023 
v -12.3245 2.02993 -39.3621 
v -12.3136 1.81597 -39.1118 
v -12.3479 1.81315 -38.833 
v -12.3293 1.82766 -39.3396 
v -12.3482 1.69452 -39.1195 
v -12.3758 1.71144 -38.8591 
v -12.3592 1.70785 -39.3109 

vn 0.692913 0.708661 0.133858 
vn -0.299213 0.952756 -0.00787402 
vn -0.15748 0.96063 0.228346 
vn 0.76378 0.645669 0.00787402 
vn -0.275591 0.929134 0.244094 
vn -0.385827 0.889764 0.244094 
vn -0.598425 0.779528 0.188976 
vn -0.748031 0.645669 0.15748 
vn -0.598425 0.685039 -0.409449 
vn -0.496063 0.724409 -0.480315 
vn -0.330709 0.913386 -0.244094 
vn -0.19685 0.96063 -0.204724 
vn 0.669291 0.732283 -0.11811 
vn -0.866142 0.425197 0.267717 
vn -0.598425 0.779528 0.188976 
vn -0.748031 0.645669 0.15748 
vn -0.88189 0.385827 0.275591 
vn -0.874016 0.448819 0.173228 
vn -0.598425 0.685039 -0.409449 
vn -0.645669 0.511811 -0.574803 
vn -0.645669 0.511811 -0.574803 
vn -0.598425 0.685039 -0.409449 
vn -0.496063 0.724409 -0.480315 
vn -0.574803 0.456693 -0.677165 
vn -0.598425 0.393701 -0.692913 
vn -0.598425 0.393701 -0.692913 
vn 0.19685 -0.692913 -0.692913 
vn -0.0708661 -1 -0.015748 
vn -0.448819 -0.897638 -0.023622 
vn -0.307087 -0.637795 -0.708661 
vn -0.015748 -0.732283 0.677165 
vn -0.464567 -0.748031 0.472441 
vn -0.748031 -0.669291 -0.0393701 
vn -0.724409 -0.440945 -0.527559 
vn -0.787402 -0.433071 0.440945 
vn 0.307087 0.204724 0.929134 
vn 0.456693 0.212598 0.866142 
vn 0.480315 0.464567 0.740157 
vn 0.362205 0.401575 0.84252 
vn 0.102362 -0.173228 0.976378 
vn -0.0472441 0.125984 0.992126 
vn -0.251969 -0.362205 0.897638 
vn 0.322835 -0.133858 0.937008 
vn -0.496063 -0.511811 0.700787 
vn -0.11811 -0.251969 0.96063 
vn -0.440945 -0.732283 0.519685 
vn -0.629921 -0.716535 0.307087 
vn -0.677165 -0.472441 0.559055 
vn 0.023622 0.275591 0.96063 
vn -0.377953 0.299213 0.88189 
vn -0.456693 0.19685 0.866142 
vn -0.566929 -0.125984 0.811024 
vn -0.464567 -0.748031 0.472441 
vn -0.015748 -0.732283 0.677165 
vn 0.220472 -0.267717 0.937008 
vn -0.787402 -0.433071 0.440945 
vn -0.0866142 0.188976 -0.976378 
vn -0.0708661 0.330709 -0.944882 
vn 0.299213 0.448819 -0.84252 
vn 0.275591 0.275591 -0.92126 
vn -0.0708661 -0.362205 -0.929134 
vn -0.23622 -0.488189 -0.84252 
vn -0.299213 0.299213 -0.905512 
vn -0.330709 0.425197 -0.84252 
vn -0.472441 -0.559055 -0.685039 
vn 0.173228 -0.0629921 -0.984252 
vn -0.377953 -0.464567 -0.80315 
vn -0.141732 -0.889764 -0.433071 
vn 0.535433 0.377953 -0.755906 
vn 0.543307 0.543307 -0.645669 
vn 0.417323 -0.0629921 -0.905512 
vn 0.015748 -0.181102 -0.984252 
vn -0.456693 -0.0472441 -0.889764 
vn 0.354331 -0.212598 -0.913386 
vn 0.19685 -0.692913 -0.692913 
vn -0.307087 -0.637795 -0.708661 
vn -0.724409 -0.440945 -0.527559 
vn 0.929134 0.370079 0.015748 
vn 0.92126 0.377953 -0.0629921 
vn 0.669291 0.732283 -0.11811 
vn 0.76378 0.645669 0.00787402 
vn 0.929134 0.362205 0.0944882 
vn 1 -0.0551181 0.023622 
vn 1 -0.015748 -0.015748 
vn 1 -0.0551181 0.0551181 
vn 0.692913 0.708661 0.133858 
vn 0.795276 -0.606299 0 
vn 0.834646 -0.551181 -0.0314961 
vn 0.779528 -0.629921 0.0314961 
vn 0.503937 -0.866142 0.015748 
vn 0.543307 -0.84252 0 
vn 0.582677 -0.811024 -0.023622 
vn -0.456693 0.19685 0.866142 
vn -0.377953 0.299213 0.88189 
vn -0.582677 0.377953 0.716535 
vn -0.645669 0.244094 0.724409 
vn -0.787402 -0.543307 0.291339 
vn -0.677165 -0.472441 0.559055 
vn -0.76378 -0.629921 0.15748 
vn -0.84252 -0.519685 0.133858 
vn -0.629921 -0.716535 0.307087 
vn -0.84252 -0.519685 0.133858 
vn -0.905512 -0.377953 0.19685 
vn -0.905512 -0.322835 0.275591 
vn -0.834646 -0.496063 0.251969 
vn -0.858268 -0.417323 0.291339 
vn -0.834646 -0.496063 0.251969 
vn -0.464567 -0.889764 -0.015748 
vn -0.472441 -0.559055 -0.685039 
vn -0.110236 -0.976378 -0.173228 
vn -0.23622 -0.488189 -0.84252 
vn -0.0708661 -0.362205 -0.929134 
vn -0.141732 -0.889764 -0.433071 
vn -0.283465 -0.874016 0.393701 
vn -0.251969 -0.929134 0.275591 
vn -0.456693 -0.88189 0.0866142 
vn -0.543307 -0.826772 0.141732 
vn -0.00787402 -0.685039 0.732283 
vn 0.0551181 -0.716535 0.692913 
vn -0.338583 -0.937008 0.0708661 
vn -0.409449 -0.913386 0.00787402 
vn 0.149606 -0.76378 0.622047 
vn -0.480315 -0.874016 0.0551181 
vn -0.614173 -0.787402 0.110236 
vn -0.88189 -0.472441 -0.0314961 
vn -0.866142 -0.496063 -0.0866142 
vn -0.440945 -0.897638 -0.00787402 
vn -0.88189 -0.464567 0.0472441 
vn -0.992126 0.0944882 -0.0393701 
vn -0.992126 0.0787402 -0.110236 
vn -0.992126 0.0708661 0.0551181 
vn -0.96063 0.275591 -0.023622 
vn -0.952756 0.283465 -0.11811 
vn -0.96063 0.259843 0.0787402 

vt 0.857218 0.734072 
vt 0.853117 0.732213 
vt 0.855617 0.735107 
vt 0.85821 0.732125 
vt 0.854228 0.735477 
vt 0.852118 0.735156 
vt 0.850535 0.734495 
vt 0.849006 0.732125 
vt 0.849015 0.730739 
vt 0.85259 0.729418 
vt 0.854228 0.728773 
vt 0.856074 0.728896 
vt 0.857146 0.730178 
vt 0.87681 0.743763 
vt 0.87857 0.744473 
vt 0.879613 0.740658 
vt 0.875129 0.743066 
vt 0.877695 0.739977 
vt 0.880938 0.738617 
vt 0.87866 0.738284 
vt 0.881047 0.766138 
vt 0.882835 0.765329 
vt 0.88033 0.761789 
vt 0.875453 0.763154 
vt 0.874259 0.766744 
vt 0.871948 0.766104 
vt 0.849115 0.74389 
vt 0.849143 0.740583 
vt 0.850257 0.740518 
vt 0.850632 0.74397 
vt 0.849115 0.736105 
vt 0.850416 0.736233 
vt 0.851571 0.740449 
vt 0.852279 0.743373 
vt 0.851925 0.736436 
vt 0.871784 0.730807 
vt 0.869167 0.733453 
vt 0.880429 0.733451 
vt 0.880412 0.731245 
vt 0.866027 0.729816 
vt 0.87556 0.728125 
vt 0.87295 0.727351 
vt 0.861879 0.73202 
vt 0.866327 0.727469 
vt 0.859777 0.728183 
vt 0.869315 0.726263 
vt 0.871438 0.725093 
vt 0.87576 0.725737 
vt 0.880749 0.729878 
vt 0.881145 0.727904 
vt 0.877818 0.726548 
vt 0.861147 0.726594 
vt 0.857217 0.726269 
vt 0.85672 0.72694 
vt 0.857713 0.72998 
vt 0.858495 0.725796 
vt 0.872694 0.762339 
vt 0.879375 0.760055 
vt 0.879077 0.758366 
vt 0.869061 0.758684 
vt 0.869105 0.762885 
vt 0.870127 0.764946 
vt 0.875453 0.763154 
vt 0.88033 0.761789 
vt 0.871948 0.766104 
vt 0.864788 0.759331 
vt 0.865087 0.761575 
vt 0.866706 0.763351 
vt 0.867948 0.756182 
vt 0.879547 0.756148 
vt 0.861868 0.757161 
vt 0.858871 0.760982 
vt 0.860175 0.762446 
vt 0.857305 0.759024 
vt 0.855321 0.761835 
vt 0.855905 0.762577 
vt 0.857172 0.763357 
vt 0.861763 0.751285 
vt 0.861589 0.747057 
vt 0.850237 0.748396 
vt 0.850697 0.751536 
vt 0.861167 0.755496 
vt 0.868614 0.751247 
vt 0.867916 0.74698 
vt 0.868727 0.755431 
vt 0.850074 0.754644 
vt 0.873902 0.750892 
vt 0.873602 0.747288 
vt 0.874206 0.755161 
vt 0.87976 0.7549 
vt 0.879683 0.750516 
vt 0.879168 0.747303 
vt 0.874928 0.745188 
vt 0.878562 0.746224 
vt 0.87857 0.744473 
vt 0.87681 0.743763 
vt 0.875129 0.743066 
vt 0.872691 0.744481 
vt 0.872336 0.741149 
vt 0.877695 0.739977 
vt 0.869213 0.742968 
vt 0.87312 0.739145 
vt 0.87866 0.738284 
vt 0.873077 0.737341 
vt 0.874804 0.735263 
vt 0.872747 0.736482 
vt 0.873928 0.734945 
vt 0.871047 0.735993 
vt 0.871592 0.734177 
vt 0.868562 0.73571 
vt 0.868833 0.734012 
vt 0.864954 0.734271 
vt 0.86496 0.73567 
vt 0.873077 0.737341 
vt 0.868902 0.737076 
vt 0.869081 0.738619 
vt 0.87312 0.739145 
vt 0.872747 0.736482 
vt 0.871047 0.735993 
vt 0.86496 0.73567 
vt 0.865669 0.73887 
vt 0.868562 0.73571 
vt 0.869213 0.742968 
vt 0.872336 0.741149 
vt 0.861996 0.739138 
vt 0.862846 0.743697 
vt 0.866466 0.743514 
vt 0.861323 0.735386 
vt 0.856632 0.739389 
vt 0.857429 0.743532 
vt 0.85623 0.736003 
vt 0.853229 0.739501 
vt 0.854474 0.743371 
vt 0.852946 0.736623 

usemtl Dummy1Mtl

f 1037/1037/1037 1038/1038/1038 1039/1039/1039 
f 1040/1040/1040 1038/1038/1038 1037/1037/1037 
f 1039/1039/1039 1038/1038/1038 1041/1041/1041 
f 1041/1041/1041 1038/1038/1038 1042/1042/1042 
f 1042/1042/1042 1038/1038/1038 1043/1043/1043 
f 1043/1043/1043 1038/1038/1038 1044/1044/1044 
f 1044/1044/1044 1038/1038/1038 1045/1045/1045 
f 1045/1045/1045 1038/1038/1038 1046/1046/1046 
f 1046/1046/1046 1038/1038/1038 1047/1047/1047 
f 1047/1047/1047 1038/1038/1038 1048/1048/1048 
f 1049/1049/1049 1038/1038/1038 1040/1040/1040 
f 1048/1048/1048 1038/1038/1038 1049/1049/1049 
f 1050/1050/1050 1051/1051/1051 1052/1052/1052 
f 1053/1053/1053 1050/1050/1050 1052/1052/1052 
f 1054/1054/1054 1052/1052/1052 1055/1055/1055 
f 1053/1053/1053 1052/1052/1052 1054/1054/1054 
f 1054/1054/1054 1055/1055/1055 1056/1056/1056 
f 1057/1057/1057 1058/1058/1058 1059/1059/1059 
f 1057/1057/1057 1059/1059/1059 1060/1060/1060 
f 1060/1060/1060 1061/1061/1061 1057/1057/1057 
f 1060/1060/1060 1062/1062/1062 1061/1061/1061 
f 1063/1063/1063 1064/1064/1064 1065/1065/1065 
f 1063/1063/1063 1065/1065/1065 1066/1066/1066 
f 1064/1064/1064 1067/1067/1067 1068/1068/1068 
f 1064/1064/1064 1068/1068/1068 1065/1065/1065 
f 1065/1065/1065 1069/1069/1069 1070/1070/1070 
f 1065/1065/1065 1070/1070/1070 1066/1066/1066 
f 1065/1065/1065 1068/1068/1068 1071/1071/1071 
f 1065/1065/1065 1071/1071/1071 1069/1069/1069 
f 1072/1072/1072 1073/1073/1073 1074/1074/1074 
f 1072/1072/1072 1074/1074/1074 1075/1075/1075 
f 1073/1073/1073 1072/1072/1072 1076/1076/1076 
f 1077/1077/1077 1072/1072/1072 1075/1075/1075 
f 1078/1078/1078 1076/1076/1076 1072/1072/1072 
f 1078/1078/1078 1072/1072/1072 1077/1077/1077 
f 1073/1073/1073 1076/1076/1076 1079/1079/1079 
f 1080/1080/1080 1076/1076/1076 1078/1078/1078 
f 1081/1081/1081 1076/1076/1076 1080/1080/1080 
f 1079/1079/1079 1076/1076/1076 1081/1081/1081 
f 1080/1080/1080 1078/1078/1078 1082/1082/1082 
f 1083/1083/1083 1082/1082/1082 1078/1078/1078 
f 1083/1083/1083 1078/1078/1078 1084/1084/1084 
f 1084/1084/1084 1078/1078/1078 1077/1077/1077 
f 1077/1077/1077 1085/1085/1085 1086/1086/1086 
f 1077/1077/1077 1086/1086/1086 1087/1087/1087 
f 1077/1077/1077 1075/1075/1075 1085/1085/1085 
f 1084/1084/1084 1077/1077/1077 1087/1087/1087 
f 1081/1081/1081 1080/1080/1080 1088/1088/1088 
f 1081/1081/1081 1089/1089/1089 1090/1090/1090 
f 1081/1081/1081 1090/1090/1090 1091/1091/1091 
f 1079/1079/1079 1081/1081/1081 1091/1091/1091 
f 1089/1089/1089 1081/1081/1081 1088/1088/1088 
f 1089/1089/1089 1088/1088/1088 1092/1092/1092 
f 1093/1093/1093 1094/1094/1094 1095/1095/1095 
f 1093/1093/1093 1095/1095/1095 1096/1096/1096 
f 1096/1096/1096 1097/1097/1097 1093/1093/1093 
f 1098/1098/1098 1093/1093/1093 1097/1097/1097 
f 1099/1099/1099 1093/1093/1093 1098/1098/1098 
f 1099/1099/1099 1094/1094/1094 1093/1093/1093 
f 1099/1099/1099 1100/1100/1100 1094/1094/1094 
f 1099/1099/1099 1098/1098/1098 1101/1101/1101 
f 1096/1096/1096 1102/1102/1102 1097/1097/1097 
f 1097/1097/1097 1102/1102/1102 1103/1103/1103 
f 1097/1097/1097 1103/1103/1103 1104/1104/1104 
f 1102/1102/1102 1096/1096/1096 1105/1105/1105 
f 1096/1096/1096 1095/1095/1095 1106/1106/1106 
f 1096/1096/1096 1106/1106/1106 1105/1105/1105 
f 1107/1107/1107 1108/1108/1108 1102/1102/1102 
f 1108/1108/1108 1103/1103/1103 1102/1102/1102 
f 1102/1102/1102 1105/1105/1105 1107/1107/1107 
f 1108/1108/1108 1109/1109/1109 1103/1103/1103 
f 1107/1107/1107 1110/1110/1110 1108/1108/1108 
f 1111/1111/1111 1112/1112/1112 1108/1108/1108 
f 1111/1111/1111 1108/1108/1108 1110/1110/1110 
f 1112/1112/1112 1109/1109/1109 1108/1108/1108 
f 1112/1112/1112 1113/1113/1113 1109/1109/1109 
f 1114/1114/1114 1115/1115/1115 1116/1116/1116 
f 1114/1114/1114 1116/1116/1116 1117/1117/1117 
f 1118/1118/1118 1114/1114/1114 1117/1117/1117 
f 1114/1114/1114 1119/1119/1119 1120/1120/1120 
f 1114/1114/1114 1120/1120/1120 1115/1115/1115 
f 1114/1114/1114 1118/1118/1118 1121/1121/1121 
f 1114/1114/1114 1121/1121/1121 1119/1119/1119 
f 1118/1118/1118 1117/1117/1117 1122/1122/1122 
f 1119/1119/1119 1123/1123/1123 1124/1124/1124 
f 1119/1119/1119 1124/1124/1124 1120/1120/1120 
f 1119/1119/1119 1121/1121/1121 1125/1125/1125 
f 1119/1119/1119 1125/1125/1125 1123/1123/1123 
f 1123/1123/1123 1125/1125/1125 1126/1126/1126 
f 1123/1123/1123 1126/1126/1126 1127/1127/1127 
f 1128/1128/1128 1124/1124/1124 1123/1123/1123 
f 1128/1128/1128 1123/1123/1123 1127/1127/1127 
f 1129/1129/1129 1130/1130/1130 1131/1131/1131 
f 1129/1129/1129 1131/1131/1131 1132/1132/1132 
f 1133/1133/1133 1134/1134/1134 1129/1129/1129 
f 1133/1133/1133 1129/1129/1129 1132/1132/1132 
f 1135/1135/1135 1134/1134/1134 1133/1133/1133 
f 1136/1136/1136 1135/1135/1135 1133/1133/1133 
f 1135/1135/1135 1137/1137/1137 1134/1134/1134 
f 1136/1136/1136 1138/1138/1138 1135/1135/1135 
f 1138/1138/1138 1136/1136/1136 1139/1139/1139 
f 1138/1138/1138 1139/1139/1139 1140/1140/1140 
f 1140/1140/1140 1139/1139/1139 1141/1141/1141 
f 1140/1140/1140 1141/1141/1141 1142/1142/1142 
f 1143/1143/1143 1144/1144/1144 1142/1142/1142 
f 1143/1143/1143 1145/1145/1145 1144/1144/1144 
f 1145/1145/1145 1146/1146/1146 1144/1144/1144 
f 1145/1145/1145 1147/1147/1147 1146/1146/1146 
f 1146/1146/1146 1147/1147/1147 1148/1148/1148 
f 1146/1146/1146 1148/1148/1148 1149/1149/1149 
f 1150/1150/1150 1151/1151/1151 1152/1152/1152 
f 1150/1150/1150 1152/1152/1152 1153/1153/1153 
f 1150/1150/1150 1154/1154/1154 1155/1155/1155 
f 1150/1150/1150 1155/1155/1155 1151/1151/1151 
f 1151/1151/1151 1156/1156/1156 1157/1157/1157 
f 1151/1151/1151 1157/1157/1157 1152/1152/1152 
f 1151/1151/1151 1155/1155/1155 1158/1158/1158 
f 1151/1151/1151 1158/1158/1158 1156/1156/1156 
f 1152/1152/1152 1159/1159/1159 1160/1160/1160 
f 1152/1152/1152 1160/1160/1160 1153/1153/1153 
f 1157/1157/1157 1159/1159/1159 1152/1152/1152 
f 1157/1157/1157 1161/1161/1161 1162/1162/1162 
f 1157/1157/1157 1162/1162/1162 1163/1163/1163 
f 1161/1161/1161 1157/1157/1157 1156/1156/1156 
f 1157/1157/1157 1163/1163/1163 1159/1159/1159 
f 1161/1161/1161 1156/1156/1156 1164/1164/1164 
f 1161/1161/1161 1165/1165/1165 1166/1166/1166 
f 1161/1161/1161 1166/1166/1166 1162/1162/1162 
f 1161/1161/1161 1164/1164/1164 1167/1167/1167 
f 1161/1161/1161 1167/1167/1167 1165/1165/1165 
f 1165/1165/1165 1168/1168/1168 1169/1169/1169 
f 1165/1165/1165 1169/1169/1169 1166/1166/1166 
f 1165/1165/1165 1167/1167/1167 1170/1170/1170 
f 1165/1165/1165 1170/1170/1170 1168/1168/1168 

g Dummy11

v -12.589 2.20249 -39.2688 
v -12.8234 2.17006 -39.2688 
v -12.7149 2.18508 -39.4132 
v -12.554 2.20734 -39.4901 
v -12.589 2.20249 -38.8471 
v -12.2677 2.24694 -39.2688 
v -12.3335 2.23784 -39.4901 
v -12.8234 2.17006 -38.8471 
v -12.7149 2.18508 -38.7049 
v -12.554 2.20734 -38.628 
v -12.2677 2.24694 -38.8471 
v -12.3335 2.23784 -38.628 
v -12.0529 2.27666 -39.2688 
v -12.186 2.25824 -39.4132 
v -12.0529 2.27666 -38.8471 
v -12.186 2.25824 -38.7049 
v -12.554 2.20734 -38.628 
v -12.3335 2.23784 -38.628 
v -12.4838 2.80154 -38.6536 
v -12.6172 2.78513 -38.6508 
v -12.7626 2.76355 -38.7066 
v -12.7149 2.18508 -38.7049 
v -12.186 2.25824 -38.7049 
v -12.3541 2.8209 -38.7111 
v -12.4955 2.93738 -38.634 
v -12.3914 2.93748 -38.7192 
v -12.7885 2.93704 -38.7151 
v -12.6726 2.93714 -38.6285 
v -12.8439 2.75215 -39.133 
v -12.8667 2.93695 -38.8572 
v -12.8667 2.93695 -39.1592 
v -12.8234 2.17006 -38.8471 
v -12.8439 2.75215 -38.8567 
v -12.8234 2.17006 -39.2688 
v -12.7626 2.76355 -38.7066 
v -12.7885 2.93704 -38.7151 
v -12.7149 2.18508 -38.7049 
v -12.6726 2.93714 -38.6285 
v -12.6739 3.03086 -38.7643 
v -12.7657 3.02194 -38.795 
v -12.7885 2.93704 -38.7151 
v -12.4955 2.93738 -38.634 
v -12.52 3.03086 -38.7653 
v -12.658 3.0795 -38.9956 
v -12.5399 3.07949 -38.9956 
v -12.8387 3.01133 -38.9109 
v -12.7289 3.07057 -38.9946 
v -12.8667 2.93695 -38.8572 
v -12.8421 3.01132 -39.1 
v -12.8421 3.01132 -39.1 
v -12.7689 3.05994 -38.9936 
v -12.8667 2.93695 -39.1592 
v -12.6723 3.03086 -39.2062 
v -12.7682 3.02194 -39.186 
v -12.5189 3.03086 -39.2053 
v -12.6643 2.93717 -39.3311 
v -12.7885 2.93704 -39.2771 
v -12.5 2.93736 -39.3273 
v -12.419 3.02194 -39.1839 
v -12.3914 2.93748 -39.2683 
v -12.3288 3.01131 -39.0978 
v -12.4622 3.07057 -38.9946 
v -12.2764 2.93761 -39.1496 
v -12.3352 3.01133 -38.9107 
v -12.3352 3.01133 -38.9107 
v -12.4191 3.05994 -38.9936 
v -12.2764 2.93761 -38.8564 
v -12.4226 3.02194 -38.7958 
v -12.3914 2.93748 -38.7192 
v -12.7149 2.18508 -39.4132 
v -12.7626 2.76355 -39.2585 
v -12.6357 2.78137 -39.3143 
v -12.554 2.20734 -39.4901 
v -12.7885 2.93704 -39.2771 
v -12.5 2.93736 -39.3273 
v -12.4653 2.80529 -39.3115 
v -12.6643 2.93717 -39.3311 
v -12.3335 2.23784 -39.4901 
v -12.3914 2.93748 -39.2683 
v -12.3541 2.8209 -39.254 
v -12.186 2.25824 -39.4132 
v -12.2764 2.93761 -39.1496 
v -12.0529 2.27666 -39.2688 
v -12.2427 2.83655 -39.1328 
v -12.2764 2.93761 -38.8564 
v -12.2427 2.83655 -38.8569 
v -12.0529 2.27666 -38.8471 
v -12.3541 2.8209 -38.7111 
v -12.186 2.25824 -38.7049 
v -12.3914 2.93748 -38.7192 

vn 0.133858 -0.992126 0 
vn 0.133858 -0.992126 0 
vn 0.133858 -0.992126 0 
vn 0.133858 -0.992126 0 
vn 0.133858 -0.992126 0 
vn 0.133858 -0.992126 0 
vn 0.133858 -0.992126 0 
vn 0.133858 -0.992126 0 
vn 0.133858 -0.992126 0 
vn 0.133858 -0.992126 0 
vn 0.133858 -0.992126 0 
vn 0.133858 -0.992126 0 
vn 0.133858 -0.992126 0 
vn 0.133858 -0.992126 0 
vn 0.133858 -0.992126 0 
vn 0.133858 -0.992126 0 
vn -0.19685 0.015748 0.976378 
vn 0.212598 0.0944882 0.968504 
vn 0.181102 0.0629921 0.984252 
vn -0.181102 -0.00787402 0.984252 
vn -0.661417 -0.0393701 0.748031 
vn -0.653543 -0.0314961 0.755906 
vn 0.614173 0.204724 0.76378 
vn 0.598425 0.204724 0.771654 
vn 0.19685 -0.11811 0.976378 
vn 0.677165 0.19685 0.708661 
vn -0.787402 -0.125984 0.598425 
vn -0.23622 -0.228346 0.944882 
vn -0.984252 -0.0314961 -0.165354 
vn -0.976378 -0.11811 0.173228 
vn -0.968504 -0.149606 -0.204724 
vn -0.984252 -0.0393701 0.188976 
vn -0.984252 -0.0551181 0.188976 
vn -0.976378 0.015748 -0.220472 
vn -0.661417 -0.0393701 0.748031 
vn -0.787402 -0.125984 0.598425 
vn -0.653543 -0.0314961 0.755906 
vn -0.0944882 0.811024 0.582677 
vn -0.0944882 0.913386 0.401575 
vn -0.425197 0.818898 0.377953 
vn -0.496063 0.692913 0.527559 
vn 0.125984 0.811024 0.574803 
vn 0.0944882 0.913386 0.393701 
vn -0.0472441 1 0 
vn 0.0472441 1 0 
vn -0.779528 0.606299 0.141732 
vn -0.204724 0.976378 0 
vn -0.834646 0.488189 0.251969 
vn -0.314961 0.929134 -0.181102 
vn -0.944882 0.330709 0.00787402 
vn -0.385827 0.92126 0.00787402 
vn -0.811024 0.519685 -0.275591 
vn -0.0708661 0.905512 -0.417323 
vn -0.346457 0.84252 -0.417323 
vn 0.0787402 0.905512 -0.417323 
vn -0.0708661 0.787402 -0.606299 
vn -0.385827 0.724409 -0.574803 
vn 0.102362 0.787402 -0.606299 
vn 0.314961 0.858268 -0.409449 
vn 0.377953 0.740157 -0.559055 
vn 0.629921 0.755906 -0.173228 
vn 0.188976 0.984252 0 
vn 0.685039 0.677165 -0.259843 
vn 0.314961 0.929134 0.181102 
vn 0.795276 0.606299 0.00787402 
vn 0.338583 0.944882 0.00787402 
vn 0.700787 0.669291 0.251969 
vn 0.362205 0.850394 0.377953 
vn 0.456693 0.732283 0.503937 
vn -0.629921 0.15748 -0.755906 
vn -0.669291 0.0866142 -0.740157 
vn -0.220472 0.188976 -0.96063 
vn -0.204724 0.259843 -0.944882 
vn -0.653543 -0.181102 -0.740157 
vn 0.165354 -0.0629921 -0.984252 
vn 0.165354 0.267717 -0.944882 
vn -0.19685 -0.141732 -0.968504 
vn 0.15748 0.330709 -0.929134 
vn 0.582677 0.0787402 -0.811024 
vn 0.559055 0.338583 -0.755906 
vn 0.543307 0.377953 -0.755906 
vn 0.905512 0.251969 -0.330709 
vn 0.889764 0.370079 -0.267717 
vn 0.913386 0.346457 -0.220472 
vn 0.905512 0.307087 0.283465 
vn 0.92126 0.307087 0.244094 
vn 0.92126 0.307087 0.228346 
vn 0.598425 0.204724 0.771654 
vn 0.614173 0.204724 0.76378 
vn 0.677165 0.19685 0.708661 

vt 0.800946 0.813957 
vt 0.810144 0.813947 
vt 0.810144 0.821673 
vt 0.799583 0.821673 
vt 0.800927 0.799278 
vt 0.78834 0.813971 
vt 0.79093 0.821673 
vt 0.810144 0.799268 
vt 0.810144 0.791649 
vt 0.799543 0.791649 
vt 0.788321 0.799291 
vt 0.79089 0.791649 
vt 0.77989 0.81398 
vt 0.77989 0.821673 
vt 0.77989 0.7993 
vt 0.77989 0.791649 
vt 0.949771 0.826446 
vt 0.968962 0.826446 
vt 0.965964 0.863299 
vt 0.951695 0.863303 
vt 0.931963 0.863531 
vt 0.931963 0.826446 
vt 0.9939 0.826446 
vt 0.9939 0.862648 
vt 0.966597 0.872774 
vt 0.9939 0.872774 
vt 0.931963 0.872774 
vt 0.950005 0.872774 
vt 0.892426 0.863271 
vt 0.920594 0.872774 
vt 0.891304 0.872774 
vt 0.91965 0.826446 
vt 0.919656 0.863581 
vt 0.88245 0.826446 
vt 0.931947 0.863531 
vt 0.931947 0.872774 
vt 0.931947 0.826446 
vt 0.765167 0.821788 
vt 0.764709 0.816588 
vt 0.768819 0.816158 
vt 0.771115 0.821787 
vt 0.756077 0.821788 
vt 0.757816 0.816573 
vt 0.764562 0.805985 
vt 0.758262 0.805985 
vt 0.772088 0.814543 
vt 0.768343 0.806045 
vt 0.775122 0.821787 
vt 0.772241 0.79762 
vt 0.772241 0.79762 
vt 0.771471 0.806105 
vt 0.775122 0.791535 
vt 0.76464 0.795335 
vt 0.768931 0.79577 
vt 0.757767 0.795354 
vt 0.764739 0.791535 
vt 0.771115 0.791535 
vt 0.756311 0.791535 
vt 0.753292 0.795813 
vt 0.750737 0.791535 
vt 0.749256 0.797668 
vt 0.754116 0.806045 
vt 0.744834 0.791535 
vt 0.749543 0.814545 
vt 0.749543 0.814545 
vt 0.750822 0.806105 
vt 0.744834 0.821787 
vt 0.753455 0.816148 
vt 0.750737 0.821787 
vt 0.869522 0.826446 
vt 0.869522 0.863893 
vt 0.848976 0.863299 
vt 0.851622 0.826446 
vt 0.869522 0.872774 
vt 0.826577 0.872774 
vt 0.825551 0.862555 
vt 0.848425 0.872774 
vt 0.824218 0.826446 
vt 0.806985 0.872774 
vt 0.806985 0.86216 
vt 0.806985 0.826446 
vt 0.782058 0.872774 
vt 0.790385 0.826446 
vt 0.780782 0.861197 
vt 0.753274 0.872774 
vt 0.754306 0.861893 
vt 0.753374 0.826446 
vt 0.744428 0.862648 
vt 0.744428 0.826446 
vt 0.744428 0.872774 

usemtl Dummy1Mtl

f 1171/1171/1171 1172/1172/1172 1173/1173/1173 
f 1171/1171/1171 1173/1173/1173 1174/1174/1174 
f 1175/1175/1175 1172/1172/1172 1171/1171/1171 
f 1175/1175/1175 1171/1171/1171 1176/1176/1176 
f 1171/1171/1171 1174/1174/1174 1177/1177/1177 
f 1171/1171/1171 1177/1177/1177 1176/1176/1176 
f 1175/1175/1175 1178/1178/1178 1172/1172/1172 
f 1179/1179/1179 1178/1178/1178 1175/1175/1175 
f 1179/1179/1179 1175/1175/1175 1180/1180/1180 
f 1175/1175/1175 1181/1181/1181 1182/1182/1182 
f 1175/1175/1175 1182/1182/1182 1180/1180/1180 
f 1175/1175/1175 1176/1176/1176 1181/1181/1181 
f 1181/1181/1181 1176/1176/1176 1183/1183/1183 
f 1176/1176/1176 1177/1177/1177 1184/1184/1184 
f 1176/1176/1176 1184/1184/1184 1183/1183/1183 
f 1181/1181/1181 1185/1185/1185 1186/1186/1186 
f 1181/1181/1181 1186/1186/1186 1182/1182/1182 
f 1181/1181/1181 1183/1183/1183 1185/1185/1185 
f 1187/1187/1187 1188/1188/1188 1189/1189/1189 
f 1187/1187/1187 1189/1189/1189 1190/1190/1190 
f 1191/1191/1191 1192/1192/1192 1187/1187/1187 
f 1191/1191/1191 1187/1187/1187 1190/1190/1190 
f 1188/1188/1188 1193/1193/1193 1194/1194/1194 
f 1188/1188/1188 1194/1194/1194 1189/1189/1189 
f 1190/1190/1190 1189/1189/1189 1195/1195/1195 
f 1196/1196/1196 1195/1195/1195 1189/1189/1189 
f 1194/1194/1194 1196/1196/1196 1189/1189/1189 
f 1197/1197/1197 1190/1190/1190 1198/1198/1198 
f 1190/1190/1190 1195/1195/1195 1198/1198/1198 
f 1197/1197/1197 1191/1191/1191 1190/1190/1190 
f 1199/1199/1199 1200/1200/1200 1201/1201/1201 
f 1202/1202/1202 1203/1203/1203 1199/1199/1199 
f 1202/1202/1202 1199/1199/1199 1204/1204/1204 
f 1199/1199/1199 1203/1203/1203 1200/1200/1200 
f 1205/1205/1205 1206/1206/1206 1200/1200/1200 
f 1205/1205/1205 1200/1200/1200 1203/1203/1203 
f 1207/1207/1207 1205/1205/1205 1203/1203/1203 
f 1207/1207/1207 1203/1203/1203 1202/1202/1202 
f 1208/1208/1208 1209/1209/1209 1210/1210/1210 
f 1208/1208/1208 1210/1210/1210 1211/1211/1211 
f 1212/1212/1212 1209/1209/1209 1208/1208/1208 
f 1212/1212/1212 1213/1213/1213 1209/1209/1209 
f 1210/1210/1210 1209/1209/1209 1214/1214/1214 
f 1209/1209/1209 1213/1213/1213 1215/1215/1215 
f 1209/1209/1209 1215/1215/1215 1214/1214/1214 
f 1211/1211/1211 1210/1210/1210 1216/1216/1216 
f 1210/1210/1210 1214/1214/1214 1217/1217/1217 
f 1216/1216/1216 1210/1210/1210 1217/1217/1217 
f 1211/1211/1211 1216/1216/1216 1218/1218/1218 
f 1219/1219/1219 1220/1220/1220 1216/1216/1216 
f 1219/1219/1219 1216/1216/1216 1221/1221/1221 
f 1216/1216/1216 1217/1217/1217 1221/1221/1221 
f 1216/1216/1216 1220/1220/1220 1222/1222/1222 
f 1216/1216/1216 1222/1222/1222 1218/1218/1218 
f 1223/1223/1223 1224/1224/1224 1217/1217/1217 
f 1223/1223/1223 1217/1217/1217 1214/1214/1214 
f 1224/1224/1224 1221/1221/1221 1217/1217/1217 
f 1225/1225/1225 1223/1223/1223 1214/1214/1214 
f 1225/1225/1225 1214/1214/1214 1215/1215/1215 
f 1226/1226/1226 1223/1223/1223 1225/1225/1225 
f 1227/1227/1227 1224/1224/1224 1223/1223/1223 
f 1227/1227/1227 1223/1223/1223 1226/1226/1226 
f 1222/1222/1222 1219/1219/1219 1224/1224/1224 
f 1222/1222/1222 1224/1224/1224 1227/1227/1227 
f 1224/1224/1224 1219/1219/1219 1221/1221/1221 
f 1222/1222/1222 1220/1220/1220 1219/1219/1219 
f 1226/1226/1226 1225/1225/1225 1228/1228/1228 
f 1228/1228/1228 1225/1225/1225 1229/1229/1229 
f 1229/1229/1229 1225/1225/1225 1215/1215/1215 
f 1228/1228/1228 1229/1229/1229 1230/1230/1230 
f 1230/1230/1230 1229/1229/1229 1231/1231/1231 
f 1229/1229/1229 1215/1215/1215 1232/1232/1232 
f 1231/1231/1231 1229/1229/1229 1232/1232/1232 
f 1230/1230/1230 1231/1231/1231 1233/1233/1233 
f 1234/1234/1234 1235/1235/1235 1231/1231/1231 
f 1234/1234/1234 1231/1231/1231 1236/1236/1236 
f 1231/1231/1231 1232/1232/1232 1236/1236/1236 
f 1231/1231/1231 1235/1235/1235 1237/1237/1237 
f 1231/1231/1231 1237/1237/1237 1233/1233/1233 
f 1238/1238/1238 1236/1236/1236 1232/1232/1232 
f 1213/1213/1213 1238/1238/1238 1232/1232/1232 
f 1213/1213/1213 1232/1232/1232 1215/1215/1215 
f 1238/1238/1238 1234/1234/1234 1236/1236/1236 
f 1237/1237/1237 1235/1235/1235 1234/1234/1234 
f 1237/1237/1237 1234/1234/1234 1238/1238/1238 
f 1237/1237/1237 1238/1238/1238 1239/1239/1239 
f 1239/1239/1239 1238/1238/1238 1213/1213/1213 
f 1239/1239/1239 1213/1213/1213 1212/1212/1212 
f 1240/1240/1240 1241/1241/1241 1242/1242/1242 
f 1240/1240/1240 1242/1242/1242 1243/1243/1243 
f 1204/1204/1204 1241/1241/1241 1240/1240/1240 
f 1204/1204/1204 1199/1199/1199 1241/1241/1241 
f 1242/1242/1242 1241/1241/1241 1244/1244/1244 
f 1241/1241/1241 1199/1199/1199 1201/1201/1201 
f 1241/1241/1241 1201/1201/1201 1244/1244/1244 
f 1245/1245/1245 1246/1246/1246 1242/1242/1242 
f 1245/1245/1245 1242/1242/1242 1247/1247/1247 
f 1242/1242/1242 1244/1244/1244 1247/1247/1247 
f 1246/1246/1246 1243/1243/1243 1242/1242/1242 
f 1246/1246/1246 1248/1248/1248 1243/1243/1243 
f 1249/1249/1249 1250/1250/1250 1246/1246/1246 
f 1249/1249/1249 1246/1246/1246 1245/1245/1245 
f 1246/1246/1246 1250/1250/1250 1251/1251/1251 
f 1246/1246/1246 1251/1251/1251 1248/1248/1248 
f 1250/1250/1250 1249/1249/1249 1252/1252/1252 
f 1253/1253/1253 1251/1251/1251 1250/1250/1250 
f 1253/1253/1253 1250/1250/1250 1254/1254/1254 
f 1250/1250/1250 1252/1252/1252 1254/1254/1254 
f 1252/1252/1252 1255/1255/1255 1256/1256/1256 
f 1252/1252/1252 1256/1256/1256 1254/1254/1254 
f 1254/1254/1254 1256/1256/1256 1257/1257/1257 
f 1254/1254/1254 1257/1257/1257 1253/1253/1253 
f 1255/1255/1255 1258/1258/1258 1256/1256/1256 
f 1256/1256/1256 1258/1258/1258 1259/1259/1259 
f 1256/1256/1256 1259/1259/1259 1257/1257/1257 
f 1255/1255/1255 1260/1260/1260 1258/1258/1258 

g Dummy12

v -12.8998 3.79722 -39.3726 
v -12.8998 3.88742 -39.2259 
v -12.7203 3.84656 -39.2259 
v -12.7549 3.76111 -39.4216 
v -12.8998 3.88742 -38.8906 
v -12.7203 3.84656 -38.8906 
v -12.5737 3.67823 -39.4216 
v -12.4857 3.74881 -39.2259 
v -12.4857 3.74881 -38.8906 
v -12.8998 3.79722 -38.7458 
v -12.7549 3.76111 -38.6968 
v -12.5737 3.67823 -38.6968 
v -12.3558 3.59358 -38.8906 
v -12.465 3.59843 -38.7458 
v -12.465 3.59843 -39.3726 
v -12.3558 3.59358 -39.2259 
v -12.7885 2.92829 -38.7153 
v -12.7562 2.87276 -38.7729 
v -12.6528 2.86523 -38.7253 
v -12.6726 2.9284 -38.6287 
v -12.8667 2.92821 -38.8574 
v -12.8247 2.88618 -38.8675 
v -12.6978 2.82633 -38.9944 
v -12.7442 2.83977 -38.9946 
v -12.5002 2.86523 -38.7283 
v -12.6264 2.81877 -38.9942 
v -12.4955 2.92862 -38.6342 
v -12.408 2.87274 -38.7752 
v -12.5249 2.81877 -38.9942 
v -12.6499 2.8652 -39.242 
v -12.7589 2.87273 -39.21 
v -12.8284 2.88617 -39.1273 
v -12.8667 2.92821 -39.1594 
v -12.7885 2.92829 -39.2772 
v -12.6643 2.92843 -39.3313 
v -12.5 2.9286 -39.3275 
v -12.5013 2.8652 -39.2397 
v -12.4617 2.82629 -38.9944 
v -12.3914 2.92872 -39.2685 
v -12.4055 2.87271 -39.2048 
v -12.3933 2.83978 -38.9945 
v -12.3071 2.88618 -38.867 
v -12.2764 2.92885 -39.1498 
v -12.3031 2.88617 -39.1215 
v -12.2764 2.92885 -38.8566 
v -12.3914 2.92872 -38.7194 
v -12.7885 2.92829 -38.7153 
v -12.6726 2.9284 -38.6287 
v -12.7533 3.27905 -38.6968 
v -12.8998 3.32809 -38.7458 
v -12.4955 2.92862 -38.6342 
v -12.572 3.21185 -38.6968 
v -12.7617 3.56175 -38.6768 
v -12.5804 3.48724 -38.6768 
v -12.8998 3.62402 -38.7286 
v -12.7549 3.76111 -38.6968 
v -12.5737 3.67823 -38.6968 
v -12.4329 3.4066 -38.7286 
v -12.465 3.59843 -38.7458 
v -12.4507 3.16691 -38.7458 
v -12.3914 2.92872 -38.7194 
v -12.8998 3.79722 -38.7458 
v -12.2764 2.92885 -39.1498 
v -12.3229 3.16691 -38.8906 
v -12.2764 2.92885 -38.8566 
v -12.4507 3.16691 -38.7458 
v -12.3138 3.40434 -38.8813 
v -12.3914 2.92872 -38.7194 
v -12.4329 3.4066 -38.7286 
v -12.3558 3.59358 -38.8906 
v -12.465 3.59843 -38.7458 
v -12.8998 3.32809 -39.3726 
v -12.8998 3.26194 -39.2259 
v -12.8998 3.6115 -39.2351 
v -12.8998 3.62402 -39.4011 
v -12.9405 3.18586 -39.2259 
v -12.8998 3.26438 -38.8906 
v -12.8998 3.6128 -38.8813 
v -12.8998 3.88742 -39.2259 
v -12.8998 3.79722 -39.3726 
v -12.8998 3.88742 -38.8906 
v -12.8998 3.32809 -38.7458 
v -12.9405 3.18586 -38.8906 
v -12.8998 3.62402 -38.7286 
v -12.8998 3.79722 -38.7458 
v -12.4507 3.16691 -39.348 
v -12.4329 3.4066 -39.376 
v -12.3138 3.40434 -39.2351 
v -12.3229 3.16691 -39.2259 
v -12.3914 2.92872 -39.2685 
v -12.465 3.59843 -39.3726 
v -12.3558 3.59358 -39.2259 
v -12.5 2.9286 -39.3275 
v -12.4507 3.16691 -39.348 
v -12.6643 2.92843 -39.3313 
v -12.572 3.21185 -39.4216 
v -12.4329 3.4066 -39.376 
v -12.7533 3.27905 -39.4216 
v -12.5804 3.48724 -39.4416 
v -12.7885 2.92829 -39.2772 
v -12.8998 3.32809 -39.3726 
v -12.7617 3.56175 -39.4416 
v -12.5737 3.67823 -39.4216 
v -12.8998 3.62402 -39.4011 
v -12.7549 3.76111 -39.4216 
v -12.8998 3.79722 -39.3726 
v -12.8667 2.92821 -39.1594 
v -12.9405 3.18586 -39.2259 
v -12.8998 3.32809 -39.3726 
v -12.8667 2.92821 -38.8574 
v -12.9405 3.18586 -38.8906 
v -12.7885 2.92829 -38.7153 
v -12.8998 3.32809 -38.7458 

vn -0.00787402 0.685039 -0.724409 
vn 0.19685 0.968504 -0.15748 
vn 0.307087 0.937008 -0.165354 
vn 0.125984 0.614173 -0.779528 
vn 0.19685 0.968504 0.15748 
vn 0.307087 0.937008 0.165354 
vn 0.362205 0.519685 -0.771654 
vn 0.559055 0.811024 -0.15748 
vn 0.559055 0.811024 0.15748 
vn -0.0314961 0.677165 0.740157 
vn 0.110236 0.606299 0.787402 
vn 0.354331 0.519685 0.771654 
vn 0.889764 0.425197 0.188976 
vn 0.653543 0.330709 0.685039 
vn 0.653543 0.314961 -0.685039 
vn 0.889764 0.425197 -0.188976 
vn -0.440945 -0.779528 0.448819 
vn -0.307087 -0.905512 0.283465 
vn -0.0787402 -0.944882 0.330709 
vn -0.11811 -0.834646 0.543307 
vn -0.637795 -0.76378 0.0944882 
vn -0.566929 -0.818898 0.0944882 
vn -0.181102 -0.984252 0 
vn -0.472441 -0.88189 0 
vn 0.0944882 -0.937008 0.330709 
vn -0.0472441 -1 0 
vn 0.125984 -0.818898 0.559055 
vn 0.307087 -0.897638 0.314961 
vn 0.0472441 -1 0 
vn -0.0629921 -0.937008 -0.338583 
vn -0.267717 -0.913386 -0.307087 
vn -0.559055 -0.826772 -0.0708661 
vn -0.614173 -0.779528 -0.11811 
vn -0.346457 -0.80315 -0.488189 
vn -0.0866142 -0.818898 -0.574803 
vn 0.102362 -0.80315 -0.582677 
vn 0.0787402 -0.937008 -0.346457 
vn 0.181102 -0.984252 0 
vn 0.377953 -0.740157 -0.551181 
vn 0.275591 -0.905512 -0.330709 
vn 0.409449 -0.913386 0 
vn 0.559055 -0.811024 0.141732 
vn 0.637795 -0.740157 -0.188976 
vn 0.559055 -0.818898 -0.11811 
vn 0.669291 -0.724409 0.149606 
vn 0.464567 -0.708661 0.535433 
vn -0.677165 -0.0944882 0.732283 
vn -0.15748 0.133858 0.976378 
vn -0.228346 0 0.976378 
vn -0.559055 -0.0944882 0.826772 
vn 0.267717 0.251969 0.929134 
vn 0.173228 0.0944882 0.984252 
vn -0.165354 0 0.984252 
vn 0.149606 0 0.992126 
vn -0.330709 0.023622 0.944882 
vn 0.110236 0.606299 0.787402 
vn 0.354331 0.519685 0.771654 
vn 0.614173 0.015748 0.787402 
vn 0.653543 0.330709 0.685039 
vn 0.637795 0.110236 0.76378 
vn 0.661417 0.259843 0.708661 
vn -0.0314961 0.677165 0.740157 
vn 0.968504 0.133858 -0.19685 
vn 0.968504 0.0866142 0.244094 
vn 0.937008 0.228346 0.267717 
vn 0.637795 0.110236 0.76378 
vn 0.968504 0.0629921 0.23622 
vn 0.661417 0.259843 0.708661 
vn 0.614173 0.015748 0.787402 
vn 0.889764 0.425197 0.188976 
vn 0.653543 0.330709 0.685039 
vn -1 0.00787402 0.00787402 
vn -0.992126 0.0944882 0.00787402 
vn -1 0 0 
vn -1 0 0 
vn -0.88189 0.464567 0.015748 
vn -0.992126 0.0944882 -0.00787402 
vn -1 0 0 
vn -1 0 0 
vn -1 0 0 
vn -1 0 0 
vn -1 0.015748 -0.00787402 
vn -0.88189 0.464567 -0.023622 
vn -1 0 0 
vn -1 0 0 
vn 0.590551 -0.11811 -0.80315 
vn 0.622047 -0.00787402 -0.779528 
vn 0.968504 0.0629921 -0.244094 
vn 0.952756 0 -0.291339 
vn 0.629921 -0.110236 -0.771654 
vn 0.653543 0.314961 -0.685039 
vn 0.889764 0.425197 -0.188976 
vn 0.19685 -0.244094 -0.952756 
vn 0.590551 -0.11811 -0.80315 
vn -0.204724 -0.307087 -0.929134 
vn 0.141732 -0.181102 -0.968504 
vn 0.622047 -0.00787402 -0.779528 
vn -0.212598 -0.204724 -0.952756 
vn 0.173228 -0.00787402 -0.984252 
vn -0.582677 -0.338583 -0.740157 
vn -0.448819 -0.220472 -0.866142 
vn -0.149606 0 -0.992126 
vn 0.362205 0.519685 -0.771654 
vn -0.291339 0.0314961 -0.952756 
vn 0.125984 0.614173 -0.779528 
vn -0.00787402 0.685039 -0.724409 
vn -0.937008 -0.307087 -0.181102 
vn -0.897638 -0.322835 -0.283465 
vn -0.448819 -0.220472 -0.866142 
vn -0.944882 -0.244094 0.212598 
vn -0.944882 -0.244094 0.212598 
vn -0.677165 -0.0944882 0.732283 
vn -0.559055 -0.0944882 0.826772 

vt 0.806194 0.997758 
vt 0.788986 0.997758 
vt 0.788742 0.981736 
vt 0.806194 0.980812 
vt 0.761246 0.997758 
vt 0.761663 0.981617 
vt 0.806194 0.956682 
vt 0.788804 0.952118 
vt 0.762729 0.95252 
vt 0.744692 0.997758 
vt 0.744692 0.980333 
vt 0.744692 0.95604 
vt 0.76213 0.935887 
vt 0.744692 0.935887 
vt 0.806194 0.935887 
vt 0.789485 0.935887 
vt 0.837488 0.939797 
vt 0.835473 0.94547 
vt 0.830574 0.943244 
vt 0.831542 0.939797 
vt 0.841495 0.939798 
vt 0.838719 0.949887 
vt 0.835033 0.955815 
vt 0.838094 0.955823 
vt 0.823337 0.943385 
vt 0.830326 0.955804 
vt 0.822455 0.939797 
vt 0.818968 0.945574 
vt 0.823636 0.955805 
vt 0.830436 0.967376 
vt 0.8356 0.965882 
vt 0.838894 0.962022 
vt 0.841495 0.970225 
vt 0.837488 0.970226 
vt 0.831114 0.970226 
vt 0.822689 0.970226 
vt 0.823391 0.967271 
vt 0.819468 0.955813 
vt 0.817117 0.970226 
vt 0.818851 0.965639 
vt 0.814959 0.955819 
vt 0.814186 0.949865 
vt 0.811215 0.970225 
vt 0.813998 0.961752 
vt 0.811215 0.939798 
vt 0.817117 0.939797 
vt 0.931963 0.872774 
vt 0.950005 0.872774 
vt 0.948546 0.893644 
vt 0.931963 0.895859 
vt 0.966597 0.872774 
vt 0.965667 0.890833 
vt 0.953094 0.919043 
vt 0.969261 0.917474 
vt 0.931963 0.920346 
vt 0.957109 0.935156 
vt 0.973345 0.935156 
vt 0.9939 0.915957 
vt 0.9939 0.935155 
vt 0.9939 0.888709 
vt 0.9939 0.872774 
vt 0.931963 0.935157 
vt 0.782058 0.872774 
vt 0.756189 0.887726 
vt 0.753274 0.872774 
vt 0.744428 0.888495 
vt 0.757388 0.915542 
vt 0.744428 0.872774 
vt 0.744428 0.915936 
vt 0.758402 0.935155 
vt 0.744428 0.935155 
vt 0.869522 0.895924 
vt 0.884062 0.89414 
vt 0.882682 0.920505 
vt 0.869522 0.920535 
vt 0.884172 0.891488 
vt 0.916683 0.894204 
vt 0.917808 0.920467 
vt 0.883747 0.935157 
vt 0.869522 0.935157 
vt 0.91712 0.935157 
vt 0.931947 0.895954 
vt 0.916589 0.891332 
vt 0.931947 0.920459 
vt 0.931947 0.935157 
vt 0.806985 0.888226 
vt 0.806985 0.915811 
vt 0.790475 0.915541 
vt 0.789936 0.887854 
vt 0.806985 0.872774 
vt 0.806985 0.935155 
vt 0.790608 0.935155 
vt 0.826577 0.872774 
vt 0.806985 0.888787 
vt 0.848425 0.872774 
vt 0.82966 0.890832 
vt 0.806985 0.916008 
vt 0.851962 0.893723 
vt 0.823738 0.917672 
vt 0.869522 0.872774 
vt 0.869522 0.89597 
vt 0.846138 0.919185 
vt 0.81774 0.935156 
vt 0.869522 0.92046 
vt 0.840532 0.935156 
vt 0.869522 0.935157 
vt 0.891304 0.872774 
vt 0.884172 0.891488 
vt 0.869522 0.895924 
vt 0.920594 0.872774 
vt 0.916589 0.891332 
vt 0.931947 0.872774 
vt 0.931947 0.895954 

usemtl Dummy1Mtl

f 1261/1261/1261 1262/1262/1262 1263/1263/1263 
f 1261/1261/1261 1263/1263/1263 1264/1264/1264 
f 1263/1263/1263 1262/1262/1262 1265/1265/1265 
f 1263/1263/1263 1265/1265/1265 1266/1266/1266 
f 1267/1267/1267 1264/1264/1264 1263/1263/1263 
f 1267/1267/1267 1263/1263/1263 1268/1268/1268 
f 1263/1263/1263 1266/1266/1266 1269/1269/1269 
f 1263/1263/1263 1269/1269/1269 1268/1268/1268 
f 1266/1266/1266 1265/1265/1265 1270/1270/1270 
f 1266/1266/1266 1270/1270/1270 1271/1271/1271 
f 1266/1266/1266 1271/1271/1271 1272/1272/1272 
f 1266/1266/1266 1272/1272/1272 1269/1269/1269 
f 1268/1268/1268 1269/1269/1269 1273/1273/1273 
f 1269/1269/1269 1272/1272/1272 1274/1274/1274 
f 1269/1269/1269 1274/1274/1274 1273/1273/1273 
f 1275/1275/1275 1267/1267/1267 1268/1268/1268 
f 1275/1275/1275 1268/1268/1268 1276/1276/1276 
f 1268/1268/1268 1273/1273/1273 1276/1276/1276 
f 1277/1277/1277 1278/1278/1278 1279/1279/1279 
f 1277/1277/1277 1279/1279/1279 1280/1280/1280 
f 1281/1281/1281 1278/1278/1278 1277/1277/1277 
f 1281/1281/1281 1282/1282/1282 1278/1278/1278 
f 1279/1279/1279 1278/1278/1278 1283/1283/1283 
f 1278/1278/1278 1282/1282/1282 1284/1284/1284 
f 1278/1278/1278 1284/1284/1284 1283/1283/1283 
f 1280/1280/1280 1279/1279/1279 1285/1285/1285 
f 1279/1279/1279 1283/1283/1283 1286/1286/1286 
f 1285/1285/1285 1279/1279/1279 1286/1286/1286 
f 1280/1280/1280 1285/1285/1285 1287/1287/1287 
f 1287/1287/1287 1285/1285/1285 1288/1288/1288 
f 1285/1285/1285 1286/1286/1286 1289/1289/1289 
f 1288/1288/1288 1285/1285/1285 1289/1289/1289 
f 1290/1290/1290 1289/1289/1289 1286/1286/1286 
f 1291/1291/1291 1290/1290/1290 1286/1286/1286 
f 1291/1291/1291 1286/1286/1286 1283/1283/1283 
f 1292/1292/1292 1291/1291/1291 1283/1283/1283 
f 1292/1292/1292 1283/1283/1283 1284/1284/1284 
f 1293/1293/1293 1292/1292/1292 1284/1284/1284 
f 1293/1293/1293 1284/1284/1284 1282/1282/1282 
f 1293/1293/1293 1282/1282/1282 1281/1281/1281 
f 1294/1294/1294 1292/1292/1292 1293/1293/1293 
f 1294/1294/1294 1291/1291/1291 1292/1292/1292 
f 1295/1295/1295 1290/1290/1290 1291/1291/1291 
f 1295/1295/1295 1291/1291/1291 1294/1294/1294 
f 1296/1296/1296 1297/1297/1297 1290/1290/1290 
f 1296/1296/1296 1290/1290/1290 1295/1295/1295 
f 1290/1290/1290 1297/1297/1297 1289/1289/1289 
f 1297/1297/1297 1298/1298/1298 1289/1289/1289 
f 1288/1288/1288 1289/1289/1289 1298/1298/1298 
f 1299/1299/1299 1300/1300/1300 1297/1297/1297 
f 1299/1299/1299 1297/1297/1297 1296/1296/1296 
f 1297/1297/1297 1300/1300/1300 1298/1298/1298 
f 1300/1300/1300 1301/1301/1301 1298/1298/1298 
f 1302/1302/1302 1288/1288/1288 1298/1298/1298 
f 1302/1302/1302 1298/1298/1298 1301/1301/1301 
f 1303/1303/1303 1304/1304/1304 1300/1300/1300 
f 1303/1303/1303 1300/1300/1300 1299/1299/1299 
f 1300/1300/1300 1304/1304/1304 1301/1301/1301 
f 1305/1305/1305 1302/1302/1302 1301/1301/1301 
f 1305/1305/1305 1301/1301/1301 1304/1304/1304 
f 1306/1306/1306 1288/1288/1288 1302/1302/1302 
f 1306/1306/1306 1302/1302/1302 1305/1305/1305 
f 1305/1305/1305 1304/1304/1304 1303/1303/1303 
f 1287/1287/1287 1288/1288/1288 1306/1306/1306 
f 1307/1307/1307 1308/1308/1308 1309/1309/1309 
f 1307/1307/1307 1309/1309/1309 1310/1310/1310 
f 1308/1308/1308 1311/1311/1311 1312/1312/1312 
f 1308/1308/1308 1312/1312/1312 1309/1309/1309 
f 1313/1313/1313 1310/1310/1310 1309/1309/1309 
f 1309/1309/1309 1312/1312/1312 1314/1314/1314 
f 1309/1309/1309 1314/1314/1314 1313/1313/1313 
f 1313/1313/1313 1315/1315/1315 1310/1310/1310 
f 1316/1316/1316 1315/1315/1315 1313/1313/1313 
f 1313/1313/1313 1314/1314/1314 1317/1317/1317 
f 1313/1313/1313 1317/1317/1317 1316/1316/1316 
f 1312/1312/1312 1318/1318/1318 1314/1314/1314 
f 1314/1314/1314 1318/1318/1318 1319/1319/1319 
f 1314/1314/1314 1319/1319/1319 1317/1317/1317 
f 1312/1312/1312 1320/1320/1320 1318/1318/1318 
f 1311/1311/1311 1320/1320/1320 1312/1312/1312 
f 1311/1311/1311 1321/1321/1321 1320/1320/1320 
f 1316/1316/1316 1322/1322/1322 1315/1315/1315 
f 1323/1323/1323 1324/1324/1324 1325/1325/1325 
f 1325/1325/1325 1324/1324/1324 1326/1326/1326 
f 1327/1327/1327 1326/1326/1326 1324/1324/1324 
f 1325/1325/1325 1326/1326/1326 1328/1328/1328 
f 1327/1327/1327 1329/1329/1329 1326/1326/1326 
f 1330/1330/1330 1329/1329/1329 1327/1327/1327 
f 1330/1330/1330 1331/1331/1331 1329/1329/1329 
f 1332/1332/1332 1333/1333/1333 1334/1334/1334 
f 1332/1332/1332 1334/1334/1334 1335/1335/1335 
f 1336/1336/1336 1333/1333/1333 1332/1332/1332 
f 1337/1337/1337 1334/1334/1334 1333/1333/1333 
f 1336/1336/1336 1337/1337/1337 1333/1333/1333 
f 1337/1337/1337 1338/1338/1338 1334/1334/1334 
f 1334/1334/1334 1339/1339/1339 1340/1340/1340 
f 1334/1334/1334 1340/1340/1340 1335/1335/1335 
f 1334/1334/1334 1338/1338/1338 1341/1341/1341 
f 1334/1334/1334 1341/1341/1341 1339/1339/1339 
f 1342/1342/1342 1338/1338/1338 1337/1337/1337 
f 1342/1342/1342 1337/1337/1337 1343/1343/1343 
f 1336/1336/1336 1343/1343/1343 1337/1337/1337 
f 1342/1342/1342 1344/1344/1344 1338/1338/1338 
f 1338/1338/1338 1344/1344/1344 1345/1345/1345 
f 1338/1338/1338 1345/1345/1345 1341/1341/1341 
f 1346/1346/1346 1347/1347/1347 1348/1348/1348 
f 1346/1346/1346 1348/1348/1348 1349/1349/1349 
f 1350/1350/1350 1346/1346/1346 1349/1349/1349 
f 1347/1347/1347 1351/1351/1351 1352/1352/1352 
f 1347/1347/1347 1352/1352/1352 1348/1348/1348 
f 1349/1349/1349 1348/1348/1348 1327/1327/1327 
f 1348/1348/1348 1352/1352/1352 1330/1330/1330 
f 1348/1348/1348 1330/1330/1330 1327/1327/1327 
f 1323/1323/1323 1349/1349/1349 1324/1324/1324 
f 1349/1349/1349 1327/1327/1327 1324/1324/1324 
f 1350/1350/1350 1349/1349/1349 1323/1323/1323 
f 1353/1353/1353 1354/1354/1354 1350/1350/1350 
f 1355/1355/1355 1356/1356/1356 1353/1353/1353 
f 1353/1353/1353 1356/1356/1356 1354/1354/1354 
f 1356/1356/1356 1357/1357/1357 1354/1354/1354 
f 1355/1355/1355 1358/1358/1358 1356/1356/1356 
f 1358/1358/1358 1359/1359/1359 1356/1356/1356 
f 1356/1356/1356 1359/1359/1359 1357/1357/1357 
f 1360/1360/1360 1358/1358/1358 1355/1355/1355 
f 1361/1361/1361 1362/1362/1362 1358/1358/1358 
f 1358/1358/1358 1362/1362/1362 1359/1359/1359 
f 1360/1360/1360 1361/1361/1361 1358/1358/1358 
f 1359/1359/1359 1363/1363/1363 1351/1351/1351 
f 1359/1359/1359 1351/1351/1351 1357/1357/1357 
f 1362/1362/1362 1363/1363/1363 1359/1359/1359 
f 1361/1361/1361 1364/1364/1364 1362/1362/1362 
f 1362/1362/1362 1365/1365/1365 1363/1363/1363 
f 1364/1364/1364 1365/1365/1365 1362/1362/1362 
f 1364/1364/1364 1366/1366/1366 1365/1365/1365 
f 1360/1360/1360 1367/1367/1367 1368/1368/1368 
f 1360/1360/1360 1368/1368/1368 1369/1369/1369 
f 1367/1367/1367 1370/1370/1370 1371/1371/1371 
f 1367/1367/1367 1371/1371/1371 1368/1368/1368 
f 1372/1372/1372 1371/1371/1371 1370/1370/1370 
f 1372/1372/1372 1373/1373/1373 1371/1371/1371 

g Dummy13

v -13.8985 2.16742 -39.5935 
v -13.8985 2.32891 -39.5992 
v -13.5254 2.33476 -39.5446 
v -13.5177 2.18144 -39.5389 
v -13.5167 2.00238 -39.5518 
v -13.8985 2.00238 -39.6064 
v -14.2793 2.18144 -39.5389 
v -14.2716 2.33476 -39.5446 
v -14.2803 2.00238 -39.5518 
v -13.2984 2.34434 -39.4187 
v -13.2353 2.20499 -39.4318 
v -13.2019 2.00238 -39.4508 
v -14.5618 2.20499 -39.4318 
v -14.5951 2.00238 -39.4508 
v -14.4987 2.34434 -39.4187 
v -13.5167 2.00238 -39.5518 
v -13.5167 2.00238 -39.332 
v -13.8985 2.00238 -39.332 
v -13.8985 2.00238 -39.6064 
v -13.2019 2.00238 -39.4508 
v -13.0725 2.00238 -39.2388 
v -13.5167 2.00238 -38.8337 
v -13.8985 2.00238 -38.8337 
v -13.0725 2.00238 -38.9247 
v -14.2803 2.00238 -39.332 
v -14.2803 2.00238 -39.5518 
v -13.8985 2.00238 -38.608 
v -14.2803 2.00238 -38.8337 
v -13.5167 2.00238 -38.608 
v -13.139 2.00238 -38.7584 
v -14.2803 2.00238 -38.608 
v -14.7245 2.00238 -38.9247 
v -14.6581 2.00238 -38.7584 
v -14.7245 2.00238 -39.2388 
v -14.5951 2.00238 -39.4508 
v -13.1934 2.35489 -39.2446 
v -13.2984 2.34434 -39.4187 
v -13.3359 2.4051 -39.3632 
v -13.245 2.39869 -39.2212 
v -13.2029 2.35584 -38.9713 
v -13.5254 2.33476 -39.5446 
v -13.553 2.41406 -39.4659 
v -13.3617 2.44668 -39.245 
v -13.2804 2.42865 -39.1713 
v -13.2499 2.39912 -38.9982 
v -13.282 2.42873 -39.0556 
v -13.2765 2.36195 -38.8228 
v -13.325 2.41309 -38.877 
v -13.3582 2.44809 -38.9927 
v -13.3274 2.44987 -39.1175 
v -13.5719 2.46833 -39.2983 
v -13.8985 2.41709 -39.5108 
v -13.8985 2.32891 -39.5992 
v -14.2441 2.41406 -39.4659 
v -13.8985 2.47743 -39.3224 
v -13.5762 2.49006 -39.1175 
v -13.573 2.47112 -38.9324 
v -13.5318 2.36944 -38.6805 
v -13.5563 2.42981 -38.7609 
v -13.8985 2.48125 -38.9315 
v -13.8985 2.50249 -39.1175 
v -14.2252 2.46832 -39.2983 
v -14.2716 2.33476 -39.5446 
v -14.4613 2.40511 -39.3632 
v -14.4357 2.44669 -39.2449 
v -14.2208 2.49006 -39.1175 
v -13.8985 2.43583 -38.7606 
v -14.2239 2.47113 -38.9324 
v -13.8985 2.36944 -38.6805 
v -14.2652 2.36944 -38.6805 
v -14.2407 2.42981 -38.7609 
v -14.4385 2.44809 -38.9928 
v -14.4828 2.4459 -39.1175 
v -14.552 2.39869 -39.2212 
v -14.5167 2.42865 -39.1713 
v -14.4987 2.34434 -39.4187 
v -14.6037 2.35489 -39.2446 
v -14.5471 2.39912 -38.9982 
v -14.515 2.42873 -39.0556 
v -14.4718 2.41309 -38.8771 
v -14.5205 2.36195 -38.8228 
v -14.5941 2.35584 -38.9713 
v -13.2353 2.20499 -39.4318 
v -13.2984 2.34434 -39.4187 
v -13.1934 2.35489 -39.2446 
v -13.134 2.23074 -39.2444 
v -13.2019 2.00238 -39.4508 
v -13.2029 2.35584 -38.9713 
v -13.0725 2.00238 -39.2388 
v -13.132 2.23411 -38.9487 
v -13.2765 2.36195 -38.8228 
v -13.0725 2.00238 -38.9247 
v -13.139 2.00238 -38.7584 
v -13.2078 2.24925 -38.7935 
v -13.5167 2.26779 -38.6507 
v -13.2078 2.24925 -38.7935 
v -13.5318 2.36944 -38.6805 
v -13.8985 2.26779 -38.6507 
v -13.5167 2.00238 -38.608 
v -13.139 2.00238 -38.7584 
v -13.8985 2.00238 -38.608 
v -13.8985 2.36944 -38.6805 
v -14.2652 2.36944 -38.6805 
v -14.2803 2.26779 -38.6507 
v -14.2803 2.00238 -38.608 
v -14.5205 2.36195 -38.8228 
v -14.5892 2.24925 -38.7935 
v -14.6581 2.00238 -38.7584 
v -14.6651 2.23411 -38.9487 
v -14.5941 2.35584 -38.9713 
v -14.7245 2.00238 -38.9247 
v -14.6631 2.23074 -39.2444 
v -14.7245 2.00238 -39.2388 
v -14.6037 2.35489 -39.2446 
v -14.5618 2.20499 -39.4318 
v -14.5951 2.00238 -39.4508 
v -14.4987 2.34434 -39.4187 

vn 0 0.023622 -1 
vn 0 -0.0314961 -1 
vn 0.251969 0.0314961 -0.968504 
vn 0.244094 0.0629921 -0.968504 
vn 0.228346 0.0944882 -0.968504 
vn 0 0.0787402 -1 
vn -0.244094 0.0629921 -0.968504 
vn -0.251969 0.0314961 -0.968504 
vn -0.228346 0.0944882 -0.968504 
vn 0.566929 0.228346 -0.787402 
vn 0.606299 0.19685 -0.771654 
vn 0.606299 0.165354 -0.779528 
vn -0.606299 0.19685 -0.771654 
vn -0.606299 0.165354 -0.779528 
vn -0.566929 0.228346 -0.787402 
vn 0 -1 0 
vn 0 -1 0 
vn 0 -1 0 
vn 0 -1 0 
vn 0 -1 0 
vn 0 -1 0 
vn 0 -1 0 
vn 0 -1 0 
vn 0 -1 0 
vn 0 -1 0 
vn 0 -1 0 
vn 0 -1 0 
vn 0 -1 0 
vn 0 -1 0 
vn 0 -1 0 
vn 0 -1 0 
vn 0 -1 0 
vn 0 -1 0 
vn 0 -1 0 
vn 0 -1 0 
vn 0.622047 0.76378 -0.181102 
vn 0.393701 0.748031 -0.535433 
vn 0.314961 0.858268 -0.409449 
vn 0.574803 0.80315 -0.165354 
vn 0.622047 0.771654 0.133858 
vn 0.173228 0.724409 -0.669291 
vn 0.125984 0.866142 -0.480315 
vn 0.19685 0.96063 -0.181102 
vn 0.503937 0.858268 -0.102362 
vn 0.574803 0.811024 0.11811 
vn 0.519685 0.850394 0.0866142 
vn 0.385827 0.811024 0.433071 
vn 0.299213 0.897638 0.322835 
vn 0.19685 0.968504 0.149606 
vn 0.173228 0.984252 -0.00787402 
vn 0.0866142 0.976378 -0.212598 
vn 0 0.874016 -0.488189 
vn 0 0.716535 -0.700787 
vn -0.125984 0.866142 -0.480315 
vn 0 0.976378 -0.220472 
vn 0.0787402 1 -0.00787402 
vn 0.0787402 0.984252 0.173228 
vn 0.141732 0.80315 0.574803 
vn 0.102362 0.913386 0.401575 
vn 0 0.984252 0.173228 
vn 0 1 -0.00787402 
vn -0.0866142 0.976378 -0.204724 
vn -0.173228 0.724409 -0.669291 
vn -0.314961 0.858268 -0.409449 
vn -0.19685 0.96063 -0.181102 
vn -0.0787402 1 -0.00787402 
vn 0 0.92126 0.393701 
vn -0.0787402 0.984252 0.173228 
vn 0 0.787402 0.622047 
vn -0.141732 0.80315 0.574803 
vn -0.102362 0.913386 0.401575 
vn -0.19685 0.968504 0.141732 
vn -0.173228 0.984252 -0.00787402 
vn -0.574803 0.80315 -0.165354 
vn -0.511811 0.850394 -0.102362 
vn -0.393701 0.748031 -0.535433 
vn -0.622047 0.76378 -0.181102 
vn -0.574803 0.811024 0.11811 
vn -0.519685 0.850394 0.0866142 
vn -0.299213 0.897638 0.322835 
vn -0.385827 0.811024 0.433071 
vn -0.614173 0.771654 0.133858 
vn 0.606299 0.19685 -0.771654 
vn 0.566929 0.228346 -0.787402 
vn 0.866142 0.448819 -0.228346 
vn 0.92126 0.314961 -0.212598 
vn 0.606299 0.165354 -0.779528 
vn 0.858268 0.503937 0.133858 
vn 0.952756 0.244094 -0.204724 
vn 0.929134 0.346457 0.141732 
vn 0.566929 0.456693 0.685039 
vn 0.952756 0.267717 0.149606 
vn 0.590551 0.23622 0.771654 
vn 0.574803 0.291339 0.76378 
vn 0.204724 0.220472 0.952756 
vn 0.574803 0.291339 0.76378 
vn 0.204724 0.338583 0.92126 
vn 0 0.19685 0.984252 
vn 0.188976 0.173228 0.968504 
vn 0.590551 0.23622 0.771654 
vn 0 0.15748 0.984252 
vn 0 0.283465 0.96063 
vn -0.204724 0.338583 0.92126 
vn -0.204724 0.220472 0.952756 
vn -0.188976 0.173228 0.968504 
vn -0.566929 0.456693 0.685039 
vn -0.574803 0.291339 0.76378 
vn -0.590551 0.23622 0.771654 
vn -0.929134 0.346457 0.141732 
vn -0.858268 0.503937 0.133858 
vn -0.952756 0.267717 0.149606 
vn -0.92126 0.314961 -0.212598 
vn -0.952756 0.244094 -0.204724 
vn -0.866142 0.448819 -0.228346 
vn -0.606299 0.19685 -0.771654 
vn -0.606299 0.165354 -0.779528 
vn -0.566929 0.228346 -0.787402 

vt 0.0636904 0.817338 
vt 0.0637218 0.833861 
vt 0.0318389 0.833861 
vt 0.0309545 0.818243 
vt 0.0310302 0.803164 
vt 0.0636261 0.803164 
vt 0.0964081 0.81797 
vt 0.0956213 0.833861 
vt 0.0962119 0.803164 
vt 0.00275578 0.833861 
vt 0.00275578 0.819318 
vt 0.00275578 0.803164 
vt 0.1268 0.814896 
vt 0.1268 0.803164 
vt 0.1268 0.83386 
vt 0.0363563 0.802554 
vt 0.0363563 0.784321 
vt 0.0649045 0.784321 
vt 0.0649045 0.802554 
vt 0.00314592 0.802576 
vt 0.00314592 0.784321 
vt 0.0363563 0.756768 
vt 0.0649045 0.756768 
vt 0.00314592 0.756768 
vt 0.0934527 0.784321 
vt 0.0934527 0.802554 
vt 0.0649045 0.740501 
vt 0.0934527 0.756768 
vt 0.0363553 0.740501 
vt 0.00314592 0.740501 
vt 0.0934527 0.740501 
vt 0.126663 0.756768 
vt 0.126663 0.740501 
vt 0.126663 0.784321 
vt 0.126663 0.802554 
vt 0.130974 0.774306 
vt 0.130974 0.767858 
vt 0.137318 0.774001 
vt 0.133304 0.776395 
vt 0.130974 0.794197 
vt 0.145682 0.767858 
vt 0.146901 0.77227 
vt 0.138453 0.779631 
vt 0.134865 0.782117 
vt 0.133519 0.79113 
vt 0.134938 0.786018 
vt 0.130974 0.798661 
vt 0.136836 0.793032 
vt 0.138301 0.788137 
vt 0.139233 0.783931 
vt 0.147735 0.777834 
vt 0.162156 0.771514 
vt 0.162156 0.767858 
vt 0.177414 0.77227 
vt 0.162156 0.77702 
vt 0.148379 0.783931 
vt 0.147787 0.79017 
vt 0.145966 0.798661 
vt 0.147047 0.794855 
vt 0.162156 0.790201 
vt 0.162182 0.78393 
vt 0.176581 0.777832 
vt 0.17863 0.767858 
vt 0.187002 0.774001 
vt 0.185873 0.779632 
vt 0.175986 0.783931 
vt 0.162156 0.79486 
vt 0.176522 0.790171 
vt 0.162156 0.798661 
vt 0.178347 0.798661 
vt 0.177264 0.794855 
vt 0.185998 0.788136 
vt 0.185663 0.783931 
vt 0.191008 0.776395 
vt 0.189447 0.782117 
vt 0.19294 0.767858 
vt 0.19294 0.775071 
vt 0.190793 0.79113 
vt 0.189374 0.786018 
vt 0.187468 0.793032 
vt 0.19294 0.798661 
vt 0.19294 0.793432 
vt 0.376775 0.819318 
vt 0.376775 0.833861 
vt 0.359595 0.833861 
vt 0.358105 0.819002 
vt 0.376775 0.803164 
vt 0.331697 0.833861 
vt 0.356508 0.803164 
vt 0.329551 0.819363 
vt 0.314622 0.833861 
vt 0.325943 0.803164 
vt 0.314622 0.803164 
vt 0.314622 0.818312 
vt 0.285995 0.819179 
vt 0.314622 0.818312 
vt 0.28532 0.833861 
vt 0.252477 0.819839 
vt 0.285594 0.803164 
vt 0.314622 0.803164 
vt 0.252409 0.803164 
vt 0.25255 0.833861 
vt 0.21977 0.833861 
vt 0.219005 0.819246 
vt 0.219305 0.803164 
vt 0.189779 0.833861 
vt 0.189779 0.818461 
vt 0.189779 0.803164 
vt 0.172275 0.816255 
vt 0.170259 0.83386 
vt 0.175586 0.803164 
vt 0.144989 0.81602 
vt 0.146403 0.803164 
vt 0.143645 0.83386 
vt 0.1268 0.814896 
vt 0.1268 0.803164 
vt 0.1268 0.83386 

usemtl Dummy1Mtl

f 1374/1374/1374 1375/1375/1375 1376/1376/1376 
f 1374/1374/1374 1376/1376/1376 1377/1377/1377 
f 1374/1374/1374 1377/1377/1377 1378/1378/1378 
f 1374/1374/1374 1378/1378/1378 1379/1379/1379 
f 1374/1374/1374 1380/1380/1380 1381/1381/1381 
f 1374/1374/1374 1381/1381/1381 1375/1375/1375 
f 1382/1382/1382 1380/1380/1380 1374/1374/1374 
f 1382/1382/1382 1374/1374/1374 1379/1379/1379 
f 1383/1383/1383 1377/1377/1377 1376/1376/1376 
f 1384/1384/1384 1378/1378/1378 1377/1377/1377 
f 1383/1383/1383 1384/1384/1384 1377/1377/1377 
f 1384/1384/1384 1385/1385/1385 1378/1378/1378 
f 1386/1386/1386 1380/1380/1380 1382/1382/1382 
f 1386/1386/1386 1382/1382/1382 1387/1387/1387 
f 1380/1380/1380 1386/1386/1386 1388/1388/1388 
f 1380/1380/1380 1388/1388/1388 1381/1381/1381 
f 1389/1389/1389 1390/1390/1390 1391/1391/1391 
f 1389/1389/1389 1391/1391/1391 1392/1392/1392 
f 1393/1393/1393 1390/1390/1390 1389/1389/1389 
f 1393/1393/1393 1394/1394/1394 1390/1390/1390 
f 1390/1390/1390 1395/1395/1395 1396/1396/1396 
f 1390/1390/1390 1396/1396/1396 1391/1391/1391 
f 1397/1397/1397 1395/1395/1395 1390/1390/1390 
f 1397/1397/1397 1390/1390/1390 1394/1394/1394 
f 1391/1391/1391 1398/1398/1398 1399/1399/1399 
f 1391/1391/1391 1399/1399/1399 1392/1392/1392 
f 1396/1396/1396 1398/1398/1398 1391/1391/1391 
f 1395/1395/1395 1400/1400/1400 1396/1396/1396 
f 1396/1396/1396 1401/1401/1401 1398/1398/1398 
f 1400/1400/1400 1401/1401/1401 1396/1396/1396 
f 1395/1395/1395 1402/1402/1402 1400/1400/1400 
f 1403/1403/1403 1402/1402/1402 1395/1395/1395 
f 1403/1403/1403 1395/1395/1395 1397/1397/1397 
f 1400/1400/1400 1404/1404/1404 1401/1401/1401 
f 1398/1398/1398 1401/1401/1401 1405/1405/1405 
f 1401/1401/1401 1404/1404/1404 1406/1406/1406 
f 1401/1401/1401 1406/1406/1406 1405/1405/1405 
f 1398/1398/1398 1407/1407/1407 1408/1408/1408 
f 1398/1398/1398 1408/1408/1408 1399/1399/1399 
f 1398/1398/1398 1405/1405/1405 1407/1407/1407 
f 1409/1409/1409 1410/1410/1410 1411/1411/1411 
f 1409/1409/1409 1411/1411/1411 1412/1412/1412 
f 1413/1413/1413 1409/1409/1409 1412/1412/1412 
f 1410/1410/1410 1414/1414/1414 1415/1415/1415 
f 1410/1410/1410 1415/1415/1415 1411/1411/1411 
f 1411/1411/1411 1416/1416/1416 1417/1417/1417 
f 1411/1411/1411 1417/1417/1417 1412/1412/1412 
f 1415/1415/1415 1416/1416/1416 1411/1411/1411 
f 1413/1413/1413 1412/1412/1412 1418/1418/1418 
f 1412/1412/1412 1417/1417/1417 1419/1419/1419 
f 1412/1412/1412 1419/1419/1419 1418/1418/1418 
f 1420/1420/1420 1413/1413/1413 1418/1418/1418 
f 1420/1420/1420 1418/1418/1418 1421/1421/1421 
f 1418/1418/1418 1419/1419/1419 1422/1422/1422 
f 1418/1418/1418 1422/1422/1422 1421/1421/1421 
f 1417/1417/1417 1423/1423/1423 1419/1419/1419 
f 1419/1419/1419 1423/1423/1423 1422/1422/1422 
f 1416/1416/1416 1423/1423/1423 1417/1417/1417 
f 1415/1415/1415 1424/1424/1424 1416/1416/1416 
f 1424/1424/1424 1423/1423/1423 1416/1416/1416 
f 1414/1414/1414 1425/1425/1425 1415/1415/1415 
f 1425/1425/1425 1424/1424/1424 1415/1415/1415 
f 1414/1414/1414 1426/1426/1426 1425/1425/1425 
f 1426/1426/1426 1427/1427/1427 1425/1425/1425 
f 1425/1425/1425 1428/1428/1428 1424/1424/1424 
f 1427/1427/1427 1428/1428/1428 1425/1425/1425 
f 1428/1428/1428 1429/1429/1429 1424/1424/1424 
f 1424/1424/1424 1429/1429/1429 1423/1423/1423 
f 1422/1422/1422 1423/1423/1423 1429/1429/1429 
f 1421/1421/1421 1422/1422/1422 1430/1430/1430 
f 1422/1422/1422 1429/1429/1429 1430/1430/1430 
f 1431/1431/1431 1420/1420/1420 1421/1421/1421 
f 1431/1431/1431 1421/1421/1421 1432/1432/1432 
f 1421/1421/1421 1430/1430/1430 1432/1432/1432 
f 1432/1432/1432 1430/1430/1430 1433/1433/1433 
f 1430/1430/1430 1429/1429/1429 1434/1434/1434 
f 1430/1430/1430 1434/1434/1434 1433/1433/1433 
f 1428/1428/1428 1434/1434/1434 1429/1429/1429 
f 1427/1427/1427 1435/1435/1435 1428/1428/1428 
f 1435/1435/1435 1434/1434/1434 1428/1428/1428 
f 1426/1426/1426 1436/1436/1436 1427/1427/1427 
f 1436/1436/1436 1437/1437/1437 1427/1427/1427 
f 1437/1437/1437 1435/1435/1435 1427/1427/1427 
f 1437/1437/1437 1438/1438/1438 1435/1435/1435 
f 1435/1435/1435 1439/1439/1439 1434/1434/1434 
f 1438/1438/1438 1439/1439/1439 1435/1435/1435 
f 1433/1433/1433 1434/1434/1434 1439/1439/1439 
f 1432/1432/1432 1433/1433/1433 1440/1440/1440 
f 1440/1440/1440 1433/1433/1433 1441/1441/1441 
f 1433/1433/1433 1439/1439/1439 1441/1441/1441 
f 1442/1442/1442 1431/1431/1431 1432/1432/1432 
f 1442/1442/1442 1432/1432/1432 1440/1440/1440 
f 1443/1443/1443 1442/1442/1442 1440/1440/1440 
f 1443/1443/1443 1440/1440/1440 1444/1444/1444 
f 1440/1440/1440 1441/1441/1441 1444/1444/1444 
f 1444/1444/1444 1441/1441/1441 1445/1445/1445 
f 1441/1441/1441 1439/1439/1439 1446/1446/1446 
f 1441/1441/1441 1446/1446/1446 1445/1445/1445 
f 1438/1438/1438 1446/1446/1446 1439/1439/1439 
f 1447/1447/1447 1448/1448/1448 1438/1438/1438 
f 1447/1447/1447 1438/1438/1438 1437/1437/1437 
f 1448/1448/1448 1446/1446/1446 1438/1438/1438 
f 1449/1449/1449 1447/1447/1447 1437/1437/1437 
f 1436/1436/1436 1449/1449/1449 1437/1437/1437 
f 1449/1449/1449 1450/1450/1450 1447/1447/1447 
f 1450/1450/1450 1451/1451/1451 1447/1447/1447 
f 1451/1451/1451 1448/1448/1448 1447/1447/1447 
f 1451/1451/1451 1452/1452/1452 1448/1448/1448 
f 1452/1452/1452 1446/1446/1446 1448/1448/1448 
f 1445/1445/1445 1446/1446/1446 1452/1452/1452 
f 1444/1444/1444 1445/1445/1445 1453/1453/1453 
f 1453/1453/1453 1445/1445/1445 1452/1452/1452 
f 1454/1454/1454 1443/1443/1443 1444/1444/1444 
f 1454/1454/1454 1444/1444/1444 1453/1453/1453 
f 1455/1455/1455 1454/1454/1454 1453/1453/1453 
f 1455/1455/1455 1453/1453/1453 1451/1451/1451 
f 1453/1453/1453 1452/1452/1452 1451/1451/1451 
f 1450/1450/1450 1455/1455/1455 1451/1451/1451 
f 1456/1456/1456 1457/1457/1457 1458/1458/1458 
f 1456/1456/1456 1458/1458/1458 1459/1459/1459 
f 1460/1460/1460 1456/1456/1456 1459/1459/1459 
f 1461/1461/1461 1459/1459/1459 1458/1458/1458 
f 1460/1460/1460 1459/1459/1459 1462/1462/1462 
f 1463/1463/1463 1462/1462/1462 1459/1459/1459 
f 1461/1461/1461 1463/1463/1463 1459/1459/1459 
f 1464/1464/1464 1463/1463/1463 1461/1461/1461 
f 1463/1463/1463 1465/1465/1465 1462/1462/1462 
f 1466/1466/1466 1465/1465/1465 1463/1463/1463 
f 1466/1466/1466 1463/1463/1463 1467/1467/1467 
f 1464/1464/1464 1467/1467/1467 1463/1463/1463 
f 1468/1468/1468 1469/1469/1469 1464/1464/1464 
f 1468/1468/1468 1464/1464/1464 1470/1470/1470 
f 1471/1471/1471 1468/1468/1468 1470/1470/1470 
f 1472/1472/1472 1469/1469/1469 1468/1468/1468 
f 1472/1472/1472 1468/1468/1468 1471/1471/1471 
f 1472/1472/1472 1473/1473/1473 1469/1469/1469 
f 1472/1472/1472 1471/1471/1471 1474/1474/1474 
f 1471/1471/1471 1470/1470/1470 1475/1475/1475 
f 1471/1471/1471 1475/1475/1475 1476/1476/1476 
f 1471/1471/1471 1476/1476/1476 1477/1477/1477 
f 1471/1471/1471 1477/1477/1477 1478/1478/1478 
f 1471/1471/1471 1478/1478/1478 1474/1474/1474 
f 1477/1477/1477 1476/1476/1476 1479/1479/1479 
f 1477/1477/1477 1479/1479/1479 1480/1480/1480 
f 1478/1478/1478 1477/1477/1477 1480/1480/1480 
f 1478/1478/1478 1480/1480/1480 1481/1481/1481 
f 1482/1482/1482 1481/1481/1481 1480/1480/1480 
f 1483/1483/1483 1482/1482/1482 1480/1480/1480 
f 1483/1483/1483 1480/1480/1480 1479/1479/1479 
f 1482/1482/1482 1484/1484/1484 1481/1481/1481 
f 1485/1485/1485 1482/1482/1482 1483/1483/1483 
f 1482/1482/1482 1485/1485/1485 1486/1486/1486 
f 1482/1482/1482 1486/1486/1486 1484/1484/1484 
f 1485/1485/1485 1483/1483/1483 1487/1487/1487 
f 1488/1488/1488 1485/1485/1485 1487/1487/1487 
f 1489/1489/1489 1486/1486/1486 1485/1485/1485 
f 1489/1489/1489 1485/1485/1485 1488/1488/1488 
f 1488/1488/1488 1487/1487/1487 1490/1490/1490 

g Dummy14

v -12.8998 3.93001 -38.895 
v -12.8998 3.93001 -39.2274 
v -13.5073 4.00477 -39.3838 
v -13.5073 4.00477 -38.7409 
v -13.8985 4.00477 -38.7012 
v -13.8985 4.00477 -39.4781 
v -14.2898 4.00477 -39.3838 
v -14.2898 4.00477 -38.7409 
v -14.8972 3.93001 -39.2274 
v -14.8972 3.93001 -38.895 
v -12.8998 3.34563 -39.374 
v -12.8998 3.65693 -39.4011 
v -12.8998 3.62148 -39.2268 
v -12.8998 3.23137 -39.2259 
v -12.8998 3.83914 -39.374 
v -12.8998 3.62148 -38.893 
v -12.8998 3.93001 -38.895 
v -12.8998 3.93001 -39.2274 
v -12.8998 3.23137 -38.8906 
v -12.8998 3.65693 -38.726 
v -12.8998 3.34563 -38.7444 
v -12.8998 3.83914 -38.7444 
v -14.8972 3.34563 -39.374 
v -14.8972 3.23137 -39.2259 
v -14.8972 3.62148 -39.2268 
v -14.8972 3.65693 -39.4011 
v -14.8972 3.23137 -38.8906 
v -14.8972 3.62148 -38.893 
v -14.8972 3.93001 -38.895 
v -14.8972 3.93001 -39.2274 
v -14.8972 3.83914 -39.374 
v -14.8972 3.34563 -38.7444 
v -14.8972 3.65693 -38.726 
v -14.8972 3.83914 -38.7444 
v -13.2765 2.36195 -38.8228 
v -13.5318 2.36944 -38.6805 
v -13.5303 2.27076 -38.7326 
v -13.2822 2.29077 -38.858 
v -13.2913 2.2464 -38.9735 
v -13.2029 2.35584 -38.9713 
v -13.2005 2.31318 -38.9888 
v -13.2054 2.28702 -39.0461 
v -13.2107 2.27899 -39.1175 
v -13.2984 2.34434 -39.4187 
v -13.1934 2.35489 -39.2446 
v -13.1958 2.31275 -39.2294 
v -13.2928 2.28282 -39.3827 
v -13.5254 2.33476 -39.5446 
v -13.2039 2.28692 -39.1797 
v -13.2949 2.24447 -39.2649 
v -13.5269 2.25508 -39.4936 
v -13.5312 2.20501 -39.3265 
v -13.8985 2.32891 -39.5992 
v -13.8985 2.24075 -39.542 
v -13.8985 2.18519 -39.3539 
v -13.5352 2.18881 -39.1175 
v -13.8985 2.16726 -39.1175 
v -13.2984 2.23226 -39.1175 
v -13.5328 2.20885 -38.9038 
v -13.8985 2.19143 -38.9004 
v -14.2618 2.18881 -39.1175 
v -14.2644 2.20884 -38.9039 
v -14.2656 2.20502 -39.3264 
v -14.506 2.24641 -38.9735 
v -14.4986 2.23226 -39.1175 
v -14.2668 2.27076 -38.7327 
v -14.5151 2.29077 -38.858 
v -13.8985 2.26545 -38.7273 
v -13.8985 2.36944 -38.6805 
v -14.2652 2.36944 -38.6805 
v -14.5205 2.36195 -38.8228 
v -14.5965 2.31318 -38.9888 
v -14.5916 2.28702 -39.0461 
v -14.5941 2.35584 -38.9713 
v -14.6012 2.31275 -39.2294 
v -14.5932 2.28692 -39.1797 
v -14.5863 2.27899 -39.1175 
v -14.6037 2.35489 -39.2446 
v -14.5041 2.28282 -39.3827 
v -14.5019 2.24447 -39.2649 
v -14.2701 2.25508 -39.4936 
v -14.4987 2.34434 -39.4187 
v -14.2716 2.33476 -39.5446 
v -13.5073 4.00477 -39.3838 
v -13.3952 3.89833 -39.5586 
v -13.8985 3.89833 -39.6132 
v -13.8985 4.00477 -39.4781 
v -12.8998 3.93001 -39.2274 
v -12.8998 3.83914 -39.374 
v -13.3848 3.65531 -39.6037 
v -13.8985 3.65531 -39.6583 
v -14.4019 3.89833 -39.5586 
v -14.2898 4.00477 -39.3838 
v -14.4123 3.65531 -39.6037 
v -13.8985 3.34804 -39.6743 
v -13.3716 3.34804 -39.6197 
v -12.8998 3.65693 -39.4011 
v -14.4254 3.34804 -39.6197 
v -14.8972 3.65693 -39.4011 
v -14.8972 3.83914 -39.374 
v -14.8972 3.93001 -39.2274 
v -14.8972 3.34563 -39.374 
v -14.2803 2.96999 -39.5345 
v -14.4676 2.93358 -39.397 
v -13.5167 2.96999 -39.5345 
v -13.8985 2.96999 -39.5891 
v -14.4605 2.6696 -39.4031 
v -14.2733 2.67051 -39.5415 
v -13.5238 2.67051 -39.5415 
v -13.8985 2.67051 -39.5961 
v -12.8998 3.34563 -39.374 
v -13.3295 2.93358 -39.397 
v -14.6037 2.35489 -39.2446 
v -14.4533 2.4444 -39.4093 
v -14.4987 2.34434 -39.4187 
v -13.3366 2.6696 -39.4031 
v -13.5309 2.44485 -39.5486 
v -13.8985 2.44485 -39.6032 
v -14.2661 2.44485 -39.5486 
v -14.5802 2.66889 -39.245 
v -14.4676 2.93358 -39.397 
v -14.4533 2.4444 -39.4093 
v -14.2716 2.33476 -39.5446 
v -14.4987 2.34434 -39.4187 
v -13.8985 2.32891 -39.5992 
v -13.3437 2.4444 -39.4093 
v -13.5254 2.33476 -39.5446 
v -13.2984 2.34434 -39.4187 
v -14.5713 2.66726 -38.9868 
v -14.5992 2.90466 -39.2454 
v -14.561 2.44404 -39.2447 
v -14.8972 3.34563 -39.374 
v -14.8972 3.23137 -39.2259 
v -14.5992 2.83908 -38.9861 
v -14.4955 2.66652 -38.8389 
v -14.5432 2.44324 -38.9876 
v -14.5941 2.35584 -38.9713 
v -14.5205 2.36195 -38.8228 
v -14.4712 2.44287 -38.8438 
v -14.2674 2.66789 -38.6977 
v -14.5196 2.80938 -38.834 
v -14.2544 2.44243 -38.7018 
v -14.8972 3.23137 -38.8906 
v -14.2803 2.86581 -38.6935 
v -14.8972 3.34563 -38.7444 
v -13.8985 2.86581 -38.6935 
v -13.8985 2.66789 -38.6977 
v -13.8985 2.44243 -38.7018 
v -13.8985 2.36944 -38.6805 
v -14.2652 2.36944 -38.6805 
v -13.5318 2.36944 -38.6805 
v -13.5427 2.44243 -38.7018 
v -13.5296 2.66789 -38.6977 
v -13.5167 2.86581 -38.6935 
v -13.8985 3.55363 -38.5636 
v -14.4254 3.55363 -38.5636 
v -14.8972 3.65693 -38.726 
v -14.4123 3.74611 -38.567 
v -13.3716 3.55363 -38.5636 
v -13.3848 3.74611 -38.567 
v -13.8985 3.74611 -38.567 
v -13.2775 2.80938 -38.834 
v -12.8998 3.34563 -38.7444 
v -12.8998 3.65693 -38.726 
v -13.3952 3.89833 -38.5946 
v -12.8998 3.83914 -38.7444 
v -13.8985 3.89833 -38.5946 
v -14.4019 3.89833 -38.5946 
v -14.8972 3.83914 -38.7444 
v -14.2898 4.00477 -38.7409 
v -14.8972 3.93001 -38.895 
v -13.5073 4.00477 -38.7409 
v -13.8985 4.00477 -38.7012 
v -12.8998 3.93001 -38.895 
v -13.3016 2.66652 -38.8389 
v -13.3259 2.44287 -38.8438 
v -13.2775 2.80938 -38.834 
v -13.2258 2.66726 -38.9868 
v -13.3259 2.44287 -38.8438 
v -13.2539 2.44324 -38.9876 
v -12.8998 3.23137 -38.8906 
v -12.8998 3.34563 -38.7444 
v -13.1979 2.83908 -38.9861 
v -13.2169 2.66889 -39.245 
v -13.236 2.44404 -39.2447 
v -13.2029 2.35584 -38.9713 
v -13.1934 2.35489 -39.2446 
v -13.2765 2.36195 -38.8228 
v -13.3437 2.4444 -39.4093 
v -13.2984 2.34434 -39.4187 
v -13.1979 2.90466 -39.2454 
v -13.3366 2.6696 -39.4031 
v -12.8998 3.23137 -39.2259 
v -12.8998 3.34563 -39.374 
v -13.3295 2.93358 -39.397 

vn 0.149606 0.984252 0.102362 
vn 0.149606 0.984252 -0.102362 
vn 0.0866142 0.984252 -0.125984 
vn 0.0708661 0.984252 0.141732 
vn 0 0.984252 0.15748 
vn 0 0.984252 -0.165354 
vn -0.0866142 0.984252 -0.125984 
vn -0.0708661 0.984252 0.141732 
vn -0.149606 0.984252 -0.102362 
vn -0.149606 0.984252 0.102362 
vn 1 0 0 
vn 1 0 0 
vn 1 0 0 
vn 1 0 0 
vn 1 0 0 
vn 1 0 0 
vn 1 0 0 
vn 1 0 0 
vn 1 0 0 
vn 1 0 0 
vn 1 0 0 
vn 1 0 0 
vn -1 0 0 
vn -1 0 0 
vn -1 0 0 
vn -1 0 0 
vn -1 0 0 
vn -1 0 0 
vn -1 0 0 
vn -1 0 0 
vn -1 0 0 
vn -1 0 0 
vn -1 0 0 
vn -1 0 0 
vn 0.527559 -0.393701 0.748031 
vn 0.15748 -0.440945 0.88189 
vn 0.141732 -0.779528 0.614173 
vn 0.425197 -0.740157 0.519685 
vn 0.275591 -0.944882 0.19685 
vn 0.944882 -0.149606 0.299213 
vn 0.889764 -0.393701 0.23622 
vn 0.685039 -0.716535 0.110236 
vn 0.488189 -0.874016 0 
vn 0.543307 -0.417323 -0.724409 
vn 0.944882 -0.133858 -0.291339 
vn 0.889764 -0.393701 -0.228346 
vn 0.440945 -0.76378 -0.464567 
vn 0.228346 -0.519685 -0.818898 
vn 0.685039 -0.724409 -0.102362 
vn 0.283465 -0.944882 -0.165354 
vn 0.181102 -0.84252 -0.511811 
vn 0.11811 -0.976378 -0.173228 
vn 0 -0.543307 -0.84252 
vn 0 -0.850394 -0.519685 
vn 0 -0.984252 -0.173228 
vn 0.102362 -0.992126 0.00787402 
vn 0 -1 0.00787402 
vn 0.23622 -0.968504 0.00787402 
vn 0.102362 -0.968504 0.228346 
vn 0 -0.976378 0.228346 
vn -0.102362 -0.992126 0.00787402 
vn -0.102362 -0.968504 0.228346 
vn -0.11811 -0.976378 -0.173228 
vn -0.275591 -0.944882 0.19685 
vn -0.23622 -0.968504 0.00787402 
vn -0.141732 -0.779528 0.614173 
vn -0.425197 -0.740157 0.519685 
vn 0 -0.795276 0.606299 
vn 0 -0.440945 0.897638 
vn -0.15748 -0.440945 0.88189 
vn -0.527559 -0.393701 0.748031 
vn -0.889764 -0.393701 0.23622 
vn -0.685039 -0.716535 0.110236 
vn -0.944882 -0.141732 0.299213 
vn -0.889764 -0.393701 -0.228346 
vn -0.685039 -0.724409 -0.102362 
vn -0.488189 -0.874016 0 
vn -0.944882 -0.133858 -0.291339 
vn -0.440945 -0.76378 -0.464567 
vn -0.283465 -0.944882 -0.165354 
vn -0.181102 -0.84252 -0.511811 
vn -0.543307 -0.417323 -0.724409 
vn -0.228346 -0.519685 -0.818898 
vn 0.0866142 0.984252 -0.125984 
vn 0.23622 0.535433 -0.811024 
vn 0 0.480315 -0.874016 
vn 0 0.984252 -0.165354 
vn 0.149606 0.984252 -0.102362 
vn 0.338583 0.590551 -0.740157 
vn 0.251969 0.0866142 -0.96063 
vn 0 0.110236 -0.992126 
vn -0.23622 0.535433 -0.811024 
vn -0.0866142 0.984252 -0.125984 
vn -0.251969 0.0866142 -0.96063 
vn 0 -0.102362 -0.992126 
vn 0.299213 -0.15748 -0.944882 
vn 0.401575 0.0629921 -0.913386 
vn -0.299213 -0.15748 -0.944882 
vn -0.401575 0.0629921 -0.913386 
vn -0.338583 0.590551 -0.740157 
vn -0.149606 0.984252 -0.102362 
vn -0.488189 -0.251969 -0.834646 
vn -0.283465 -0.212598 -0.937008 
vn -0.551181 -0.322835 -0.76378 
vn 0.283465 -0.212598 -0.937008 
vn 0 -0.141732 -0.992126 
vn -0.692913 -0.015748 -0.724409 
vn -0.322835 0.015748 -0.944882 
vn 0.322835 0.015748 -0.944882 
vn 0 0.023622 -1 
vn 0.488189 -0.251969 -0.834646 
vn 0.551181 -0.322835 -0.76378 
vn -0.874016 0.456693 -0.181102 
vn -0.685039 0.0708661 -0.724409 
vn -0.677165 0.275591 -0.685039 
vn 0.692913 -0.015748 -0.724409 
vn 0.314961 0.023622 -0.952756 
vn 0 0.00787402 -1 
vn -0.314961 0.023622 -0.952756 
vn -0.96063 -0.0787402 -0.283465 
vn -0.551181 -0.322835 -0.76378 
vn -0.685039 0.0708661 -0.724409 
vn -0.307087 0.0393701 -0.952756 
vn -0.677165 0.275591 -0.685039 
vn 0 -0.0314961 -1 
vn 0.685039 0.0708661 -0.724409 
vn 0.307087 0.0393701 -0.952756 
vn 0.677165 0.275591 -0.685039 
vn -0.976378 -0.11811 0.181102 
vn -0.811024 -0.496063 -0.314961 
vn -0.968504 0.0944882 -0.23622 
vn -0.488189 -0.251969 -0.834646 
vn -0.724409 -0.622047 -0.291339 
vn -0.850394 -0.519685 0.125984 
vn -0.685039 -0.0944882 0.724409 
vn -0.976378 0.0944882 0.204724 
vn -0.850394 0.503937 0.173228 
vn -0.637795 0.480315 0.598425 
vn -0.685039 0.0866142 0.724409 
vn -0.220472 -0.0393701 0.976378 
vn -0.448819 -0.322835 0.834646 
vn -0.228346 0.0708661 0.968504 
vn -0.76378 -0.629921 0.15748 
vn -0.149606 -0.212598 0.968504 
vn -0.377953 -0.283465 0.88189 
vn 0 -0.15748 0.984252 
vn 0 -0.015748 1 
vn 0 0.0551181 1 
vn 0 0.283465 0.96063 
vn -0.23622 0.354331 0.905512 
vn 0.23622 0.354331 0.905512 
vn 0.228346 0.0708661 0.968504 
vn 0.220472 -0.0393701 0.976378 
vn 0.149606 -0.212598 0.968504 
vn 0 -0.133858 0.992126 
vn -0.165354 -0.15748 0.976378 
vn -0.322835 0.0393701 0.944882 
vn -0.173228 0.0708661 0.984252 
vn 0.165354 -0.15748 0.976378 
vn 0.173228 0.0708661 0.984252 
vn 0 0.0866142 0.992126 
vn 0.448819 -0.322835 0.834646 
vn 0.377953 -0.283465 0.88189 
vn 0.322835 0.0393701 0.944882 
vn 0.188976 0.566929 0.80315 
vn 0.299213 0.598425 0.748031 
vn 0 0.496063 0.866142 
vn -0.188976 0.566929 0.80315 
vn -0.299213 0.598425 0.748031 
vn -0.0708661 0.984252 0.141732 
vn -0.149606 0.984252 0.102362 
vn 0.0708661 0.984252 0.141732 
vn 0 0.984252 0.15748 
vn 0.149606 0.984252 0.102362 
vn 0.685039 -0.0944882 0.724409 
vn 0.685039 0.0866142 0.724409 
vn 0.448819 -0.322835 0.834646 
vn 0.976378 -0.11811 0.181102 
vn 0.685039 0.0866142 0.724409 
vn 0.976378 0.0944882 0.204724 
vn 0.76378 -0.629921 0.15748 
vn 0.377953 -0.283465 0.88189 
vn 0.850394 -0.519685 0.125984 
vn 0.96063 -0.0787402 -0.283465 
vn 0.968504 0.0944882 -0.23622 
vn 0.850394 0.503937 0.173228 
vn 0.874016 0.456693 -0.181102 
vn 0.637795 0.480315 0.598425 
vn 0.685039 0.0708661 -0.724409 
vn 0.677165 0.275591 -0.685039 
vn 0.811024 -0.496063 -0.314961 
vn 0.692913 -0.015748 -0.724409 
vn 0.724409 -0.622047 -0.291339 
vn 0.488189 -0.251969 -0.834646 
vn 0.551181 -0.322835 -0.76378 

vt 0.00224643 0.989776 
vt 0.0022096 0.928207 
vt 0.0401643 0.928207 
vt 0.040236 0.989776 
vt 0.0645149 0.989776 
vt 0.0644283 0.928207 
vt 0.0887131 0.928207 
vt 0.0887848 0.989776 
vt 0.126703 0.928207 
vt 0.126739 0.989776 
vt 0.376775 0.884116 
vt 0.376775 0.902755 
vt 0.360602 0.908479 
vt 0.360053 0.885421 
vt 0.376775 0.913507 
vt 0.326062 0.908579 
vt 0.325491 0.927054 
vt 0.360611 0.927054 
vt 0.327541 0.885762 
vt 0.314622 0.910571 
vt 0.314622 0.888541 
vt 0.314622 0.91857 
vt 0.1268 0.885263 
vt 0.143443 0.882497 
vt 0.142947 0.905312 
vt 0.1268 0.903776 
vt 0.173778 0.882661 
vt 0.17534 0.905436 
vt 0.175937 0.927054 
vt 0.142992 0.927054 
vt 0.1268 0.914542 
vt 0.189779 0.888934 
vt 0.189779 0.910592 
vt 0.189779 0.91857 
vt 0.136995 0.931983 
vt 0.147806 0.931982 
vt 0.147749 0.934135 
vt 0.138219 0.935816 
vt 0.138572 0.94137 
vt 0.131053 0.931983 
vt 0.132886 0.937886 
vt 0.135271 0.943977 
vt 0.135686 0.946539 
vt 0.137869 0.962759 
vt 0.131053 0.962758 
vt 0.132692 0.956751 
vt 0.138626 0.958719 
vt 0.147559 0.962759 
vt 0.135212 0.948774 
vt 0.138708 0.951831 
vt 0.147616 0.959928 
vt 0.147784 0.954044 
vt 0.161888 0.962759 
vt 0.161888 0.960521 
vt 0.161888 0.95503 
vt 0.147938 0.946539 
vt 0.161888 0.94654 
vt 0.138844 0.946539 
vt 0.147845 0.938868 
vt 0.161888 0.938745 
vt 0.175839 0.946539 
vt 0.175939 0.93887 
vt 0.175985 0.954042 
vt 0.185216 0.94137 
vt 0.184932 0.946539 
vt 0.176032 0.934136 
vt 0.185564 0.935816 
vt 0.161888 0.934056 
vt 0.161888 0.931982 
vt 0.17597 0.931982 
vt 0.186781 0.931983 
vt 0.191057 0.937886 
vt 0.188503 0.943977 
vt 0.19327 0.931983 
vt 0.191254 0.956751 
vt 0.188566 0.948774 
vt 0.188167 0.946539 
vt 0.19327 0.962758 
vt 0.185143 0.958719 
vt 0.185057 0.951832 
vt 0.176155 0.959928 
vt 0.185907 0.962759 
vt 0.176217 0.962759 
vt 0.0309078 0.927054 
vt 0.0242317 0.914232 
vt 0.0643879 0.914013 
vt 0.0645677 0.927054 
vt 0.00275578 0.927054 
vt 0.00275578 0.913507 
vt 0.0231081 0.900055 
vt 0.0642286 0.899293 
vt 0.104503 0.914025 
vt 0.0981845 0.927054 
vt 0.105423 0.899673 
vt 0.0640105 0.889165 
vt 0.02151 0.890266 
vt 0.00275578 0.902755 
vt 0.106725 0.890026 
vt 0.1268 0.903776 
vt 0.1268 0.914542 
vt 0.1268 0.927054 
vt 0.1268 0.885263 
vt 0.0973617 0.868229 
vt 0.1268 0.863824 
vt 0.0304617 0.86849 
vt 0.0639191 0.868512 
vt 0.1268 0.852398 
vt 0.0962141 0.852399 
vt 0.0314634 0.852399 
vt 0.0638321 0.852399 
vt 0.00275578 0.884116 
vt 0.00275578 0.862308 
vt 0.143645 0.83386 
vt 0.1268 0.838286 
vt 0.1268 0.83386 
vt 0.00275578 0.852399 
vt 0.0324739 0.843249 
vt 0.0637442 0.843155 
vt 0.0950564 0.842974 
vt 0.14085 0.852398 
vt 0.1268 0.863824 
vt 0.1268 0.838286 
vt 0.0956213 0.833861 
vt 0.1268 0.83386 
vt 0.0637218 0.833861 
vt 0.00275578 0.84324 
vt 0.0318389 0.833861 
vt 0.00275578 0.833861 
vt 0.167274 0.852398 
vt 0.139037 0.865502 
vt 0.142679 0.839491 
vt 0.1268 0.885263 
vt 0.143443 0.882497 
vt 0.16575 0.862157 
vt 0.189779 0.852398 
vt 0.168811 0.840377 
vt 0.170259 0.83386 
vt 0.189779 0.833861 
vt 0.189779 0.84043 
vt 0.219391 0.852398 
vt 0.189779 0.859167 
vt 0.22032 0.839614 
vt 0.173778 0.882661 
vt 0.21847 0.862514 
vt 0.189779 0.888934 
vt 0.252599 0.862165 
vt 0.252601 0.852398 
vt 0.252602 0.839812 
vt 0.25255 0.833861 
vt 0.21977 0.833861 
vt 0.28532 0.833861 
vt 0.284835 0.839596 
vt 0.285748 0.852398 
vt 0.286652 0.862324 
vt 0.252604 0.899018 
vt 0.207876 0.899419 
vt 0.189779 0.910592 
vt 0.209175 0.911901 
vt 0.297318 0.899266 
vt 0.295838 0.911888 
vt 0.252544 0.911958 
vt 0.314622 0.858836 
vt 0.314622 0.888541 
vt 0.314622 0.910571 
vt 0.294693 0.91866 
vt 0.314622 0.91857 
vt 0.252582 0.91867 
vt 0.210175 0.918662 
vt 0.189779 0.91857 
vt 0.218329 0.927054 
vt 0.189779 0.927054 
vt 0.286886 0.927054 
vt 0.252661 0.927054 
vt 0.314622 0.927054 
vt 0.314622 0.852398 
vt 0.314622 0.840224 
vt 0.314622 0.858836 
vt 0.33478 0.852398 
vt 0.314622 0.840224 
vt 0.333237 0.843226 
vt 0.327541 0.885762 
vt 0.314622 0.888541 
vt 0.336309 0.864912 
vt 0.362681 0.852399 
vt 0.360665 0.842244 
vt 0.331697 0.833861 
vt 0.359595 0.833861 
vt 0.314622 0.833861 
vt 0.376775 0.84324 
vt 0.376775 0.833861 
vt 0.36468 0.868265 
vt 0.376775 0.852399 
vt 0.360053 0.885421 
vt 0.376775 0.884116 
vt 0.376775 0.865441 

usemtl Dummy1Mtl

f 1491/1491/1491 1492/1492/1492 1493/1493/1493 
f 1491/1491/1491 1493/1493/1493 1494/1494/1494 
f 1495/1495/1495 1494/1494/1494 1493/1493/1493 
f 1495/1495/1495 1493/1493/1493 1496/1496/1496 
f 1495/1495/1495 1496/1496/1496 1497/1497/1497 
f 1495/1495/1495 1497/1497/1497 1498/1498/1498 
f 1497/1497/1497 1499/1499/1499 1500/1500/1500 
f 1497/1497/1497 1500/1500/1500 1498/1498/1498 
f 1501/1501/1501 1502/1502/1502 1503/1503/1503 
f 1501/1501/1501 1503/1503/1503 1504/1504/1504 
f 1505/1505/1505 1503/1503/1503 1502/1502/1502 
f 1506/1506/1506 1504/1504/1504 1503/1503/1503 
f 1507/1507/1507 1506/1506/1506 1503/1503/1503 
f 1507/1507/1507 1503/1503/1503 1508/1508/1508 
f 1505/1505/1505 1508/1508/1508 1503/1503/1503 
f 1506/1506/1506 1509/1509/1509 1504/1504/1504 
f 1506/1506/1506 1510/1510/1510 1511/1511/1511 
f 1506/1506/1506 1511/1511/1511 1509/1509/1509 
f 1512/1512/1512 1510/1510/1510 1506/1506/1506 
f 1512/1512/1512 1506/1506/1506 1507/1507/1507 
f 1513/1513/1513 1514/1514/1514 1515/1515/1515 
f 1513/1513/1513 1515/1515/1515 1516/1516/1516 
f 1514/1514/1514 1517/1517/1517 1518/1518/1518 
f 1514/1514/1514 1518/1518/1518 1515/1515/1515 
f 1515/1515/1515 1518/1518/1518 1519/1519/1519 
f 1515/1515/1515 1519/1519/1519 1520/1520/1520 
f 1515/1515/1515 1520/1520/1520 1521/1521/1521 
f 1515/1515/1515 1521/1521/1521 1516/1516/1516 
f 1518/1518/1518 1517/1517/1517 1522/1522/1522 
f 1518/1518/1518 1522/1522/1522 1523/1523/1523 
f 1518/1518/1518 1523/1523/1523 1524/1524/1524 
f 1518/1518/1518 1524/1524/1524 1519/1519/1519 
f 1525/1525/1525 1526/1526/1526 1527/1527/1527 
f 1525/1525/1525 1527/1527/1527 1528/1528/1528 
f 1527/1527/1527 1529/1529/1529 1528/1528/1528 
f 1530/1530/1530 1525/1525/1525 1528/1528/1528 
f 1530/1530/1530 1528/1528/1528 1531/1531/1531 
f 1528/1528/1528 1529/1529/1529 1532/1532/1532 
f 1528/1528/1528 1532/1532/1532 1531/1531/1531 
f 1529/1529/1529 1533/1533/1533 1532/1532/1532 
f 1534/1534/1534 1535/1535/1535 1536/1536/1536 
f 1534/1534/1534 1536/1536/1536 1537/1537/1537 
f 1538/1538/1538 1534/1534/1534 1537/1537/1537 
f 1535/1535/1535 1530/1530/1530 1531/1531/1531 
f 1535/1535/1535 1531/1531/1531 1536/1536/1536 
f 1536/1536/1536 1539/1539/1539 1540/1540/1540 
f 1536/1536/1536 1540/1540/1540 1537/1537/1537 
f 1531/1531/1531 1539/1539/1539 1536/1536/1536 
f 1538/1538/1538 1537/1537/1537 1541/1541/1541 
f 1537/1537/1537 1540/1540/1540 1542/1542/1542 
f 1537/1537/1537 1542/1542/1542 1541/1541/1541 
f 1543/1543/1543 1538/1538/1538 1541/1541/1541 
f 1543/1543/1543 1541/1541/1541 1544/1544/1544 
f 1541/1541/1541 1542/1542/1542 1545/1545/1545 
f 1541/1541/1541 1545/1545/1545 1544/1544/1544 
f 1542/1542/1542 1546/1546/1546 1547/1547/1547 
f 1542/1542/1542 1547/1547/1547 1545/1545/1545 
f 1540/1540/1540 1546/1546/1546 1542/1542/1542 
f 1539/1539/1539 1548/1548/1548 1540/1540/1540 
f 1540/1540/1540 1548/1548/1548 1546/1546/1546 
f 1531/1531/1531 1532/1532/1532 1539/1539/1539 
f 1539/1539/1539 1533/1533/1533 1548/1548/1548 
f 1532/1532/1532 1533/1533/1533 1539/1539/1539 
f 1549/1549/1549 1546/1546/1546 1548/1548/1548 
f 1549/1549/1549 1548/1548/1548 1529/1529/1529 
f 1529/1529/1529 1548/1548/1548 1533/1533/1533 
f 1550/1550/1550 1547/1547/1547 1546/1546/1546 
f 1550/1550/1550 1546/1546/1546 1549/1549/1549 
f 1545/1545/1545 1547/1547/1547 1551/1551/1551 
f 1552/1552/1552 1551/1551/1551 1547/1547/1547 
f 1552/1552/1552 1547/1547/1547 1550/1550/1550 
f 1544/1544/1544 1545/1545/1545 1553/1553/1553 
f 1545/1545/1545 1551/1551/1551 1553/1553/1553 
f 1554/1554/1554 1555/1555/1555 1551/1551/1551 
f 1554/1554/1554 1551/1551/1551 1552/1552/1552 
f 1553/1553/1553 1551/1551/1551 1555/1555/1555 
f 1556/1556/1556 1552/1552/1552 1550/1550/1550 
f 1557/1557/1557 1554/1554/1554 1552/1552/1552 
f 1557/1557/1557 1552/1552/1552 1556/1556/1556 
f 1558/1558/1558 1550/1550/1550 1549/1549/1549 
f 1556/1556/1556 1550/1550/1550 1558/1558/1558 
f 1558/1558/1558 1549/1549/1549 1527/1527/1527 
f 1527/1527/1527 1549/1549/1549 1529/1529/1529 
f 1526/1526/1526 1559/1559/1559 1558/1558/1558 
f 1526/1526/1526 1558/1558/1558 1527/1527/1527 
f 1559/1559/1559 1556/1556/1556 1558/1558/1558 
f 1559/1559/1559 1560/1560/1560 1556/1556/1556 
f 1560/1560/1560 1557/1557/1557 1556/1556/1556 
f 1560/1560/1560 1561/1561/1561 1557/1557/1557 
f 1561/1561/1561 1562/1562/1562 1557/1557/1557 
f 1562/1562/1562 1554/1554/1554 1557/1557/1557 
f 1562/1562/1562 1563/1563/1563 1554/1554/1554 
f 1563/1563/1563 1555/1555/1555 1554/1554/1554 
f 1564/1564/1564 1565/1565/1565 1562/1562/1562 
f 1561/1561/1561 1564/1564/1564 1562/1562/1562 
f 1565/1565/1565 1563/1563/1563 1562/1562/1562 
f 1565/1565/1565 1566/1566/1566 1563/1563/1563 
f 1566/1566/1566 1567/1567/1567 1563/1563/1563 
f 1563/1563/1563 1567/1567/1567 1555/1555/1555 
f 1568/1568/1568 1569/1569/1569 1565/1565/1565 
f 1564/1564/1564 1568/1568/1568 1565/1565/1565 
f 1569/1569/1569 1566/1566/1566 1565/1565/1565 
f 1569/1569/1569 1570/1570/1570 1566/1566/1566 
f 1570/1570/1570 1567/1567/1567 1566/1566/1566 
f 1570/1570/1570 1555/1555/1555 1567/1567/1567 
f 1571/1571/1571 1553/1553/1553 1570/1570/1570 
f 1571/1571/1571 1570/1570/1570 1569/1569/1569 
f 1553/1553/1553 1555/1555/1555 1570/1570/1570 
f 1568/1568/1568 1572/1572/1572 1569/1569/1569 
f 1572/1572/1572 1571/1571/1571 1569/1569/1569 
f 1573/1573/1573 1544/1544/1544 1571/1571/1571 
f 1572/1572/1572 1573/1573/1573 1571/1571/1571 
f 1544/1544/1544 1553/1553/1553 1571/1571/1571 
f 1573/1573/1573 1543/1543/1543 1544/1544/1544 
f 1574/1574/1574 1575/1575/1575 1576/1576/1576 
f 1574/1574/1574 1576/1576/1576 1577/1577/1577 
f 1578/1578/1578 1575/1575/1575 1574/1574/1574 
f 1578/1578/1578 1579/1579/1579 1575/1575/1575 
f 1576/1576/1576 1575/1575/1575 1580/1580/1580 
f 1579/1579/1579 1580/1580/1580 1575/1575/1575 
f 1576/1576/1576 1580/1580/1580 1581/1581/1581 
f 1576/1576/1576 1582/1582/1582 1583/1583/1583 
f 1576/1576/1576 1583/1583/1583 1577/1577/1577 
f 1584/1584/1584 1582/1582/1582 1576/1576/1576 
f 1584/1584/1584 1576/1576/1576 1581/1581/1581 
f 1585/1585/1585 1581/1581/1581 1580/1580/1580 
f 1585/1585/1585 1580/1580/1580 1586/1586/1586 
f 1587/1587/1587 1586/1586/1586 1580/1580/1580 
f 1579/1579/1579 1587/1587/1587 1580/1580/1580 
f 1585/1585/1585 1584/1584/1584 1581/1581/1581 
f 1585/1585/1585 1588/1588/1588 1584/1584/1584 
f 1589/1589/1589 1584/1584/1584 1588/1588/1588 
f 1584/1584/1584 1589/1589/1589 1590/1590/1590 
f 1584/1584/1584 1590/1590/1590 1582/1582/1582 
f 1582/1582/1582 1590/1590/1590 1591/1591/1591 
f 1582/1582/1582 1591/1591/1591 1583/1583/1583 
f 1589/1589/1589 1588/1588/1588 1592/1592/1592 
f 1593/1593/1593 1588/1588/1588 1585/1585/1585 
f 1588/1588/1588 1593/1593/1593 1594/1594/1594 
f 1588/1588/1588 1594/1594/1594 1592/1592/1592 
f 1585/1585/1585 1586/1586/1586 1595/1595/1595 
f 1585/1585/1585 1595/1595/1595 1596/1596/1596 
f 1593/1593/1593 1585/1585/1585 1596/1596/1596 
f 1597/1597/1597 1594/1594/1594 1593/1593/1593 
f 1597/1597/1597 1593/1593/1593 1598/1598/1598 
f 1598/1598/1598 1593/1593/1593 1596/1596/1596 
f 1596/1596/1596 1595/1595/1595 1599/1599/1599 
f 1596/1596/1596 1599/1599/1599 1600/1600/1600 
f 1598/1598/1598 1596/1596/1596 1600/1600/1600 
f 1586/1586/1586 1601/1601/1601 1602/1602/1602 
f 1587/1587/1587 1601/1601/1601 1586/1586/1586 
f 1603/1603/1603 1604/1604/1604 1605/1605/1605 
f 1586/1586/1586 1602/1602/1602 1595/1595/1595 
f 1602/1602/1602 1599/1599/1599 1595/1595/1595 
f 1602/1602/1602 1606/1606/1606 1599/1599/1599 
f 1606/1606/1606 1607/1607/1607 1599/1599/1599 
f 1599/1599/1599 1607/1607/1607 1608/1608/1608 
f 1599/1599/1599 1608/1608/1608 1600/1600/1600 
f 1609/1609/1609 1598/1598/1598 1600/1600/1600 
f 1609/1609/1609 1600/1600/1600 1608/1608/1608 
f 1609/1609/1609 1597/1597/1597 1598/1598/1598 
f 1610/1610/1610 1611/1611/1611 1597/1597/1597 
f 1604/1604/1604 1610/1610/1610 1597/1597/1597 
f 1609/1609/1609 1612/1612/1612 1597/1597/1597 
f 1613/1613/1613 1609/1609/1609 1608/1608/1608 
f 1614/1614/1614 1612/1612/1612 1609/1609/1609 
f 1614/1614/1614 1609/1609/1609 1613/1613/1613 
f 1615/1615/1615 1608/1608/1608 1607/1607/1607 
f 1613/1613/1613 1608/1608/1608 1615/1615/1615 
f 1616/1616/1616 1617/1617/1617 1607/1607/1607 
f 1606/1606/1606 1616/1616/1616 1607/1607/1607 
f 1615/1615/1615 1607/1607/1607 1617/1617/1617 
f 1616/1616/1616 1618/1618/1618 1617/1617/1617 
f 1619/1619/1619 1620/1620/1620 1610/1610/1610 
f 1610/1610/1610 1620/1620/1620 1611/1611/1611 
f 1621/1621/1621 1619/1619/1619 1610/1610/1610 
f 1604/1604/1604 1621/1621/1621 1610/1610/1610 
f 1620/1620/1620 1622/1622/1622 1611/1611/1611 
f 1620/1620/1620 1623/1623/1623 1622/1622/1622 
f 1623/1623/1623 1620/1620/1620 1624/1624/1624 
f 1619/1619/1619 1624/1624/1624 1620/1620/1620 
f 1625/1625/1625 1624/1624/1624 1619/1619/1619 
f 1626/1626/1626 1625/1625/1625 1619/1619/1619 
f 1621/1621/1621 1626/1626/1626 1619/1619/1619 
f 1603/1603/1603 1621/1621/1621 1604/1604/1604 
f 1627/1627/1627 1626/1626/1626 1621/1621/1621 
f 1627/1627/1627 1621/1621/1621 1603/1603/1603 
f 1626/1626/1626 1627/1627/1627 1628/1628/1628 
f 1626/1626/1626 1628/1628/1628 1629/1629/1629 
f 1626/1626/1626 1629/1629/1629 1625/1625/1625 
f 1630/1630/1630 1631/1631/1631 1625/1625/1625 
f 1625/1625/1625 1631/1631/1631 1624/1624/1624 
f 1632/1632/1632 1630/1630/1630 1625/1625/1625 
f 1632/1632/1632 1625/1625/1625 1629/1629/1629 
f 1623/1623/1623 1624/1624/1624 1633/1633/1633 
f 1633/1633/1633 1624/1624/1624 1631/1631/1631 
f 1634/1634/1634 1635/1635/1635 1631/1631/1631 
f 1633/1633/1633 1631/1631/1631 1635/1635/1635 
f 1630/1630/1630 1634/1634/1634 1631/1631/1631 
f 1636/1636/1636 1634/1634/1634 1630/1630/1630 
f 1636/1636/1636 1630/1630/1630 1637/1637/1637 
f 1630/1630/1630 1632/1632/1632 1638/1638/1638 
f 1630/1630/1630 1638/1638/1638 1637/1637/1637 
f 1639/1639/1639 1638/1638/1638 1632/1632/1632 
f 1639/1639/1639 1632/1632/1632 1640/1640/1640 
f 1640/1640/1640 1632/1632/1632 1629/1629/1629 
f 1640/1640/1640 1629/1629/1629 1628/1628/1628 
f 1641/1641/1641 1638/1638/1638 1639/1639/1639 
f 1642/1642/1642 1637/1637/1637 1638/1638/1638 
f 1641/1641/1641 1642/1642/1642 1638/1638/1638 
f 1643/1643/1643 1636/1636/1636 1637/1637/1637 
f 1642/1642/1642 1643/1643/1643 1637/1637/1637 
f 1644/1644/1644 1645/1645/1645 1636/1636/1636 
f 1645/1645/1645 1634/1634/1634 1636/1636/1636 
f 1643/1643/1643 1644/1644/1644 1636/1636/1636 
f 1645/1645/1645 1646/1646/1646 1634/1634/1634 
f 1634/1634/1634 1646/1646/1646 1635/1635/1635 
f 1646/1646/1646 1647/1647/1647 1635/1635/1635 
f 1645/1645/1645 1648/1648/1648 1646/1646/1646 
f 1646/1646/1646 1648/1648/1648 1647/1647/1647 
f 1645/1645/1645 1649/1649/1649 1650/1650/1650 
f 1645/1645/1645 1650/1650/1650 1651/1651/1651 
f 1644/1644/1644 1649/1649/1649 1645/1645/1645 
f 1645/1645/1645 1651/1651/1651 1648/1648/1648 
f 1644/1644/1644 1652/1652/1652 1653/1653/1653 
f 1644/1644/1644 1653/1653/1653 1649/1649/1649 
f 1652/1652/1652 1644/1644/1644 1643/1643/1643 
f 1649/1649/1649 1653/1653/1653 1654/1654/1654 
f 1649/1649/1649 1654/1654/1654 1650/1650/1650 
f 1655/1655/1655 1651/1651/1651 1650/1650/1650 
f 1656/1656/1656 1655/1655/1655 1650/1650/1650 
f 1656/1656/1656 1650/1650/1650 1654/1654/1654 
f 1655/1655/1655 1657/1657/1657 1651/1651/1651 
f 1651/1651/1651 1657/1657/1657 1658/1658/1658 
f 1651/1651/1651 1658/1658/1658 1648/1648/1648 
f 1648/1648/1648 1658/1658/1658 1659/1659/1659 
f 1648/1648/1648 1659/1659/1659 1647/1647/1647 
f 1658/1658/1658 1660/1660/1660 1661/1661/1661 
f 1658/1658/1658 1661/1661/1661 1659/1659/1659 
f 1657/1657/1657 1660/1660/1660 1658/1658/1658 
f 1657/1657/1657 1655/1655/1655 1662/1662/1662 
f 1657/1657/1657 1662/1662/1662 1663/1663/1663 
f 1657/1657/1657 1663/1663/1663 1660/1660/1660 
f 1655/1655/1655 1656/1656/1656 1664/1664/1664 
f 1655/1655/1655 1664/1664/1664 1662/1662/1662 
f 1652/1652/1652 1643/1643/1643 1665/1665/1665 
f 1643/1643/1643 1642/1642/1642 1666/1666/1666 
f 1643/1643/1643 1666/1666/1666 1665/1665/1665 
f 1667/1667/1667 1665/1665/1665 1668/1668/1668 
f 1665/1665/1665 1669/1669/1669 1670/1670/1670 
f 1665/1665/1665 1670/1670/1670 1668/1668/1668 
f 1671/1671/1671 1672/1672/1672 1667/1667/1667 
f 1671/1671/1671 1667/1667/1667 1673/1673/1673 
f 1667/1667/1667 1668/1668/1668 1673/1673/1673 
f 1673/1673/1673 1668/1668/1668 1674/1674/1674 
f 1668/1668/1668 1670/1670/1670 1675/1675/1675 
f 1668/1668/1668 1675/1675/1675 1674/1674/1674 
f 1670/1670/1670 1676/1676/1676 1677/1677/1677 
f 1670/1670/1670 1677/1677/1677 1675/1675/1675 
f 1670/1670/1670 1669/1669/1669 1678/1678/1678 
f 1670/1670/1670 1678/1678/1678 1676/1676/1676 
f 1679/1679/1679 1674/1674/1674 1675/1675/1675 
f 1680/1680/1680 1679/1679/1679 1675/1675/1675 
f 1680/1680/1680 1675/1675/1675 1677/1677/1677 
f 1673/1673/1673 1674/1674/1674 1681/1681/1681 
f 1682/1682/1682 1681/1681/1681 1674/1674/1674 
f 1679/1679/1679 1682/1682/1682 1674/1674/1674 
f 1683/1683/1683 1671/1671/1671 1673/1673/1673 
f 1683/1683/1683 1673/1673/1673 1681/1681/1681 
f 1684/1684/1684 1683/1683/1683 1681/1681/1681 
f 1684/1684/1684 1681/1681/1681 1685/1685/1685 
f 1682/1682/1682 1685/1685/1685 1681/1681/1681 
f 1678/1678/1678 1666/1666/1666 1642/1642/1642 
f 1678/1678/1678 1642/1642/1642 1641/1641/1641 

g Dummy15

v -13.6046 3.89564 -38.765 
v -13.686 3.87276 -38.8464 
v -13.6523 3.87276 -38.8865 
v -13.558 3.89564 -38.8205 
v -13.5357 3.9608 -38.6961 
v -13.4782 3.9608 -38.7646 
v -13.4896 4.05833 -38.65 
v -13.4248 4.05833 -38.7272 
v -13.4734 4.17337 -38.6338 
v -13.406 4.17337 -38.7141 
v -13.4734 4.77458 -38.6338 
v -13.406 4.77458 -38.7141 
v -13.4896 4.88962 -38.65 
v -13.4248 4.88962 -38.7272 
v -13.5357 4.98714 -38.6961 
v -13.4782 4.98714 -38.7646 
v -13.6046 5.0523 -38.765 
v -13.558 5.0523 -38.8205 
v -13.686 5.07518 -38.8464 
v -13.6523 5.07518 -38.8865 
v -13.6261 3.87276 -38.9319 
v -13.5218 3.89564 -38.8833 
v -13.4334 3.9608 -38.8421 
v -13.3744 4.05833 -38.8145 
v -13.3536 4.17337 -38.8049 
v -13.3536 4.77458 -38.8049 
v -13.3744 4.88962 -38.8145 
v -13.4334 4.98714 -38.8421 
v -13.5218 5.0523 -38.8833 
v -13.6261 5.07518 -38.9319 
v -13.6082 3.87276 -38.9811 
v -13.497 3.89564 -38.9514 
v -13.4028 3.9608 -38.9261 
v -13.3399 4.05833 -38.9093 
v -13.3178 4.17337 -38.9033 
v -13.3178 4.77458 -38.9033 
v -13.3399 4.88962 -38.9093 
v -13.4028 4.98714 -38.9261 
v -13.497 5.0523 -38.9514 
v -13.6082 5.07518 -38.9811 
v -13.5991 3.87276 -39.0327 
v -13.4845 3.89564 -39.0227 
v -13.3873 3.9608 -39.0142 
v -13.3224 4.05833 -39.0085 
v -13.2996 4.17337 -39.0065 
v -13.2996 4.77458 -39.0065 
v -13.3224 4.88962 -39.0085 
v -13.3873 4.98714 -39.0142 
v -13.4845 5.0523 -39.0227 
v -13.5991 5.07518 -39.0327 
v -13.5991 3.87276 -39.0851 
v -13.4845 3.89564 -39.0952 
v -13.3873 3.9608 -39.1037 
v -13.3224 4.05833 -39.1093 
v -13.2996 4.17337 -39.1113 
v -13.2996 4.77458 -39.1113 
v -13.3224 4.88962 -39.1093 
v -13.3873 4.98714 -39.1037 
v -13.4845 5.0523 -39.0952 
v -13.5991 5.07518 -39.0851 
v -13.6082 3.87276 -39.1367 
v -13.497 3.89564 -39.1665 
v -13.4028 3.9608 -39.1918 
v -13.3399 4.05833 -39.2086 
v -13.3178 4.17337 -39.2145 
v -13.3178 4.77458 -39.2145 
v -13.3399 4.88962 -39.2086 
v -13.4028 4.98714 -39.1918 
v -13.497 5.0523 -39.1665 
v -13.6082 5.07518 -39.1367 
v -13.6261 3.87276 -39.186 
v -13.5218 3.89564 -39.2346 
v -13.4334 3.9608 -39.2758 
v -13.3744 4.05833 -39.3033 
v -13.3536 4.17337 -39.313 
v -13.3536 4.77458 -39.313 
v -13.3744 4.88962 -39.3033 
v -13.4334 4.98714 -39.2758 
v -13.5218 5.0523 -39.2346 
v -13.6261 5.07518 -39.186 
v -13.6523 3.87276 -39.2314 
v -13.558 3.89564 -39.2973 
v -13.4782 3.9608 -39.3533 
v -13.4248 4.05833 -39.3907 
v -13.406 4.17337 -39.4038 
v -13.406 4.77458 -39.4038 
v -13.4248 4.88962 -39.3907 
v -13.4782 4.98714 -39.3533 
v -13.558 5.0523 -39.2973 
v -13.6523 5.07518 -39.2314 
v -13.686 3.87276 -39.2715 
v -13.6046 3.89564 -39.3528 
v -13.5357 3.9608 -39.4218 
v -13.4896 4.05833 -39.4679 
v -13.4734 4.17337 -39.4841 
v -13.4734 4.77458 -39.4841 
v -13.4896 4.88962 -39.4679 
v -13.5357 4.98714 -39.4218 
v -13.6046 5.0523 -39.3528 
v -13.686 5.07518 -39.2715 
v -13.8985 5.07518 -39.0589 
v -13.686 5.07518 -39.2715 
v -13.714 5.07518 -39.2962 
v -13.7525 5.07518 -39.3217 
v -13.8035 5.07518 -39.3441 
v -13.8653 5.07518 -39.3577 
v -13.9317 5.07518 -39.3577 
v -13.9936 5.07518 -39.3441 
v -14.0445 5.07518 -39.3217 
v -14.0831 5.07518 -39.2962 
v -14.1111 5.07518 -39.2715 
v -14.1358 5.07518 -39.2435 
v -14.1613 5.07518 -39.2049 
v -14.1837 5.07518 -39.154 
v -14.1973 5.07518 -39.0921 
v -14.1973 5.07518 -39.0257 
v -14.1837 5.07518 -38.9639 
v -14.1613 5.07518 -38.9129 
v -14.1358 5.07518 -38.8744 
v -14.1111 5.07518 -38.8464 
v -14.0831 5.07518 -38.8217 
v -14.0445 5.07518 -38.7962 
v -13.9936 5.07518 -38.7738 
v -13.9317 5.07518 -38.7602 
v -13.8653 5.07518 -38.7602 
v -13.8035 5.07518 -38.7738 
v -13.7525 5.07518 -38.7962 
v -13.714 5.07518 -38.8217 
v -13.686 5.07518 -38.8464 
v -13.6523 5.07518 -38.8865 
v -13.6261 5.07518 -38.9319 
v -13.6082 5.07518 -38.9811 
v -13.5991 5.07518 -39.0327 
v -13.5991 5.07518 -39.0851 
v -13.6082 5.07518 -39.1367 
v -13.6261 5.07518 -39.186 
v -13.6523 5.07518 -39.2314 
v -14.1924 3.89564 -38.765 
v -14.1111 3.87276 -38.8464 
v -14.0709 3.87276 -38.8127 
v -14.1369 3.89564 -38.7185 
v -14.2614 3.9608 -38.6961 
v -14.1929 3.9608 -38.6386 
v -14.3075 4.05833 -38.65 
v -14.2302 4.05833 -38.5852 
v -14.3236 4.17337 -38.6338 
v -14.2434 4.17337 -38.5665 
v -14.3236 4.77458 -38.6338 
v -14.2434 4.77458 -38.5665 
v -14.3075 4.88962 -38.65 
v -14.2302 4.88962 -38.5852 
v -14.2614 4.98714 -38.6961 
v -14.1929 4.98714 -38.6386 
v -14.1924 5.0523 -38.765 
v -14.1369 5.0523 -38.7185 
v -14.1111 5.07518 -38.8464 
v -14.0831 5.07518 -38.8217 
v -14.0256 3.87276 -38.7865 
v -14.0742 3.89564 -38.6822 
v -14.1154 3.9608 -38.5938 
v -14.1429 4.05833 -38.5348 
v -14.1526 4.17337 -38.5141 
v -14.1526 4.77458 -38.5141 
v -14.1429 4.88962 -38.5348 
v -14.1154 4.98714 -38.5938 
v -14.0742 5.0523 -38.6822 
v -14.0445 5.07518 -38.7962 
v -13.9763 3.87276 -38.7686 
v -14.0061 3.89564 -38.6575 
v -14.0313 3.9608 -38.5633 
v -14.0482 4.05833 -38.5003 
v -14.0541 4.17337 -38.4782 
v -14.0541 4.77458 -38.4782 
v -14.0482 4.88962 -38.5003 
v -14.0313 4.98714 -38.5633 
v -14.0061 5.0523 -38.6575 
v -13.9936 5.07518 -38.7738 
v -13.9247 3.87276 -38.7595 
v -13.9347 3.89564 -38.6449 
v -13.9432 3.9608 -38.5477 
v -13.9489 4.05833 -38.4828 
v -13.9509 4.17337 -38.46 
v -13.9509 4.77458 -38.46 
v -13.9489 4.88962 -38.4828 
v -13.9432 4.98714 -38.5477 
v -13.9347 5.0523 -38.6449 
v -13.9317 5.07518 -38.7602 
v -13.8723 3.87276 -38.7595 
v -13.8623 3.89564 -38.6449 
v -13.8538 3.9608 -38.5477 
v -13.8481 4.05833 -38.4828 
v -13.8461 4.17337 -38.46 
v -13.8461 4.77458 -38.46 
v -13.8481 4.88962 -38.4828 
v -13.8538 4.98714 -38.5477 
v -13.8623 5.0523 -38.6449 
v -13.8653 5.07518 -38.7602 
v -13.8207 3.87276 -38.7686 
v -13.7909 3.89564 -38.6575 
v -13.7657 3.9608 -38.5633 
v -13.7488 4.05833 -38.5003 
v -13.7429 4.17337 -38.4782 
v -13.7429 4.77458 -38.4782 
v -13.7488 4.88962 -38.5003 
v -13.7657 4.98714 -38.5633 
v -13.7909 5.0523 -38.6575 
v -13.8035 5.07518 -38.7738 
v -13.7715 3.87276 -38.7865 
v -13.7229 3.89564 -38.6822 
v -13.6816 3.9608 -38.5938 
v -13.6541 4.05833 -38.5348 
v -13.6444 4.17337 -38.5141 
v -13.6444 4.77458 -38.5141 
v -13.6541 4.88962 -38.5348 
v -13.6816 4.98714 -38.5938 
v -13.7229 5.0523 -38.6822 
v -13.7525 5.07518 -38.7962 
v -13.7261 3.87276 -38.8127 
v -13.6601 3.89564 -38.7185 
v -13.6042 3.9608 -38.6386 
v -13.5668 4.05833 -38.5852 
v -13.5537 4.17337 -38.5665 
v -13.5537 4.77458 -38.5665 
v -13.5668 4.88962 -38.5852 
v -13.6042 4.98714 -38.6386 
v -13.6601 5.0523 -38.7185 
v -13.714 5.07518 -38.8217 
v -14.1924 3.89564 -39.3528 
v -14.1111 3.87276 -39.2715 
v -14.1448 3.87276 -39.2314 
v -14.239 3.89564 -39.2973 
v -14.2614 3.9608 -39.4218 
v -14.3189 3.9608 -39.3533 
v -14.3075 4.05833 -39.4679 
v -14.3723 4.05833 -39.3907 
v -14.3236 4.17337 -39.4841 
v -14.391 4.17337 -39.4038 
v -14.3236 4.77458 -39.4841 
v -14.391 4.77458 -39.4038 
v -14.3075 4.88962 -39.4679 
v -14.3723 4.88962 -39.3907 
v -14.2614 4.98714 -39.4218 
v -14.3189 4.98714 -39.3533 
v -14.1924 5.0523 -39.3528 
v -14.239 5.0523 -39.2973 
v -14.1111 5.07518 -39.2715 
v -14.1358 5.07518 -39.2435 
v -14.171 3.87276 -39.186 
v -14.2752 3.89564 -39.2346 
v -14.3636 3.9608 -39.2758 
v -14.4227 4.05833 -39.3033 
v -14.4434 4.17337 -39.313 
v -14.4434 4.77458 -39.313 
v -14.4227 4.88962 -39.3033 
v -14.3636 4.98714 -39.2758 
v -14.2752 5.0523 -39.2346 
v -14.1613 5.07518 -39.2049 
v -14.1889 3.87276 -39.1367 
v -14.3 3.89564 -39.1665 
v -14.3942 3.9608 -39.1918 
v -14.4571 4.05833 -39.2086 
v -14.4792 4.17337 -39.2145 
v -14.4792 4.77458 -39.2145 
v -14.4571 4.88962 -39.2086 
v -14.3942 4.98714 -39.1918 
v -14.3 5.0523 -39.1665 
v -14.1837 5.07518 -39.154 
v -14.198 3.87276 -39.0851 
v -14.3126 3.89564 -39.0952 
v -14.4097 3.9608 -39.1037 
v -14.4746 4.05833 -39.1093 
v -14.4974 4.17337 -39.1113 
v -14.4974 4.77458 -39.1113 
v -14.4746 4.88962 -39.1093 
v -14.4097 4.98714 -39.1037 
v -14.3126 5.0523 -39.0952 
v -14.1973 5.07518 -39.0921 
v -14.198 3.87276 -39.0327 
v -14.3126 3.89564 -39.0227 
v -14.4097 3.9608 -39.0142 
v -14.4746 4.05833 -39.0085 
v -14.4974 4.17337 -39.0065 
v -14.4974 4.77458 -39.0065 
v -14.4746 4.88962 -39.0085 
v -14.4097 4.98714 -39.0142 
v -14.3126 5.0523 -39.0227 
v -14.1973 5.07518 -39.0257 
v -14.1889 3.87276 -38.9811 
v -14.3 3.89564 -38.9514 
v -14.3942 3.9608 -38.9261 
v -14.4571 4.05833 -38.9093 
v -14.4792 4.17337 -38.9033 
v -14.4792 4.77458 -38.9033 
v -14.4571 4.88962 -38.9093 
v -14.3942 4.98714 -38.9261 
v -14.3 5.0523 -38.9514 
v -14.1837 5.07518 -38.9639 
v -14.171 3.87276 -38.9319 
v -14.2752 3.89564 -38.8833 
v -14.3636 3.9608 -38.8421 
v -14.4227 4.05833 -38.8145 
v -14.4434 4.17337 -38.8049 
v -14.4434 4.77458 -38.8049 
v -14.4227 4.88962 -38.8145 
v -14.3636 4.98714 -38.8421 
v -14.2752 5.0523 -38.8833 
v -14.1613 5.07518 -38.9129 
v -14.1448 3.87276 -38.8865 
v -14.239 3.89564 -38.8205 
v -14.3189 3.9608 -38.7646 
v -14.3723 4.05833 -38.7272 
v -14.391 4.17337 -38.7141 
v -14.391 4.77458 -38.7141 
v -14.3723 4.88962 -38.7272 
v -14.3189 4.98714 -38.7646 
v -14.239 5.0523 -38.8205 
v -14.1358 5.07518 -38.8744 
v -14.1448 3.87276 -39.2314 
v -14.1111 3.87276 -39.2715 
v -14.0831 3.87276 -39.2962 
v -14.0638 3.87276 -39.2243 
v -14.171 3.87276 -39.186 
v -14.0888 3.87276 -39.1948 
v -14.1889 3.87276 -39.1367 
v -14.1134 3.87276 -39.151 
v -14.198 3.87276 -39.0851 
v -14.13 3.87276 -39.092 
v -14.198 3.87276 -39.0327 
v -14.13 3.87276 -39.0259 
v -14.1889 3.87276 -38.9811 
v -14.1134 3.87276 -38.9668 
v -14.171 3.87276 -38.9319 
v -14.0888 3.87276 -38.923 
v -14.1448 3.87276 -38.8865 
v -14.0638 3.87276 -38.8936 
v -14.1111 3.87276 -38.8464 
v -14.0709 3.87276 -38.8127 
v -14.0445 3.87276 -39.3217 
v -14.0344 3.87276 -39.2492 
v -14.0166 3.87276 -39.177 
v -14.0417 3.87276 -39.1449 
v -14.0623 3.87276 -39.0917 
v -14.0623 3.87276 -39.0262 
v -14.0417 3.87276 -38.973 
v -14.0166 3.87276 -38.9408 
v -14.0344 3.87276 -38.8687 
v -14.0256 3.87276 -38.7865 
v -13.9936 3.87276 -39.3441 
v -13.9906 3.87276 -39.2738 
v -13.9844 3.87276 -39.2021 
v -13.9694 3.87276 -39.1298 
v -13.9936 3.87276 -39.0906 
v -13.9936 3.87276 -39.0273 
v -13.9694 3.87276 -38.9881 
v -13.9844 3.87276 -38.9157 
v -13.9906 3.87276 -38.844 
v -13.9763 3.87276 -38.7686 
v -13.9317 3.87276 -39.3577 
v -13.9316 3.87276 -39.2904 
v -13.9313 3.87276 -39.2227 
v -13.9302 3.87276 -39.154 
v -13.9221 3.87276 -39.0826 
v -13.9221 3.87276 -39.0353 
v -13.9302 3.87276 -38.9639 
v -13.9313 3.87276 -38.8952 
v -13.9316 3.87276 -38.8275 
v -13.9247 3.87276 -38.7595 
v -13.8653 3.87276 -39.3577 
v -13.8655 3.87276 -39.2904 
v -13.8658 3.87276 -39.2227 
v -13.8668 3.87276 -39.154 
v -13.8749 3.87276 -39.0826 
v -13.8749 3.87276 -39.0353 
v -13.8668 3.87276 -38.9639 
v -13.8658 3.87276 -38.8952 
v -13.8655 3.87276 -38.8275 
v -13.8723 3.87276 -38.7595 
v -13.8035 3.87276 -39.3441 
v -13.8064 3.87276 -39.2738 
v -13.8126 3.87276 -39.2021 
v -13.8277 3.87276 -39.1298 
v -13.8035 3.87276 -39.0906 
v -13.8035 3.87276 -39.0273 
v -13.8277 3.87276 -38.9881 
v -13.8126 3.87276 -38.9157 
v -13.8064 3.87276 -38.844 
v -13.8207 3.87276 -38.7686 
v -13.7525 3.87276 -39.3217 
v -13.7626 3.87276 -39.2492 
v -13.7804 3.87276 -39.177 
v -13.7553 3.87276 -39.1449 
v -13.7348 3.87276 -39.0917 
v -13.7348 3.87276 -39.0262 
v -13.7553 3.87276 -38.973 
v -13.7804 3.87276 -38.9408 
v -13.7626 3.87276 -38.8687 
v -13.7715 3.87276 -38.7865 
v -13.714 3.87276 -39.2962 
v -13.7332 3.87276 -39.2243 
v -13.7083 3.87276 -39.1948 
v -13.6836 3.87276 -39.151 
v -13.6671 3.87276 -39.092 
v -13.6671 3.87276 -39.0259 
v -13.6836 3.87276 -38.9668 
v -13.7083 3.87276 -38.923 
v -13.7332 3.87276 -38.8936 
v -13.7261 3.87276 -38.8127 
v -13.686 3.87276 -39.2715 
v -13.6523 3.87276 -39.2314 
v -13.6261 3.87276 -39.186 
v -13.6082 3.87276 -39.1367 
v -13.5991 3.87276 -39.0851 
v -13.5991 3.87276 -39.0327 
v -13.6082 3.87276 -38.9811 
v -13.6261 3.87276 -38.9319 
v -13.6523 3.87276 -38.8865 
v -13.686 3.87276 -38.8464 
v -13.6046 3.89564 -39.3528 
v -13.686 3.87276 -39.2715 
v -13.714 3.87276 -39.2962 
v -13.6601 3.89564 -39.3994 
v -13.5357 3.9608 -39.4218 
v -13.6042 3.9608 -39.4793 
v -13.4896 4.05833 -39.4679 
v -13.5668 4.05833 -39.5327 
v -13.4734 4.17337 -39.4841 
v -13.5537 4.17337 -39.5514 
v -13.4734 4.77458 -39.4841 
v -13.5537 4.77458 -39.5514 
v -13.4896 4.88962 -39.4679 
v -13.5668 4.88962 -39.5327 
v -13.5357 4.98714 -39.4218 
v -13.6042 4.98714 -39.4793 
v -13.6046 5.0523 -39.3528 
v -13.6601 5.0523 -39.3994 
v -13.686 5.07518 -39.2715 
v -13.714 5.07518 -39.2962 
v -13.7525 3.87276 -39.3217 
v -13.7229 3.89564 -39.4356 
v -13.6816 3.9608 -39.524 
v -13.6541 4.05833 -39.5831 
v -13.6444 4.17337 -39.6038 
v -13.6444 4.77458 -39.6038 
v -13.6541 4.88962 -39.5831 
v -13.6816 4.98714 -39.524 
v -13.7229 5.0523 -39.4356 
v -13.7525 5.07518 -39.3217 
v -13.8035 3.87276 -39.3441 
v -13.7909 3.89564 -39.4604 
v -13.7657 3.9608 -39.5546 
v -13.7488 4.05833 -39.6176 
v -13.7429 4.17337 -39.6397 
v -13.7429 4.77458 -39.6397 
v -13.7488 4.88962 -39.6176 
v -13.7657 4.98714 -39.5546 
v -13.7909 5.0523 -39.4604 
v -13.8035 5.07518 -39.3441 
v -13.8653 3.87276 -39.3577 
v -13.8623 3.89564 -39.473 
v -13.8538 3.9608 -39.5702 
v -13.8481 4.05833 -39.6351 
v -13.8461 4.17337 -39.6579 
v -13.8461 4.77458 -39.6579 
v -13.8481 4.88962 -39.6351 
v -13.8538 4.98714 -39.5702 
v -13.8623 5.0523 -39.473 
v -13.8653 5.07518 -39.3577 
v -13.9317 3.87276 -39.3577 
v -13.9347 3.89564 -39.473 
v -13.9432 3.9608 -39.5702 
v -13.9489 4.05833 -39.6351 
v -13.9509 4.17337 -39.6579 
v -13.9509 4.77458 -39.6579 
v -13.9489 4.88962 -39.6351 
v -13.9432 4.98714 -39.5702 
v -13.9347 5.0523 -39.473 
v -13.9317 5.07518 -39.3577 
v -13.9936 3.87276 -39.3441 
v -14.0061 3.89564 -39.4604 
v -14.0313 3.9608 -39.5546 
v -14.0482 4.05833 -39.6176 
v -14.0541 4.17337 -39.6397 
v -14.0541 4.77458 -39.6397 
v -14.0482 4.88962 -39.6176 
v -14.0313 4.98714 -39.5546 
v -14.0061 5.0523 -39.4604 
v -13.9936 5.07518 -39.3441 
v -14.0445 3.87276 -39.3217 
v -14.0742 3.89564 -39.4356 
v -14.1154 3.9608 -39.524 
v -14.1429 4.05833 -39.5831 
v -14.1526 4.17337 -39.6038 
v -14.1526 4.77458 -39.6038 
v -14.1429 4.88962 -39.5831 
v -14.1154 4.98714 -39.524 
v -14.0742 5.0523 -39.4356 
v -14.0445 5.07518 -39.3217 
v -14.0831 3.87276 -39.2962 
v -14.1369 3.89564 -39.3994 
v -14.1929 3.9608 -39.4793 
v -14.2302 4.05833 -39.5327 
v -14.2434 4.17337 -39.5514 
v -14.2434 4.77458 -39.5514 
v -14.2302 4.88962 -39.5327 
v -14.1929 4.98714 -39.4793 
v -14.1369 5.0523 -39.3994 
v -14.0831 5.07518 -39.2962 
v -14.1111 3.87276 -39.2715 
v -14.1924 3.89564 -39.3528 
v -14.2614 3.9608 -39.4218 
v -14.3075 4.05833 -39.4679 
v -14.3236 4.17337 -39.4841 
v -14.3236 4.77458 -39.4841 
v -14.3075 4.88962 -39.4679 
v -14.2614 4.98714 -39.4218 
v -14.1924 5.0523 -39.3528 
v -14.1111 5.07518 -39.2715 

vn 0.267717 -0.92126 0.267717 
vn 0 -1 0 
vn 0 -1 0 
vn 0.314961 -0.92126 0.220472 
vn 0.503937 -0.708661 0.503937 
vn 0.582677 -0.708661 0.409449 
vn 0.653543 -0.385827 0.653543 
vn 0.755906 -0.385827 0.527559 
vn 0.708661 0 0.708661 
vn 0.818898 0 0.574803 
vn 0.708661 0 0.708661 
vn 0.818898 0 0.574803 
vn 0.653543 0.385827 0.653543 
vn 0.755906 0.385827 0.527559 
vn 0.503937 0.708661 0.503937 
vn 0.582677 0.708661 0.409449 
vn 0.267717 0.92126 0.267717 
vn 0.314961 0.92126 0.220472 
vn 0 1 0 
vn 0 1 0 
vn 0 -1 0 
vn 0.346457 -0.92126 0.165354 
vn 0.637795 -0.708661 0.299213 
vn 0.834646 -0.385827 0.393701 
vn 0.905512 0 0.425197 
vn 0.905512 0 0.425197 
vn 0.834646 0.385827 0.393701 
vn 0.637795 0.708661 0.299213 
vn 0.346457 0.92126 0.165354 
vn 0 1 0 
vn 0 -1 0 
vn 0.370079 -0.92126 0.102362 
vn 0.685039 -0.708661 0.181102 
vn 0.889764 -0.385827 0.23622 
vn 0.968504 0 0.259843 
vn 0.968504 0 0.259843 
vn 0.889764 0.385827 0.23622 
vn 0.685039 0.708661 0.181102 
vn 0.370079 0.92126 0.102362 
vn 0 1 0 
vn 0 -1 0 
vn 0.377953 -0.92126 0.0314961 
vn 0.700787 -0.708661 0.0629921 
vn 0.92126 -0.385827 0.0787402 
vn 1 0 0.0866142 
vn 1 0 0.0866142 
vn 0.92126 0.385827 0.0787402 
vn 0.700787 0.708661 0.0629921 
vn 0.377953 0.92126 0.0314961 
vn 0 1 0 
vn 0 -1 0 
vn 0.377953 -0.92126 -0.0314961 
vn 0.700787 -0.708661 -0.0629921 
vn 0.92126 -0.385827 -0.0787402 
vn 1 0 -0.0866142 
vn 1 0 -0.0866142 
vn 0.92126 0.385827 -0.0787402 
vn 0.700787 0.708661 -0.0629921 
vn 0.377953 0.92126 -0.0314961 
vn 0 1 0 
vn 0 -1 0 
vn 0.370079 -0.92126 -0.102362 
vn 0.685039 -0.708661 -0.181102 
vn 0.889764 -0.385827 -0.23622 
vn 0.968504 0 -0.259843 
vn 0.968504 0 -0.259843 
vn 0.889764 0.385827 -0.23622 
vn 0.685039 0.708661 -0.181102 
vn 0.370079 0.92126 -0.102362 
vn 0 1 0 
vn 0 -1 0 
vn 0.346457 -0.92126 -0.165354 
vn 0.637795 -0.708661 -0.299213 
vn 0.834646 -0.385827 -0.393701 
vn 0.905512 0 -0.425197 
vn 0.905512 0 -0.425197 
vn 0.834646 0.385827 -0.393701 
vn 0.637795 0.708661 -0.299213 
vn 0.346457 0.92126 -0.165354 
vn 0 1 0 
vn 0 -1 0 
vn 0.314961 -0.92126 -0.220472 
vn 0.582677 -0.708661 -0.409449 
vn 0.755906 -0.385827 -0.527559 
vn 0.818898 0 -0.574803 
vn 0.818898 0 -0.574803 
vn 0.755906 0.385827 -0.527559 
vn 0.582677 0.708661 -0.409449 
vn 0.314961 0.92126 -0.220472 
vn 0 1 0 
vn 0 -1 0 
vn 0.267717 -0.92126 -0.267717 
vn 0.503937 -0.708661 -0.496063 
vn 0.653543 -0.385827 -0.653543 
vn 0.708661 0 -0.708661 
vn 0.708661 0 -0.708661 
vn 0.653543 0.385827 -0.653543 
vn 0.503937 0.708661 -0.496063 
vn 0.267717 0.92126 -0.267717 
vn 0 1 0 
vn 0 1 0 
vn 0 1 0 
vn 0 1 0 
vn 0 1 0 
vn 0 1 0 
vn 0 1 0 
vn 0 1 0 
vn 0 1 0 
vn 0 1 0 
vn 0 1 0 
vn 0 1 0 
vn 0 1 0 
vn 0 1 0 
vn 0 1 0 
vn 0 1 0 
vn 0 1 0 
vn 0 1 0 
vn 0 1 0 
vn 0 1 0 
vn 0 1 0 
vn 0 1 0 
vn 0 1 0 
vn 0 1 0 
vn 0 1 0 
vn 0 1 0 
vn 0 1 0 
vn 0 1 0 
vn 0 1 0 
vn 0 1 0 
vn 0 1 0 
vn 0 1 0 
vn 0 1 0 
vn 0 1 0 
vn 0 1 0 
vn 0 1 0 
vn 0 1 0 
vn 0 1 0 
vn -0.267717 -0.92126 0.267717 
vn 0 -1 0 
vn 0 -1 0 
vn -0.220472 -0.92126 0.314961 
vn -0.496063 -0.708661 0.503937 
vn -0.409449 -0.708661 0.582677 
vn -0.653543 -0.385827 0.653543 
vn -0.527559 -0.385827 0.755906 
vn -0.708661 0 0.708661 
vn -0.574803 0 0.818898 
vn -0.708661 0 0.708661 
vn -0.574803 0 0.818898 
vn -0.653543 0.385827 0.653543 
vn -0.527559 0.385827 0.755906 
vn -0.496063 0.708661 0.503937 
vn -0.409449 0.708661 0.582677 
vn -0.267717 0.92126 0.267717 
vn -0.220472 0.92126 0.314961 
vn 0 1 0 
vn 0 1 0 
vn 0 -1 0 
vn -0.165354 -0.92126 0.346457 
vn -0.299213 -0.708661 0.637795 
vn -0.393701 -0.385827 0.834646 
vn -0.425197 0 0.905512 
vn -0.425197 0 0.905512 
vn -0.393701 0.385827 0.834646 
vn -0.299213 0.708661 0.637795 
vn -0.165354 0.92126 0.346457 
vn 0 1 0 
vn 0 -1 0 
vn -0.102362 -0.92126 0.370079 
vn -0.181102 -0.708661 0.685039 
vn -0.23622 -0.385827 0.889764 
vn -0.259843 0 0.968504 
vn -0.259843 0 0.968504 
vn -0.23622 0.385827 0.889764 
vn -0.181102 0.708661 0.685039 
vn -0.102362 0.92126 0.370079 
vn 0 1 0 
vn 0 -1 0 
vn -0.0314961 -0.92126 0.377953 
vn -0.0629921 -0.708661 0.700787 
vn -0.0787402 -0.385827 0.92126 
vn -0.0866142 0 1 
vn -0.0866142 0 1 
vn -0.0787402 0.385827 0.92126 
vn -0.0629921 0.708661 0.700787 
vn -0.0314961 0.92126 0.377953 
vn 0 1 0 
vn 0 -1 0 
vn 0.0314961 -0.92126 0.377953 
vn 0.0629921 -0.708661 0.700787 
vn 0.0787402 -0.385827 0.92126 
vn 0.0866142 0 1 
vn 0.0866142 0 1 
vn 0.0787402 0.385827 0.92126 
vn 0.0629921 0.708661 0.700787 
vn 0.0314961 0.92126 0.377953 
vn 0 1 0 
vn 0 -1 0 
vn 0.102362 -0.92126 0.370079 
vn 0.181102 -0.708661 0.685039 
vn 0.23622 -0.385827 0.889764 
vn 0.259843 0 0.968504 
vn 0.259843 0 0.968504 
vn 0.23622 0.385827 0.889764 
vn 0.181102 0.708661 0.685039 
vn 0.102362 0.92126 0.370079 
vn 0 1 0 
vn 0 -1 0 
vn 0.165354 -0.92126 0.346457 
vn 0.299213 -0.708661 0.637795 
vn 0.393701 -0.385827 0.834646 
vn 0.425197 0 0.905512 
vn 0.425197 0 0.905512 
vn 0.393701 0.385827 0.834646 
vn 0.299213 0.708661 0.637795 
vn 0.165354 0.92126 0.346457 
vn 0 1 0 
vn 0 -1 0 
vn 0.220472 -0.92126 0.314961 
vn 0.409449 -0.708661 0.582677 
vn 0.527559 -0.385827 0.755906 
vn 0.574803 0 0.818898 
vn 0.574803 0 0.818898 
vn 0.527559 0.385827 0.755906 
vn 0.409449 0.708661 0.582677 
vn 0.220472 0.92126 0.314961 
vn 0 1 0 
vn -0.267717 -0.92126 -0.267717 
vn 0 -1 0 
vn 0 -1 0 
vn -0.314961 -0.92126 -0.220472 
vn -0.496063 -0.708661 -0.496063 
vn -0.582677 -0.708661 -0.409449 
vn -0.653543 -0.385827 -0.653543 
vn -0.755906 -0.385827 -0.527559 
vn -0.708661 0 -0.708661 
vn -0.818898 0 -0.574803 
vn -0.708661 0 -0.708661 
vn -0.818898 0 -0.574803 
vn -0.653543 0.385827 -0.653543 
vn -0.755906 0.385827 -0.527559 
vn -0.496063 0.708661 -0.496063 
vn -0.582677 0.708661 -0.409449 
vn -0.267717 0.92126 -0.267717 
vn -0.314961 0.92126 -0.220472 
vn 0 1 0 
vn 0 1 0 
vn 0 -1 0 
vn -0.346457 -0.92126 -0.165354 
vn -0.637795 -0.708661 -0.299213 
vn -0.834646 -0.385827 -0.393701 
vn -0.905512 0 -0.425197 
vn -0.905512 0 -0.425197 
vn -0.834646 0.385827 -0.393701 
vn -0.637795 0.708661 -0.299213 
vn -0.346457 0.92126 -0.165354 
vn 0 1 0 
vn 0 -1 0 
vn -0.370079 -0.92126 -0.102362 
vn -0.685039 -0.708661 -0.181102 
vn -0.889764 -0.385827 -0.23622 
vn -0.968504 0 -0.259843 
vn -0.968504 0 -0.259843 
vn -0.889764 0.385827 -0.23622 
vn -0.685039 0.708661 -0.181102 
vn -0.370079 0.92126 -0.102362 
vn 0 1 0 
vn 0 -1 0 
vn -0.377953 -0.92126 -0.0314961 
vn -0.700787 -0.708661 -0.0629921 
vn -0.92126 -0.385827 -0.0787402 
vn -1 0 -0.0866142 
vn -1 0 -0.0866142 
vn -0.92126 0.385827 -0.0787402 
vn -0.700787 0.708661 -0.0629921 
vn -0.377953 0.92126 -0.0314961 
vn 0 1 0 
vn 0 -1 0 
vn -0.377953 -0.92126 0.0314961 
vn -0.700787 -0.708661 0.0629921 
vn -0.92126 -0.385827 0.0787402 
vn -1 0 0.0866142 
vn -1 0 0.0866142 
vn -0.92126 0.385827 0.0787402 
vn -0.700787 0.708661 0.0629921 
vn -0.377953 0.92126 0.0314961 
vn 0 1 0 
vn 0 -1 0 
vn -0.370079 -0.92126 0.102362 
vn -0.685039 -0.708661 0.181102 
vn -0.889764 -0.385827 0.23622 
vn -0.968504 0 0.259843 
vn -0.968504 0 0.259843 
vn -0.889764 0.385827 0.23622 
vn -0.685039 0.708661 0.181102 
vn -0.370079 0.92126 0.102362 
vn 0 1 0 
vn 0 -1 0 
vn -0.346457 -0.92126 0.165354 
vn -0.637795 -0.708661 0.299213 
vn -0.834646 -0.385827 0.393701 
vn -0.905512 0 0.425197 
vn -0.905512 0 0.425197 
vn -0.834646 0.385827 0.393701 
vn -0.637795 0.708661 0.299213 
vn -0.346457 0.92126 0.165354 
vn 0 1 0 
vn 0 -1 0 
vn -0.314961 -0.92126 0.220472 
vn -0.582677 -0.708661 0.409449 
vn -0.755906 -0.385827 0.527559 
vn -0.818898 0 0.574803 
vn -0.818898 0 0.574803 
vn -0.755906 0.385827 0.527559 
vn -0.582677 0.708661 0.409449 
vn -0.314961 0.92126 0.220472 
vn 0 1 0 
vn 0 -1 0 
vn 0 -1 0 
vn 0 -1 0 
vn 0 -1 0 
vn 0 -1 0 
vn 0 -1 0 
vn 0 -1 0 
vn 0 -1 0 
vn 0 -1 0 
vn 0 -1 0 
vn 0 -1 0 
vn 0 -1 0 
vn 0 -1 0 
vn 0 -1 0 
vn 0 -1 0 
vn 0 -1 0 
vn 0 -1 0 
vn 0 -1 0 
vn 0 -1 0 
vn 0 -1 0 
vn 0 -1 0 
vn 0 -1 0 
vn 0 -1 0 
vn 0 -1 0 
vn 0 -1 0 
vn 0 -1 0 
vn 0 -1 0 
vn 0 -1 0 
vn 0 -1 0 
vn 0 -1 0 
vn 0 -1 0 
vn 0 -1 0 
vn 0 -1 0 
vn 0 -1 0 
vn 0 -1 0 
vn 0 -1 0 
vn 0 -1 0 
vn 0 -1 0 
vn 0 -1 0 
vn 0 -1 0 
vn 0 -1 0 
vn 0 -1 0 
vn 0 -1 0 
vn 0 -1 0 
vn 0 -1 0 
vn 0 -1 0 
vn 0 -1 0 
vn 0 -1 0 
vn 0 -1 0 
vn 0 -1 0 
vn 0 -1 0 
vn 0 -1 0 
vn 0 -1 0 
vn 0 -1 0 
vn 0 -1 0 
vn 0 -1 0 
vn 0 -1 0 
vn 0 -1 0 
vn 0 -1 0 
vn 0 -1 0 
vn 0 -1 0 
vn 0 -1 0 
vn 0 -1 0 
vn 0 -1 0 
vn 0 -1 0 
vn 0 -1 0 
vn 0 -1 0 
vn 0 -1 0 
vn 0 -1 0 
vn 0 -1 0 
vn 0 -1 0 
vn 0 -1 0 
vn 0 -1 0 
vn 0 -1 0 
vn 0 -1 0 
vn 0 -1 0 
vn 0 -1 0 
vn 0 -1 0 
vn 0 -1 0 
vn 0 -1 0 
vn 0 -1 0 
vn 0 -1 0 
vn 0 -1 0 
vn 0 -1 0 
vn 0 -1 0 
vn 0 -1 0 
vn 0 -1 0 
vn 0 -1 0 
vn 0 -1 0 
vn 0 -1 0 
vn 0 -1 0 
vn 0 -1 0 
vn 0 -1 0 
vn 0 -1 0 
vn 0 -1 0 
vn 0 -1 0 
vn 0 -1 0 
vn 0 -1 0 
vn 0 -1 0 
vn 0 -1 0 
vn 0.267717 -0.92126 -0.267717 
vn 0 -1 0 
vn 0 -1 0 
vn 0.220472 -0.92126 -0.314961 
vn 0.503937 -0.708661 -0.496063 
vn 0.409449 -0.708661 -0.582677 
vn 0.653543 -0.385827 -0.653543 
vn 0.527559 -0.385827 -0.755906 
vn 0.708661 0 -0.708661 
vn 0.574803 0 -0.818898 
vn 0.708661 0 -0.708661 
vn 0.574803 0 -0.818898 
vn 0.653543 0.385827 -0.653543 
vn 0.527559 0.385827 -0.755906 
vn 0.503937 0.708661 -0.496063 
vn 0.409449 0.708661 -0.582677 
vn 0.267717 0.92126 -0.267717 
vn 0.220472 0.92126 -0.314961 
vn 0 1 0 
vn 0 1 0 
vn 0 -1 0 
vn 0.165354 -0.92126 -0.346457 
vn 0.299213 -0.708661 -0.637795 
vn 0.393701 -0.385827 -0.834646 
vn 0.425197 0 -0.905512 
vn 0.425197 0 -0.905512 
vn 0.393701 0.385827 -0.834646 
vn 0.299213 0.708661 -0.637795 
vn 0.165354 0.92126 -0.346457 
vn 0 1 0 
vn 0 -1 0 
vn 0.102362 -0.92126 -0.370079 
vn 0.181102 -0.708661 -0.685039 
vn 0.23622 -0.385827 -0.889764 
vn 0.259843 0 -0.968504 
vn 0.259843 0 -0.968504 
vn 0.23622 0.385827 -0.889764 
vn 0.181102 0.708661 -0.685039 
vn 0.102362 0.92126 -0.370079 
vn 0 1 0 
vn 0 -1 0 
vn 0.0314961 -0.92126 -0.377953 
vn 0.0629921 -0.708661 -0.700787 
vn 0.0787402 -0.385827 -0.92126 
vn 0.0866142 0 -1 
vn 0.0866142 0 -1 
vn 0.0787402 0.385827 -0.92126 
vn 0.0629921 0.708661 -0.700787 
vn 0.0314961 0.92126 -0.377953 
vn 0 1 0 
vn 0 -1 0 
vn -0.0314961 -0.92126 -0.377953 
vn -0.0629921 -0.708661 -0.700787 
vn -0.0787402 -0.385827 -0.92126 
vn -0.0866142 0 -1 
vn -0.0866142 0 -1 
vn -0.0787402 0.385827 -0.92126 
vn -0.0629921 0.708661 -0.700787 
vn -0.0314961 0.92126 -0.377953 
vn 0 1 0 
vn 0 -1 0 
vn -0.102362 -0.92126 -0.370079 
vn -0.181102 -0.708661 -0.685039 
vn -0.23622 -0.385827 -0.889764 
vn -0.259843 0 -0.968504 
vn -0.259843 0 -0.968504 
vn -0.23622 0.385827 -0.889764 
vn -0.181102 0.708661 -0.685039 
vn -0.102362 0.92126 -0.370079 
vn 0 1 0 
vn 0 -1 0 
vn -0.165354 -0.92126 -0.346457 
vn -0.299213 -0.708661 -0.637795 
vn -0.393701 -0.385827 -0.834646 
vn -0.425197 0 -0.905512 
vn -0.425197 0 -0.905512 
vn -0.393701 0.385827 -0.834646 
vn -0.299213 0.708661 -0.637795 
vn -0.165354 0.92126 -0.346457 
vn 0 1 0 
vn 0 -1 0 
vn -0.220472 -0.92126 -0.314961 
vn -0.409449 -0.708661 -0.582677 
vn -0.527559 -0.385827 -0.755906 
vn -0.574803 0 -0.818898 
vn -0.574803 0 -0.818898 
vn -0.527559 0.385827 -0.755906 
vn -0.409449 0.708661 -0.582677 
vn -0.220472 0.92126 -0.314961 
vn 0 1 0 
vn 0 -1 0 
vn -0.267717 -0.92126 -0.267717 
vn -0.496063 -0.708661 -0.496063 
vn -0.653543 -0.385827 -0.653543 
vn -0.708661 0 -0.708661 
vn -0.708661 0 -0.708661 
vn -0.653543 0.385827 -0.653543 
vn -0.496063 0.708661 -0.496063 
vn -0.267717 0.92126 -0.267717 
vn 0 1 0 

vt 0.236328 0.732422 
vt 0.236328 0.732422 
vt 0.236328 0.732422 
vt 0.236328 0.732422 
vt 0.236328 0.732422 
vt 0.236328 0.732422 
vt 0.236328 0.732422 
vt 0.236328 0.732422 
vt 0.236328 0.732422 
vt 0.236328 0.732422 
vt 0.236328 0.732422 
vt 0.236328 0.732422 
vt 0.236328 0.732422 
vt 0.236328 0.732422 
vt 0.236328 0.732422 
vt 0.236328 0.732422 
vt 0.236328 0.732422 
vt 0.236328 0.732422 
vt 0.236328 0.732422 
vt 0.236328 0.732422 
vt 0.236328 0.732422 
vt 0.236328 0.732422 
vt 0.236328 0.732422 
vt 0.236328 0.732422 
vt 0.236328 0.732422 
vt 0.236328 0.732422 
vt 0.236328 0.732422 
vt 0.236328 0.732422 
vt 0.236328 0.732422 
vt 0.236328 0.732422 
vt 0.236328 0.732422 
vt 0.236328 0.732422 
vt 0.236328 0.732422 
vt 0.236328 0.732422 
vt 0.236328 0.732422 
vt 0.236328 0.732422 
vt 0.236328 0.732422 
vt 0.236328 0.732422 
vt 0.236328 0.732422 
vt 0.236328 0.732422 
vt 0.236328 0.732422 
vt 0.236328 0.732422 
vt 0.236328 0.732422 
vt 0.236328 0.732422 
vt 0.236328 0.732422 
vt 0.236328 0.732422 
vt 0.236328 0.732422 
vt 0.236328 0.732422 
vt 0.236328 0.732422 
vt 0.236328 0.732422 
vt 0.236328 0.732422 
vt 0.236328 0.732422 
vt 0.236328 0.732422 
vt 0.236328 0.732422 
vt 0.236328 0.732422 
vt 0.236328 0.732422 
vt 0.236328 0.732422 
vt 0.236328 0.732422 
vt 0.236328 0.732422 
vt 0.236328 0.732422 
vt 0.236328 0.732422 
vt 0.236328 0.732422 
vt 0.236328 0.732422 
vt 0.236328 0.732422 
vt 0.236328 0.732422 
vt 0.236328 0.732422 
vt 0.236328 0.732422 
vt 0.236328 0.732422 
vt 0.236328 0.732422 
vt 0.236328 0.732422 
vt 0.236328 0.732422 
vt 0.236328 0.732422 
vt 0.236328 0.732422 
vt 0.236328 0.732422 
vt 0.236328 0.732422 
vt 0.236328 0.732422 
vt 0.236328 0.732422 
vt 0.236328 0.732422 
vt 0.236328 0.732422 
vt 0.236328 0.732422 
vt 0.236328 0.732422 
vt 0.236328 0.732422 
vt 0.236328 0.732422 
vt 0.236328 0.732422 
vt 0.236328 0.732422 
vt 0.236328 0.732422 
vt 0.236328 0.732422 
vt 0.236328 0.732422 
vt 0.236328 0.732422 
vt 0.236328 0.732422 
vt 0.236328 0.732422 
vt 0.236328 0.732422 
vt 0.236328 0.732422 
vt 0.236328 0.732422 
vt 0.236328 0.732422 
vt 0.236328 0.732422 
vt 0.236328 0.732422 
vt 0.236328 0.732422 
vt 0.236328 0.732422 
vt 0.236328 0.732422 
vt 0.236328 0.732422 
vt 0.236328 0.732422 
vt 0.236328 0.732422 
vt 0.236328 0.732422 
vt 0.236328 0.732422 
vt 0.236328 0.732422 
vt 0.236328 0.732422 
vt 0.236328 0.732422 
vt 0.236328 0.732422 
vt 0.236328 0.732422 
vt 0.236328 0.732422 
vt 0.236328 0.732422 
vt 0.236328 0.732422 
vt 0.236328 0.732422 
vt 0.236328 0.732422 
vt 0.236328 0.732422 
vt 0.236328 0.732422 
vt 0.236328 0.732422 
vt 0.236328 0.732422 
vt 0.236328 0.732422 
vt 0.236328 0.732422 
vt 0.236328 0.732422 
vt 0.236328 0.732422 
vt 0.236328 0.732422 
vt 0.236328 0.732422 
vt 0.236328 0.732422 
vt 0.236328 0.732422 
vt 0.236328 0.732422 
vt 0.236328 0.732422 
vt 0.236328 0.732422 
vt 0.236328 0.732422 
vt 0.236328 0.732422 
vt 0.236328 0.732422 
vt 0.236328 0.732422 
vt 0.236328 0.732422 
vt 0.236328 0.732422 
vt 0.236328 0.732422 
vt 0.236328 0.732422 
vt 0.236328 0.732422 
vt 0.236328 0.732422 
vt 0.236328 0.732422 
vt 0.236328 0.732422 
vt 0.236328 0.732422 
vt 0.236328 0.732422 
vt 0.236328 0.732422 
vt 0.236328 0.732422 
vt 0.236328 0.732422 
vt 0.236328 0.732422 
vt 0.236328 0.732422 
vt 0.236328 0.732422 
vt 0.236328 0.732422 
vt 0.236328 0.732422 
vt 0.236328 0.732422 
vt 0.236328 0.732422 
vt 0.236328 0.732422 
vt 0.236328 0.732422 
vt 0.236328 0.732422 
vt 0.236328 0.732422 
vt 0.236328 0.732422 
vt 0.236328 0.732422 
vt 0.236328 0.732422 
vt 0.236328 0.732422 
vt 0.236328 0.732422 
vt 0.236328 0.732422 
vt 0.236328 0.732422 
vt 0.236328 0.732422 
vt 0.236328 0.732422 
vt 0.236328 0.732422 
vt 0.236328 0.732422 
vt 0.236328 0.732422 
vt 0.236328 0.732422 
vt 0.236328 0.732422 
vt 0.236328 0.732422 
vt 0.236328 0.732422 
vt 0.236328 0.732422 
vt 0.236328 0.732422 
vt 0.236328 0.732422 
vt 0.236328 0.732422 
vt 0.236328 0.732422 
vt 0.236328 0.732422 
vt 0.236328 0.732422 
vt 0.236328 0.732422 
vt 0.236328 0.732422 
vt 0.236328 0.732422 
vt 0.236328 0.732422 
vt 0.236328 0.732422 
vt 0.236328 0.732422 
vt 0.236328 0.732422 
vt 0.236328 0.732422 
vt 0.236328 0.732422 
vt 0.236328 0.732422 
vt 0.236328 0.732422 
vt 0.236328 0.732422 
vt 0.236328 0.732422 
vt 0.236328 0.732422 
vt 0.236328 0.732422 
vt 0.236328 0.732422 
vt 0.236328 0.732422 
vt 0.236328 0.732422 
vt 0.236328 0.732422 
vt 0.236328 0.732422 
vt 0.236328 0.732422 
vt 0.236328 0.732422 
vt 0.236328 0.732422 
vt 0.236328 0.732422 
vt 0.236328 0.732422 
vt 0.236328 0.732422 
vt 0.236328 0.732422 
vt 0.236328 0.732422 
vt 0.236328 0.732422 
vt 0.236328 0.732422 
vt 0.236328 0.732422 
vt 0.236328 0.732422 
vt 0.236328 0.732422 
vt 0.236328 0.732422 
vt 0.236328 0.732422 
vt 0.236328 0.732422 
vt 0.236328 0.732422 
vt 0.236328 0.732422 
vt 0.236328 0.732422 
vt 0.236328 0.732422 
vt 0.236328 0.732422 
vt 0.236328 0.732422 
vt 0.236328 0.732422 
vt 0.236328 0.732422 
vt 0.236328 0.732422 
vt 0.236328 0.732422 
vt 0.236328 0.732422 
vt 0.236328 0.732422 
vt 0.236328 0.732422 
vt 0.236328 0.732422 
vt 0.236328 0.732422 
vt 0.236328 0.732422 
vt 0.236328 0.732422 
vt 0.236328 0.732422 
vt 0.236328 0.732422 
vt 0.236328 0.732422 
vt 0.236328 0.732422 
vt 0.236328 0.732422 
vt 0.236328 0.732422 
vt 0.236328 0.732422 
vt 0.236328 0.732422 
vt 0.236328 0.732422 
vt 0.236328 0.732422 
vt 0.236328 0.732422 
vt 0.236328 0.732422 
vt 0.236328 0.732422 
vt 0.236328 0.732422 
vt 0.236328 0.732422 
vt 0.236328 0.732422 
vt 0.236328 0.732422 
vt 0.236328 0.732422 
vt 0.236328 0.732422 
vt 0.236328 0.732422 
vt 0.236328 0.732422 
vt 0.236328 0.732422 
vt 0.236328 0.732422 
vt 0.236328 0.732422 
vt 0.236328 0.732422 
vt 0.236328 0.732422 
vt 0.236328 0.732422 
vt 0.236328 0.732422 
vt 0.236328 0.732422 
vt 0.236328 0.732422 
vt 0.236328 0.732422 
vt 0.236328 0.732422 
vt 0.236328 0.732422 
vt 0.236328 0.732422 
vt 0.236328 0.732422 
vt 0.236328 0.732422 
vt 0.236328 0.732422 
vt 0.236328 0.732422 
vt 0.236328 0.732422 
vt 0.236328 0.732422 
vt 0.236328 0.732422 
vt 0.236328 0.732422 
vt 0.236328 0.732422 
vt 0.236328 0.732422 
vt 0.236328 0.732422 
vt 0.236328 0.732422 
vt 0.236328 0.732422 
vt 0.236328 0.732422 
vt 0.236328 0.732422 
vt 0.236328 0.732422 
vt 0.236328 0.732422 
vt 0.236328 0.732422 
vt 0.236328 0.732422 
vt 0.236328 0.732422 
vt 0.236328 0.732422 
vt 0.236328 0.732422 
vt 0.236328 0.732422 
vt 0.236328 0.732422 
vt 0.236328 0.732422 
vt 0.236328 0.732422 
vt 0.236328 0.732422 
vt 0.236328 0.732422 
vt 0.236328 0.732422 
vt 0.236328 0.732422 
vt 0.236328 0.732422 
vt 0.236328 0.732422 
vt 0.236328 0.732422 
vt 0.236328 0.732422 
vt 0.236328 0.732422 
vt 0.236328 0.732422 
vt 0.236328 0.732422 
vt 0.236328 0.732422 
vt 0.236328 0.732422 
vt 0.236328 0.732422 
vt 0.236328 0.732422 
vt 0.236328 0.732422 
vt 0.236328 0.732422 
vt 0.236328 0.732422 
vt 0.236328 0.732422 
vt 0.236328 0.732422 
vt 0.236328 0.732422 
vt 0.236328 0.732422 
vt 0.236328 0.732422 
vt 0.236328 0.732422 
vt 0.236328 0.732422 
vt 0.236328 0.732422 
vt 0.236328 0.732422 
vt 0.236328 0.732422 
vt 0.236328 0.732422 
vt 0.236328 0.732422 
vt 0.236328 0.732422 
vt 0.236328 0.732422 
vt 0.236328 0.732422 
vt 0.236328 0.732422 
vt 0.236328 0.732422 
vt 0.236328 0.732422 
vt 0.236328 0.732422 
vt 0.236328 0.732422 
vt 0.236328 0.732422 
vt 0.236328 0.732422 
vt 0.236328 0.732422 
vt 0.236328 0.732422 
vt 0.236328 0.732422 
vt 0.236328 0.732422 
vt 0.236328 0.732422 
vt 0.236328 0.732422 
vt 0.236328 0.732422 
vt 0.236328 0.732422 
vt 0.236328 0.732422 
vt 0.236328 0.732422 
vt 0.236328 0.732422 
vt 0.236328 0.732422 
vt 0.236328 0.732422 
vt 0.236328 0.732422 
vt 0.236328 0.732422 
vt 0.236328 0.732422 
vt 0.236328 0.732422 
vt 0.236328 0.732422 
vt 0.236328 0.732422 
vt 0.236328 0.732422 
vt 0.236328 0.732422 
vt 0.236328 0.732422 
vt 0.236328 0.732422 
vt 0.236328 0.732422 
vt 0.236328 0.732422 
vt 0.236328 0.732422 
vt 0.236328 0.732422 
vt 0.236328 0.732422 
vt 0.236328 0.732422 
vt 0.236328 0.732422 
vt 0.236328 0.732422 
vt 0.236328 0.732422 
vt 0.236328 0.732422 
vt 0.236328 0.732422 
vt 0.236328 0.732422 
vt 0.236328 0.732422 
vt 0.236328 0.732422 
vt 0.236328 0.732422 
vt 0.236328 0.732422 
vt 0.236328 0.732422 
vt 0.236328 0.732422 
vt 0.236328 0.732422 
vt 0.236328 0.732422 
vt 0.236328 0.732422 
vt 0.236328 0.732422 
vt 0.236328 0.732422 
vt 0.236328 0.732422 
vt 0.236328 0.732422 
vt 0.236328 0.732422 
vt 0.236328 0.732422 
vt 0.236328 0.732422 
vt 0.236328 0.732422 
vt 0.236328 0.732422 
vt 0.236328 0.732422 
vt 0.236328 0.732422 
vt 0.236328 0.732422 
vt 0.236328 0.732422 
vt 0.236328 0.732422 
vt 0.236328 0.732422 
vt 0.236328 0.732422 
vt 0.236328 0.732422 
vt 0.236328 0.732422 
vt 0.236328 0.732422 
vt 0.236328 0.732422 
vt 0.236328 0.732422 
vt 0.236328 0.732422 
vt 0.236328 0.732422 
vt 0.236328 0.732422 
vt 0.236328 0.732422 
vt 0.236328 0.732422 
vt 0.236328 0.732422 
vt 0.236328 0.732422 
vt 0.236328 0.732422 
vt 0.236328 0.732422 
vt 0.236328 0.732422 
vt 0.236328 0.732422 
vt 0.236328 0.732422 
vt 0.236328 0.732422 
vt 0.236328 0.732422 
vt 0.236328 0.732422 
vt 0.236328 0.732422 
vt 0.236328 0.732422 
vt 0.236328 0.732422 
vt 0.299223 0.452692 
vt 0.315871 0.447266 
vt 0.324087 0.447266 
vt 0.310582 0.452692 
vt 0.28511 0.468146 
vt 0.299134 0.468146 
vt 0.275679 0.491274 
vt 0.291484 0.491274 
vt 0.272368 0.518555 
vt 0.288798 0.518555 
vt 0.272368 0.661133 
vt 0.288798 0.661133 
vt 0.275679 0.688414 
vt 0.291484 0.688414 
vt 0.28511 0.711542 
vt 0.299134 0.711542 
vt 0.299223 0.726995 
vt 0.310582 0.726995 
vt 0.315871 0.732422 
vt 0.324087 0.732422 
vt 0.333374 0.447266 
vt 0.323424 0.452692 
vt 0.314989 0.468146 
vt 0.309352 0.491274 
vt 0.307373 0.518555 
vt 0.307373 0.661133 
vt 0.309352 0.688414 
vt 0.314989 0.711542 
vt 0.323424 0.726995 
vt 0.333374 0.732422 
vt 0.343452 0.447266 
vt 0.337358 0.452692 
vt 0.332192 0.468146 
vt 0.32874 0.491274 
vt 0.327528 0.518555 
vt 0.327528 0.661133 
vt 0.32874 0.688414 
vt 0.332192 0.711542 
vt 0.337358 0.726995 
vt 0.343452 0.732422 
vt 0.354013 0.447266 
vt 0.351961 0.452692 
vt 0.350221 0.468146 
vt 0.349059 0.491274 
vt 0.348651 0.518555 
vt 0.348651 0.661133 
vt 0.349059 0.688414 
vt 0.350221 0.711542 
vt 0.351961 0.726995 
vt 0.354013 0.732422 
vt 0.364737 0.447266 
vt 0.366789 0.452692 
vt 0.368529 0.468146 
vt 0.369691 0.491274 
vt 0.370099 0.518555 
vt 0.370099 0.661133 
vt 0.369691 0.688414 
vt 0.368529 0.711542 
vt 0.366789 0.726995 
vt 0.364737 0.732422 
vt 0.375298 0.447266 
vt 0.381392 0.452692 
vt 0.386558 0.468146 
vt 0.39001 0.491274 
vt 0.391222 0.518555 
vt 0.391222 0.661133 
vt 0.39001 0.688414 
vt 0.386558 0.711542 
vt 0.381392 0.726995 
vt 0.375298 0.732422 
vt 0.385376 0.447266 
vt 0.395326 0.452692 
vt 0.403761 0.468146 
vt 0.409398 0.491274 
vt 0.411377 0.518555 
vt 0.411377 0.661133 
vt 0.409398 0.688414 
vt 0.403761 0.711542 
vt 0.395326 0.726995 
vt 0.385376 0.732422 
vt 0.394663 0.447266 
vt 0.408168 0.452692 
vt 0.419616 0.468146 
vt 0.427266 0.491274 
vt 0.429952 0.518555 
vt 0.429952 0.661133 
vt 0.427266 0.688414 
vt 0.419616 0.711542 
vt 0.408168 0.726995 
vt 0.394663 0.732422 
vt 0.402879 0.447266 
vt 0.419527 0.452692 
vt 0.43364 0.468146 
vt 0.443071 0.491274 
vt 0.446382 0.518555 
vt 0.446382 0.661133 
vt 0.443071 0.688414 
vt 0.43364 0.711542 
vt 0.419527 0.726995 
vt 0.402879 0.732422 

usemtl Dummy1Mtl

f 1686/1686/1686 1687/1687/1687 1688/1688/1688 
f 1688/1688/1688 1689/1689/1689 1686/1686/1686 
f 1690/1690/1690 1686/1686/1686 1689/1689/1689 
f 1689/1689/1689 1691/1691/1691 1690/1690/1690 
f 1692/1692/1692 1690/1690/1690 1691/1691/1691 
f 1691/1691/1691 1693/1693/1693 1692/1692/1692 
f 1694/1694/1694 1692/1692/1692 1693/1693/1693 
f 1693/1693/1693 1695/1695/1695 1694/1694/1694 
f 1696/1696/1696 1694/1694/1694 1695/1695/1695 
f 1695/1695/1695 1697/1697/1697 1696/1696/1696 
f 1698/1698/1698 1696/1696/1696 1697/1697/1697 
f 1697/1697/1697 1699/1699/1699 1698/1698/1698 
f 1700/1700/1700 1698/1698/1698 1699/1699/1699 
f 1699/1699/1699 1701/1701/1701 1700/1700/1700 
f 1702/1702/1702 1700/1700/1700 1701/1701/1701 
f 1701/1701/1701 1703/1703/1703 1702/1702/1702 
f 1704/1704/1704 1702/1702/1702 1703/1703/1703 
f 1703/1703/1703 1705/1705/1705 1704/1704/1704 
f 1689/1689/1689 1688/1688/1688 1706/1706/1706 
f 1706/1706/1706 1707/1707/1707 1689/1689/1689 
f 1691/1691/1691 1689/1689/1689 1707/1707/1707 
f 1707/1707/1707 1708/1708/1708 1691/1691/1691 
f 1693/1693/1693 1691/1691/1691 1708/1708/1708 
f 1708/1708/1708 1709/1709/1709 1693/1693/1693 
f 1695/1695/1695 1693/1693/1693 1709/1709/1709 
f 1709/1709/1709 1710/1710/1710 1695/1695/1695 
f 1697/1697/1697 1695/1695/1695 1710/1710/1710 
f 1710/1710/1710 1711/1711/1711 1697/1697/1697 
f 1699/1699/1699 1697/1697/1697 1711/1711/1711 
f 1711/1711/1711 1712/1712/1712 1699/1699/1699 
f 1701/1701/1701 1699/1699/1699 1712/1712/1712 
f 1712/1712/1712 1713/1713/1713 1701/1701/1701 
f 1703/1703/1703 1701/1701/1701 1713/1713/1713 
f 1713/1713/1713 1714/1714/1714 1703/1703/1703 
f 1705/1705/1705 1703/1703/1703 1714/1714/1714 
f 1714/1714/1714 1715/1715/1715 1705/1705/1705 
f 1707/1707/1707 1706/1706/1706 1716/1716/1716 
f 1716/1716/1716 1717/1717/1717 1707/1707/1707 
f 1708/1708/1708 1707/1707/1707 1717/1717/1717 
f 1717/1717/1717 1718/1718/1718 1708/1708/1708 
f 1709/1709/1709 1708/1708/1708 1718/1718/1718 
f 1718/1718/1718 1719/1719/1719 1709/1709/1709 
f 1710/1710/1710 1709/1709/1709 1719/1719/1719 
f 1719/1719/1719 1720/1720/1720 1710/1710/1710 
f 1711/1711/1711 1710/1710/1710 1720/1720/1720 
f 1720/1720/1720 1721/1721/1721 1711/1711/1711 
f 1712/1712/1712 1711/1711/1711 1721/1721/1721 
f 1721/1721/1721 1722/1722/1722 1712/1712/1712 
f 1713/1713/1713 1712/1712/1712 1722/1722/1722 
f 1722/1722/1722 1723/1723/1723 1713/1713/1713 
f 1714/1714/1714 1713/1713/1713 1723/1723/1723 
f 1723/1723/1723 1724/1724/1724 1714/1714/1714 
f 1715/1715/1715 1714/1714/1714 1724/1724/1724 
f 1724/1724/1724 1725/1725/1725 1715/1715/1715 
f 1717/1717/1717 1716/1716/1716 1726/1726/1726 
f 1726/1726/1726 1727/1727/1727 1717/1717/1717 
f 1718/1718/1718 1717/1717/1717 1727/1727/1727 
f 1727/1727/1727 1728/1728/1728 1718/1718/1718 
f 1719/1719/1719 1718/1718/1718 1728/1728/1728 
f 1728/1728/1728 1729/1729/1729 1719/1719/1719 
f 1720/1720/1720 1719/1719/1719 1729/1729/1729 
f 1729/1729/1729 1730/1730/1730 1720/1720/1720 
f 1721/1721/1721 1720/1720/1720 1730/1730/1730 
f 1730/1730/1730 1731/1731/1731 1721/1721/1721 
f 1722/1722/1722 1721/1721/1721 1731/1731/1731 
f 1731/1731/1731 1732/1732/1732 1722/1722/1722 
f 1723/1723/1723 1722/1722/1722 1732/1732/1732 
f 1732/1732/1732 1733/1733/1733 1723/1723/1723 
f 1724/1724/1724 1723/1723/1723 1733/1733/1733 
f 1733/1733/1733 1734/1734/1734 1724/1724/1724 
f 1725/1725/1725 1724/1724/1724 1734/1734/1734 
f 1734/1734/1734 1735/1735/1735 1725/1725/1725 
f 1727/1727/1727 1726/1726/1726 1736/1736/1736 
f 1736/1736/1736 1737/1737/1737 1727/1727/1727 
f 1728/1728/1728 1727/1727/1727 1737/1737/1737 
f 1737/1737/1737 1738/1738/1738 1728/1728/1728 
f 1729/1729/1729 1728/1728/1728 1738/1738/1738 
f 1738/1738/1738 1739/1739/1739 1729/1729/1729 
f 1730/1730/1730 1729/1729/1729 1739/1739/1739 
f 1739/1739/1739 1740/1740/1740 1730/1730/1730 
f 1731/1731/1731 1730/1730/1730 1740/1740/1740 
f 1740/1740/1740 1741/1741/1741 1731/1731/1731 
f 1732/1732/1732 1731/1731/1731 1741/1741/1741 
f 1741/1741/1741 1742/1742/1742 1732/1732/1732 
f 1733/1733/1733 1732/1732/1732 1742/1742/1742 
f 1742/1742/1742 1743/1743/1743 1733/1733/1733 
f 1734/1734/1734 1733/1733/1733 1743/1743/1743 
f 1743/1743/1743 1744/1744/1744 1734/1734/1734 
f 1735/1735/1735 1734/1734/1734 1744/1744/1744 
f 1744/1744/1744 1745/1745/1745 1735/1735/1735 
f 1737/1737/1737 1736/1736/1736 1746/1746/1746 
f 1746/1746/1746 1747/1747/1747 1737/1737/1737 
f 1738/1738/1738 1737/1737/1737 1747/1747/1747 
f 1747/1747/1747 1748/1748/1748 1738/1738/1738 
f 1739/1739/1739 1738/1738/1738 1748/1748/1748 
f 1748/1748/1748 1749/1749/1749 1739/1739/1739 
f 1740/1740/1740 1739/1739/1739 1749/1749/1749 
f 1749/1749/1749 1750/1750/1750 1740/1740/1740 
f 1741/1741/1741 1740/1740/1740 1750/1750/1750 
f 1750/1750/1750 1751/1751/1751 1741/1741/1741 
f 1742/1742/1742 1741/1741/1741 1751/1751/1751 
f 1751/1751/1751 1752/1752/1752 1742/1742/1742 
f 1743/1743/1743 1742/1742/1742 1752/1752/1752 
f 1752/1752/1752 1753/1753/1753 1743/1743/1743 
f 1744/1744/1744 1743/1743/1743 1753/1753/1753 
f 1753/1753/1753 1754/1754/1754 1744/1744/1744 
f 1745/1745/1745 1744/1744/1744 1754/1754/1754 
f 1754/1754/1754 1755/1755/1755 1745/1745/1745 
f 1747/1747/1747 1746/1746/1746 1756/1756/1756 
f 1756/1756/1756 1757/1757/1757 1747/1747/1747 
f 1748/1748/1748 1747/1747/1747 1757/1757/1757 
f 1757/1757/1757 1758/1758/1758 1748/1748/1748 
f 1749/1749/1749 1748/1748/1748 1758/1758/1758 
f 1758/1758/1758 1759/1759/1759 1749/1749/1749 
f 1750/1750/1750 1749/1749/1749 1759/1759/1759 
f 1759/1759/1759 1760/1760/1760 1750/1750/1750 
f 1751/1751/1751 1750/1750/1750 1760/1760/1760 
f 1760/1760/1760 1761/1761/1761 1751/1751/1751 
f 1752/1752/1752 1751/1751/1751 1761/1761/1761 
f 1761/1761/1761 1762/1762/1762 1752/1752/1752 
f 1753/1753/1753 1752/1752/1752 1762/1762/1762 
f 1762/1762/1762 1763/1763/1763 1753/1753/1753 
f 1754/1754/1754 1753/1753/1753 1763/1763/1763 
f 1763/1763/1763 1764/1764/1764 1754/1754/1754 
f 1755/1755/1755 1754/1754/1754 1764/1764/1764 
f 1764/1764/1764 1765/1765/1765 1755/1755/1755 
f 1757/1757/1757 1756/1756/1756 1766/1766/1766 
f 1766/1766/1766 1767/1767/1767 1757/1757/1757 
f 1758/1758/1758 1757/1757/1757 1767/1767/1767 
f 1767/1767/1767 1768/1768/1768 1758/1758/1758 
f 1759/1759/1759 1758/1758/1758 1768/1768/1768 
f 1768/1768/1768 1769/1769/1769 1759/1759/1759 
f 1760/1760/1760 1759/1759/1759 1769/1769/1769 
f 1769/1769/1769 1770/1770/1770 1760/1760/1760 
f 1761/1761/1761 1760/1760/1760 1770/1770/1770 
f 1770/1770/1770 1771/1771/1771 1761/1761/1761 
f 1762/1762/1762 1761/1761/1761 1771/1771/1771 
f 1771/1771/1771 1772/1772/1772 1762/1762/1762 
f 1763/1763/1763 1762/1762/1762 1772/1772/1772 
f 1772/1772/1772 1773/1773/1773 1763/1763/1763 
f 1764/1764/1764 1763/1763/1763 1773/1773/1773 
f 1773/1773/1773 1774/1774/1774 1764/1764/1764 
f 1765/1765/1765 1764/1764/1764 1774/1774/1774 
f 1774/1774/1774 1775/1775/1775 1765/1765/1765 
f 1767/1767/1767 1766/1766/1766 1776/1776/1776 
f 1776/1776/1776 1777/1777/1777 1767/1767/1767 
f 1768/1768/1768 1767/1767/1767 1777/1777/1777 
f 1777/1777/1777 1778/1778/1778 1768/1768/1768 
f 1769/1769/1769 1768/1768/1768 1778/1778/1778 
f 1778/1778/1778 1779/1779/1779 1769/1769/1769 
f 1770/1770/1770 1769/1769/1769 1779/1779/1779 
f 1779/1779/1779 1780/1780/1780 1770/1770/1770 
f 1771/1771/1771 1770/1770/1770 1780/1780/1780 
f 1780/1780/1780 1781/1781/1781 1771/1771/1771 
f 1772/1772/1772 1771/1771/1771 1781/1781/1781 
f 1781/1781/1781 1782/1782/1782 1772/1772/1772 
f 1773/1773/1773 1772/1772/1772 1782/1782/1782 
f 1782/1782/1782 1783/1783/1783 1773/1773/1773 
f 1774/1774/1774 1773/1773/1773 1783/1783/1783 
f 1783/1783/1783 1784/1784/1784 1774/1774/1774 
f 1775/1775/1775 1774/1774/1774 1784/1784/1784 
f 1784/1784/1784 1785/1785/1785 1775/1775/1775 
f 1786/1786/1786 1787/1787/1787 1788/1788/1788 
f 1786/1786/1786 1788/1788/1788 1789/1789/1789 
f 1786/1786/1786 1789/1789/1789 1790/1790/1790 
f 1786/1786/1786 1790/1790/1790 1791/1791/1791 
f 1786/1786/1786 1791/1791/1791 1792/1792/1792 
f 1786/1786/1786 1792/1792/1792 1793/1793/1793 
f 1786/1786/1786 1793/1793/1793 1794/1794/1794 
f 1786/1786/1786 1794/1794/1794 1795/1795/1795 
f 1786/1786/1786 1795/1795/1795 1796/1796/1796 
f 1786/1786/1786 1796/1796/1796 1797/1797/1797 
f 1786/1786/1786 1797/1797/1797 1798/1798/1798 
f 1786/1786/1786 1798/1798/1798 1799/1799/1799 
f 1786/1786/1786 1799/1799/1799 1800/1800/1800 
f 1786/1786/1786 1800/1800/1800 1801/1801/1801 
f 1786/1786/1786 1801/1801/1801 1802/1802/1802 
f 1786/1786/1786 1802/1802/1802 1803/1803/1803 
f 1786/1786/1786 1803/1803/1803 1804/1804/1804 
f 1786/1786/1786 1804/1804/1804 1805/1805/1805 
f 1786/1786/1786 1805/1805/1805 1806/1806/1806 
f 1786/1786/1786 1806/1806/1806 1807/1807/1807 
f 1786/1786/1786 1807/1807/1807 1808/1808/1808 
f 1786/1786/1786 1808/1808/1808 1809/1809/1809 
f 1786/1786/1786 1809/1809/1809 1810/1810/1810 
f 1786/1786/1786 1810/1810/1810 1811/1811/1811 
f 1786/1786/1786 1811/1811/1811 1812/1812/1812 
f 1786/1786/1786 1812/1812/1812 1813/1813/1813 
f 1786/1786/1786 1813/1813/1813 1814/1814/1814 
f 1786/1786/1786 1814/1814/1814 1815/1815/1815 
f 1786/1786/1786 1815/1815/1815 1816/1816/1816 
f 1786/1786/1786 1816/1816/1816 1817/1817/1817 
f 1786/1786/1786 1817/1817/1817 1818/1818/1818 
f 1786/1786/1786 1818/1818/1818 1819/1819/1819 
f 1786/1786/1786 1819/1819/1819 1820/1820/1820 
f 1786/1786/1786 1820/1820/1820 1821/1821/1821 
f 1786/1786/1786 1821/1821/1821 1822/1822/1822 
f 1786/1786/1786 1822/1822/1822 1787/1787/1787 
f 1823/1823/1823 1824/1824/1824 1825/1825/1825 
f 1825/1825/1825 1826/1826/1826 1823/1823/1823 
f 1827/1827/1827 1823/1823/1823 1826/1826/1826 
f 1826/1826/1826 1828/1828/1828 1827/1827/1827 
f 1829/1829/1829 1827/1827/1827 1828/1828/1828 
f 1828/1828/1828 1830/1830/1830 1829/1829/1829 
f 1831/1831/1831 1829/1829/1829 1830/1830/1830 
f 1830/1830/1830 1832/1832/1832 1831/1831/1831 
f 1833/1833/1833 1831/1831/1831 1832/1832/1832 
f 1832/1832/1832 1834/1834/1834 1833/1833/1833 
f 1835/1835/1835 1833/1833/1833 1834/1834/1834 
f 1834/1834/1834 1836/1836/1836 1835/1835/1835 
f 1837/1837/1837 1835/1835/1835 1836/1836/1836 
f 1836/1836/1836 1838/1838/1838 1837/1837/1837 
f 1839/1839/1839 1837/1837/1837 1838/1838/1838 
f 1838/1838/1838 1840/1840/1840 1839/1839/1839 
f 1841/1841/1841 1839/1839/1839 1840/1840/1840 
f 1840/1840/1840 1842/1842/1842 1841/1841/1841 
f 1826/1826/1826 1825/1825/1825 1843/1843/1843 
f 1843/1843/1843 1844/1844/1844 1826/1826/1826 
f 1828/1828/1828 1826/1826/1826 1844/1844/1844 
f 1844/1844/1844 1845/1845/1845 1828/1828/1828 
f 1830/1830/1830 1828/1828/1828 1845/1845/1845 
f 1845/1845/1845 1846/1846/1846 1830/1830/1830 
f 1832/1832/1832 1830/1830/1830 1846/1846/1846 
f 1846/1846/1846 1847/1847/1847 1832/1832/1832 
f 1834/1834/1834 1832/1832/1832 1847/1847/1847 
f 1847/1847/1847 1848/1848/1848 1834/1834/1834 
f 1836/1836/1836 1834/1834/1834 1848/1848/1848 
f 1848/1848/1848 1849/1849/1849 1836/1836/1836 
f 1838/1838/1838 1836/1836/1836 1849/1849/1849 
f 1849/1849/1849 1850/1850/1850 1838/1838/1838 
f 1840/1840/1840 1838/1838/1838 1850/1850/1850 
f 1850/1850/1850 1851/1851/1851 1840/1840/1840 
f 1842/1842/1842 1840/1840/1840 1851/1851/1851 
f 1851/1851/1851 1852/1852/1852 1842/1842/1842 
f 1844/1844/1844 1843/1843/1843 1853/1853/1853 
f 1853/1853/1853 1854/1854/1854 1844/1844/1844 
f 1845/1845/1845 1844/1844/1844 1854/1854/1854 
f 1854/1854/1854 1855/1855/1855 1845/1845/1845 
f 1846/1846/1846 1845/1845/1845 1855/1855/1855 
f 1855/1855/1855 1856/1856/1856 1846/1846/1846 
f 1847/1847/1847 1846/1846/1846 1856/1856/1856 
f 1856/1856/1856 1857/1857/1857 1847/1847/1847 
f 1848/1848/1848 1847/1847/1847 1857/1857/1857 
f 1857/1857/1857 1858/1858/1858 1848/1848/1848 
f 1849/1849/1849 1848/1848/1848 1858/1858/1858 
f 1858/1858/1858 1859/1859/1859 1849/1849/1849 
f 1850/1850/1850 1849/1849/1849 1859/1859/1859 
f 1859/1859/1859 1860/1860/1860 1850/1850/1850 
f 1851/1851/1851 1850/1850/1850 1860/1860/1860 
f 1860/1860/1860 1861/1861/1861 1851/1851/1851 
f 1852/1852/1852 1851/1851/1851 1861/1861/1861 
f 1861/1861/1861 1862/1862/1862 1852/1852/1852 
f 1854/1854/1854 1853/1853/1853 1863/1863/1863 
f 1863/1863/1863 1864/1864/1864 1854/1854/1854 
f 1855/1855/1855 1854/1854/1854 1864/1864/1864 
f 1864/1864/1864 1865/1865/1865 1855/1855/1855 
f 1856/1856/1856 1855/1855/1855 1865/1865/1865 
f 1865/1865/1865 1866/1866/1866 1856/1856/1856 
f 1857/1857/1857 1856/1856/1856 1866/1866/1866 
f 1866/1866/1866 1867/1867/1867 1857/1857/1857 
f 1858/1858/1858 1857/1857/1857 1867/1867/1867 
f 1867/1867/1867 1868/1868/1868 1858/1858/1858 
f 1859/1859/1859 1858/1858/1858 1868/1868/1868 
f 1868/1868/1868 1869/1869/1869 1859/1859/1859 
f 1860/1860/1860 1859/1859/1859 1869/1869/1869 
f 1869/1869/1869 1870/1870/1870 1860/1860/1860 
f 1861/1861/1861 1860/1860/1860 1870/1870/1870 
f 1870/1870/1870 1871/1871/1871 1861/1861/1861 
f 1862/1862/1862 1861/1861/1861 1871/1871/1871 
f 1871/1871/1871 1872/1872/1872 1862/1862/1862 
f 1864/1864/1864 1863/1863/1863 1873/1873/1873 
f 1873/1873/1873 1874/1874/1874 1864/1864/1864 
f 1865/1865/1865 1864/1864/1864 1874/1874/1874 
f 1874/1874/1874 1875/1875/1875 1865/1865/1865 
f 1866/1866/1866 1865/1865/1865 1875/1875/1875 
f 1875/1875/1875 1876/1876/1876 1866/1866/1866 
f 1867/1867/1867 1866/1866/1866 1876/1876/1876 
f 1876/1876/1876 1877/1877/1877 1867/1867/1867 
f 1868/1868/1868 1867/1867/1867 1877/1877/1877 
f 1877/1877/1877 1878/1878/1878 1868/1868/1868 
f 1869/1869/1869 1868/1868/1868 1878/1878/1878 
f 1878/1878/1878 1879/1879/1879 1869/1869/1869 
f 1870/1870/1870 1869/1869/1869 1879/1879/1879 
f 1879/1879/1879 1880/1880/1880 1870/1870/1870 
f 1871/1871/1871 1870/1870/1870 1880/1880/1880 
f 1880/1880/1880 1881/1881/1881 1871/1871/1871 
f 1872/1872/1872 1871/1871/1871 1881/1881/1881 
f 1881/1881/1881 1882/1882/1882 1872/1872/1872 
f 1874/1874/1874 1873/1873/1873 1883/1883/1883 
f 1883/1883/1883 1884/1884/1884 1874/1874/1874 
f 1875/1875/1875 1874/1874/1874 1884/1884/1884 
f 1884/1884/1884 1885/1885/1885 1875/1875/1875 
f 1876/1876/1876 1875/1875/1875 1885/1885/1885 
f 1885/1885/1885 1886/1886/1886 1876/1876/1876 
f 1877/1877/1877 1876/1876/1876 1886/1886/1886 
f 1886/1886/1886 1887/1887/1887 1877/1877/1877 
f 1878/1878/1878 1877/1877/1877 1887/1887/1887 
f 1887/1887/1887 1888/1888/1888 1878/1878/1878 
f 1879/1879/1879 1878/1878/1878 1888/1888/1888 
f 1888/1888/1888 1889/1889/1889 1879/1879/1879 
f 1880/1880/1880 1879/1879/1879 1889/1889/1889 
f 1889/1889/1889 1890/1890/1890 1880/1880/1880 
f 1881/1881/1881 1880/1880/1880 1890/1890/1890 
f 1890/1890/1890 1891/1891/1891 1881/1881/1881 
f 1882/1882/1882 1881/1881/1881 1891/1891/1891 
f 1891/1891/1891 1892/1892/1892 1882/1882/1882 
f 1884/1884/1884 1883/1883/1883 1893/1893/1893 
f 1893/1893/1893 1894/1894/1894 1884/1884/1884 
f 1885/1885/1885 1884/1884/1884 1894/1894/1894 
f 1894/1894/1894 1895/1895/1895 1885/1885/1885 
f 1886/1886/1886 1885/1885/1885 1895/1895/1895 
f 1895/1895/1895 1896/1896/1896 1886/1886/1886 
f 1887/1887/1887 1886/1886/1886 1896/1896/1896 
f 1896/1896/1896 1897/1897/1897 1887/1887/1887 
f 1888/1888/1888 1887/1887/1887 1897/1897/1897 
f 1897/1897/1897 1898/1898/1898 1888/1888/1888 
f 1889/1889/1889 1888/1888/1888 1898/1898/1898 
f 1898/1898/1898 1899/1899/1899 1889/1889/1889 
f 1890/1890/1890 1889/1889/1889 1899/1899/1899 
f 1899/1899/1899 1900/1900/1900 1890/1890/1890 
f 1891/1891/1891 1890/1890/1890 1900/1900/1900 
f 1900/1900/1900 1901/1901/1901 1891/1891/1891 
f 1892/1892/1892 1891/1891/1891 1901/1901/1901 
f 1901/1901/1901 1902/1902/1902 1892/1892/1892 
f 1894/1894/1894 1893/1893/1893 1903/1903/1903 
f 1903/1903/1903 1904/1904/1904 1894/1894/1894 
f 1895/1895/1895 1894/1894/1894 1904/1904/1904 
f 1904/1904/1904 1905/1905/1905 1895/1895/1895 
f 1896/1896/1896 1895/1895/1895 1905/1905/1905 
f 1905/1905/1905 1906/1906/1906 1896/1896/1896 
f 1897/1897/1897 1896/1896/1896 1906/1906/1906 
f 1906/1906/1906 1907/1907/1907 1897/1897/1897 
f 1898/1898/1898 1897/1897/1897 1907/1907/1907 
f 1907/1907/1907 1908/1908/1908 1898/1898/1898 
f 1899/1899/1899 1898/1898/1898 1908/1908/1908 
f 1908/1908/1908 1909/1909/1909 1899/1899/1899 
f 1900/1900/1900 1899/1899/1899 1909/1909/1909 
f 1909/1909/1909 1910/1910/1910 1900/1900/1900 
f 1901/1901/1901 1900/1900/1900 1910/1910/1910 
f 1910/1910/1910 1911/1911/1911 1901/1901/1901 
f 1902/1902/1902 1901/1901/1901 1911/1911/1911 
f 1911/1911/1911 1912/1912/1912 1902/1902/1902 
f 1904/1904/1904 1903/1903/1903 1687/1687/1687 
f 1687/1687/1687 1686/1686/1686 1904/1904/1904 
f 1905/1905/1905 1904/1904/1904 1686/1686/1686 
f 1686/1686/1686 1690/1690/1690 1905/1905/1905 
f 1906/1906/1906 1905/1905/1905 1690/1690/1690 
f 1690/1690/1690 1692/1692/1692 1906/1906/1906 
f 1907/1907/1907 1906/1906/1906 1692/1692/1692 
f 1692/1692/1692 1694/1694/1694 1907/1907/1907 
f 1908/1908/1908 1907/1907/1907 1694/1694/1694 
f 1694/1694/1694 1696/1696/1696 1908/1908/1908 
f 1909/1909/1909 1908/1908/1908 1696/1696/1696 
f 1696/1696/1696 1698/1698/1698 1909/1909/1909 
f 1910/1910/1910 1909/1909/1909 1698/1698/1698 
f 1698/1698/1698 1700/1700/1700 1910/1910/1910 
f 1911/1911/1911 1910/1910/1910 1700/1700/1700 
f 1700/1700/1700 1702/1702/1702 1911/1911/1911 
f 1912/1912/1912 1911/1911/1911 1702/1702/1702 
f 1702/1702/1702 1704/1704/1704 1912/1912/1912 
f 1913/1913/1913 1914/1914/1914 1915/1915/1915 
f 1915/1915/1915 1916/1916/1916 1913/1913/1913 
f 1917/1917/1917 1913/1913/1913 1916/1916/1916 
f 1916/1916/1916 1918/1918/1918 1917/1917/1917 
f 1919/1919/1919 1917/1917/1917 1918/1918/1918 
f 1918/1918/1918 1920/1920/1920 1919/1919/1919 
f 1921/1921/1921 1919/1919/1919 1920/1920/1920 
f 1920/1920/1920 1922/1922/1922 1921/1921/1921 
f 1923/1923/1923 1921/1921/1921 1922/1922/1922 
f 1922/1922/1922 1924/1924/1924 1923/1923/1923 
f 1925/1925/1925 1923/1923/1923 1924/1924/1924 
f 1924/1924/1924 1926/1926/1926 1925/1925/1925 
f 1927/1927/1927 1925/1925/1925 1926/1926/1926 
f 1926/1926/1926 1928/1928/1928 1927/1927/1927 
f 1929/1929/1929 1927/1927/1927 1928/1928/1928 
f 1928/1928/1928 1930/1930/1930 1929/1929/1929 
f 1931/1931/1931 1929/1929/1929 1930/1930/1930 
f 1930/1930/1930 1932/1932/1932 1931/1931/1931 
f 1916/1916/1916 1915/1915/1915 1933/1933/1933 
f 1933/1933/1933 1934/1934/1934 1916/1916/1916 
f 1918/1918/1918 1916/1916/1916 1934/1934/1934 
f 1934/1934/1934 1935/1935/1935 1918/1918/1918 
f 1920/1920/1920 1918/1918/1918 1935/1935/1935 
f 1935/1935/1935 1936/1936/1936 1920/1920/1920 
f 1922/1922/1922 1920/1920/1920 1936/1936/1936 
f 1936/1936/1936 1937/1937/1937 1922/1922/1922 
f 1924/1924/1924 1922/1922/1922 1937/1937/1937 
f 1937/1937/1937 1938/1938/1938 1924/1924/1924 
f 1926/1926/1926 1924/1924/1924 1938/1938/1938 
f 1938/1938/1938 1939/1939/1939 1926/1926/1926 
f 1928/1928/1928 1926/1926/1926 1939/1939/1939 
f 1939/1939/1939 1940/1940/1940 1928/1928/1928 
f 1930/1930/1930 1928/1928/1928 1940/1940/1940 
f 1940/1940/1940 1941/1941/1941 1930/1930/1930 
f 1932/1932/1932 1930/1930/1930 1941/1941/1941 
f 1941/1941/1941 1942/1942/1942 1932/1932/1932 
f 1934/1934/1934 1933/1933/1933 1943/1943/1943 
f 1943/1943/1943 1944/1944/1944 1934/1934/1934 
f 1935/1935/1935 1934/1934/1934 1944/1944/1944 
f 1944/1944/1944 1945/1945/1945 1935/1935/1935 
f 1936/1936/1936 1935/1935/1935 1945/1945/1945 
f 1945/1945/1945 1946/1946/1946 1936/1936/1936 
f 1937/1937/1937 1936/1936/1936 1946/1946/1946 
f 1946/1946/1946 1947/1947/1947 1937/1937/1937 
f 1938/1938/1938 1937/1937/1937 1947/1947/1947 
f 1947/1947/1947 1948/1948/1948 1938/1938/1938 
f 1939/1939/1939 1938/1938/1938 1948/1948/1948 
f 1948/1948/1948 1949/1949/1949 1939/1939/1939 
f 1940/1940/1940 1939/1939/1939 1949/1949/1949 
f 1949/1949/1949 1950/1950/1950 1940/1940/1940 
f 1941/1941/1941 1940/1940/1940 1950/1950/1950 
f 1950/1950/1950 1951/1951/1951 1941/1941/1941 
f 1942/1942/1942 1941/1941/1941 1951/1951/1951 
f 1951/1951/1951 1952/1952/1952 1942/1942/1942 
f 1944/1944/1944 1943/1943/1943 1953/1953/1953 
f 1953/1953/1953 1954/1954/1954 1944/1944/1944 
f 1945/1945/1945 1944/1944/1944 1954/1954/1954 
f 1954/1954/1954 1955/1955/1955 1945/1945/1945 
f 1946/1946/1946 1945/1945/1945 1955/1955/1955 
f 1955/1955/1955 1956/1956/1956 1946/1946/1946 
f 1947/1947/1947 1946/1946/1946 1956/1956/1956 
f 1956/1956/1956 1957/1957/1957 1947/1947/1947 
f 1948/1948/1948 1947/1947/1947 1957/1957/1957 
f 1957/1957/1957 1958/1958/1958 1948/1948/1948 
f 1949/1949/1949 1948/1948/1948 1958/1958/1958 
f 1958/1958/1958 1959/1959/1959 1949/1949/1949 
f 1950/1950/1950 1949/1949/1949 1959/1959/1959 
f 1959/1959/1959 1960/1960/1960 1950/1950/1950 
f 1951/1951/1951 1950/1950/1950 1960/1960/1960 
f 1960/1960/1960 1961/1961/1961 1951/1951/1951 
f 1952/1952/1952 1951/1951/1951 1961/1961/1961 
f 1961/1961/1961 1962/1962/1962 1952/1952/1952 
f 1954/1954/1954 1953/1953/1953 1963/1963/1963 
f 1963/1963/1963 1964/1964/1964 1954/1954/1954 
f 1955/1955/1955 1954/1954/1954 1964/1964/1964 
f 1964/1964/1964 1965/1965/1965 1955/1955/1955 
f 1956/1956/1956 1955/1955/1955 1965/1965/1965 
f 1965/1965/1965 1966/1966/1966 1956/1956/1956 
f 1957/1957/1957 1956/1956/1956 1966/1966/1966 
f 1966/1966/1966 1967/1967/1967 1957/1957/1957 
f 1958/1958/1958 1957/1957/1957 1967/1967/1967 
f 1967/1967/1967 1968/1968/1968 1958/1958/1958 
f 1959/1959/1959 1958/1958/1958 1968/1968/1968 
f 1968/1968/1968 1969/1969/1969 1959/1959/1959 
f 1960/1960/1960 1959/1959/1959 1969/1969/1969 
f 1969/1969/1969 1970/1970/1970 1960/1960/1960 
f 1961/1961/1961 1960/1960/1960 1970/1970/1970 
f 1970/1970/1970 1971/1971/1971 1961/1961/1961 
f 1962/1962/1962 1961/1961/1961 1971/1971/1971 
f 1971/1971/1971 1972/1972/1972 1962/1962/1962 
f 1964/1964/1964 1963/1963/1963 1973/1973/1973 
f 1973/1973/1973 1974/1974/1974 1964/1964/1964 
f 1965/1965/1965 1964/1964/1964 1974/1974/1974 
f 1974/1974/1974 1975/1975/1975 1965/1965/1965 
f 1966/1966/1966 1965/1965/1965 1975/1975/1975 
f 1975/1975/1975 1976/1976/1976 1966/1966/1966 
f 1967/1967/1967 1966/1966/1966 1976/1976/1976 
f 1976/1976/1976 1977/1977/1977 1967/1967/1967 
f 1968/1968/1968 1967/1967/1967 1977/1977/1977 
f 1977/1977/1977 1978/1978/1978 1968/1968/1968 
f 1969/1969/1969 1968/1968/1968 1978/1978/1978 
f 1978/1978/1978 1979/1979/1979 1969/1969/1969 
f 1970/1970/1970 1969/1969/1969 1979/1979/1979 
f 1979/1979/1979 1980/1980/1980 1970/1970/1970 
f 1971/1971/1971 1970/1970/1970 1980/1980/1980 
f 1980/1980/1980 1981/1981/1981 1971/1971/1971 
f 1972/1972/1972 1971/1971/1971 1981/1981/1981 
f 1981/1981/1981 1982/1982/1982 1972/1972/1972 
f 1974/1974/1974 1973/1973/1973 1983/1983/1983 
f 1983/1983/1983 1984/1984/1984 1974/1974/1974 
f 1975/1975/1975 1974/1974/1974 1984/1984/1984 
f 1984/1984/1984 1985/1985/1985 1975/1975/1975 
f 1976/1976/1976 1975/1975/1975 1985/1985/1985 
f 1985/1985/1985 1986/1986/1986 1976/1976/1976 
f 1977/1977/1977 1976/1976/1976 1986/1986/1986 
f 1986/1986/1986 1987/1987/1987 1977/1977/1977 
f 1978/1978/1978 1977/1977/1977 1987/1987/1987 
f 1987/1987/1987 1988/1988/1988 1978/1978/1978 
f 1979/1979/1979 1978/1978/1978 1988/1988/1988 
f 1988/1988/1988 1989/1989/1989 1979/1979/1979 
f 1980/1980/1980 1979/1979/1979 1989/1989/1989 
f 1989/1989/1989 1990/1990/1990 1980/1980/1980 
f 1981/1981/1981 1980/1980/1980 1990/1990/1990 
f 1990/1990/1990 1991/1991/1991 1981/1981/1981 
f 1982/1982/1982 1981/1981/1981 1991/1991/1991 
f 1991/1991/1991 1992/1992/1992 1982/1982/1982 
f 1984/1984/1984 1983/1983/1983 1993/1993/1993 
f 1993/1993/1993 1994/1994/1994 1984/1984/1984 
f 1985/1985/1985 1984/1984/1984 1994/1994/1994 
f 1994/1994/1994 1995/1995/1995 1985/1985/1985 
f 1986/1986/1986 1985/1985/1985 1995/1995/1995 
f 1995/1995/1995 1996/1996/1996 1986/1986/1986 
f 1987/1987/1987 1986/1986/1986 1996/1996/1996 
f 1996/1996/1996 1997/1997/1997 1987/1987/1987 
f 1988/1988/1988 1987/1987/1987 1997/1997/1997 
f 1997/1997/1997 1998/1998/1998 1988/1988/1988 
f 1989/1989/1989 1988/1988/1988 1998/1998/1998 
f 1998/1998/1998 1999/1999/1999 1989/1989/1989 
f 1990/1990/1990 1989/1989/1989 1999/1999/1999 
f 1999/1999/1999 2000/2000/2000 1990/1990/1990 
f 1991/1991/1991 1990/1990/1990 2000/2000/2000 
f 2000/2000/2000 2001/2001/2001 1991/1991/1991 
f 1992/1992/1992 1991/1991/1991 2001/2001/2001 
f 2001/2001/2001 2002/2002/2002 1992/1992/1992 
f 1994/1994/1994 1993/1993/1993 1824/1824/1824 
f 1824/1824/1824 1823/1823/1823 1994/1994/1994 
f 1995/1995/1995 1994/1994/1994 1823/1823/1823 
f 1823/1823/1823 1827/1827/1827 1995/1995/1995 
f 1996/1996/1996 1995/1995/1995 1827/1827/1827 
f 1827/1827/1827 1829/1829/1829 1996/1996/1996 
f 1997/1997/1997 1996/1996/1996 1829/1829/1829 
f 1829/1829/1829 1831/1831/1831 1997/1997/1997 
f 1998/1998/1998 1997/1997/1997 1831/1831/1831 
f 1831/1831/1831 1833/1833/1833 1998/1998/1998 
f 1999/1999/1999 1998/1998/1998 1833/1833/1833 
f 1833/1833/1833 1835/1835/1835 1999/1999/1999 
f 2000/2000/2000 1999/1999/1999 1835/1835/1835 
f 1835/1835/1835 1837/1837/1837 2000/2000/2000 
f 2001/2001/2001 2000/2000/2000 1837/1837/1837 
f 1837/1837/1837 1839/1839/1839 2001/2001/2001 
f 2002/2002/2002 2001/2001/2001 1839/1839/1839 
f 1839/1839/1839 1841/1841/1841 2002/2002/2002 
f 2003/2003/2003 2004/2004/2004 2005/2005/2005 
f 2005/2005/2005 2006/2006/2006 2003/2003/2003 
f 2007/2007/2007 2003/2003/2003 2006/2006/2006 
f 2006/2006/2006 2008/2008/2008 2007/2007/2007 
f 2009/2009/2009 2007/2007/2007 2008/2008/2008 
f 2008/2008/2008 2010/2010/2010 2009/2009/2009 
f 2011/2011/2011 2009/2009/2009 2010/2010/2010 
f 2010/2010/2010 2012/2012/2012 2011/2011/2011 
f 2013/2013/2013 2011/2011/2011 2012/2012/2012 
f 2012/2012/2012 2014/2014/2014 2013/2013/2013 
f 2015/2015/2015 2013/2013/2013 2014/2014/2014 
f 2014/2014/2014 2016/2016/2016 2015/2015/2015 
f 2017/2017/2017 2015/2015/2015 2016/2016/2016 
f 2016/2016/2016 2018/2018/2018 2017/2017/2017 
f 2019/2019/2019 2017/2017/2017 2018/2018/2018 
f 2018/2018/2018 2020/2020/2020 2019/2019/2019 
f 2021/2021/2021 2019/2019/2019 2020/2020/2020 
f 2020/2020/2020 2022/2022/2022 2021/2021/2021 
f 2006/2006/2006 2005/2005/2005 2023/2023/2023 
f 2023/2023/2023 2024/2024/2024 2006/2006/2006 
f 2008/2008/2008 2006/2006/2006 2024/2024/2024 
f 2024/2024/2024 2025/2025/2025 2008/2008/2008 
f 2010/2010/2010 2008/2008/2008 2025/2025/2025 
f 2025/2025/2025 2026/2026/2026 2010/2010/2010 
f 2012/2012/2012 2010/2010/2010 2026/2026/2026 
f 2026/2026/2026 2027/2027/2027 2012/2012/2012 
f 2014/2014/2014 2012/2012/2012 2027/2027/2027 
f 2027/2027/2027 2028/2028/2028 2014/2014/2014 
f 2016/2016/2016 2014/2014/2014 2028/2028/2028 
f 2028/2028/2028 2029/2029/2029 2016/2016/2016 
f 2018/2018/2018 2016/2016/2016 2029/2029/2029 
f 2029/2029/2029 2030/2030/2030 2018/2018/2018 
f 2020/2020/2020 2018/2018/2018 2030/2030/2030 
f 2030/2030/2030 2031/2031/2031 2020/2020/2020 
f 2022/2022/2022 2020/2020/2020 2031/2031/2031 
f 2031/2031/2031 2032/2032/2032 2022/2022/2022 
f 2024/2024/2024 2023/2023/2023 2033/2033/2033 
f 2033/2033/2033 2034/2034/2034 2024/2024/2024 
f 2025/2025/2025 2024/2024/2024 2034/2034/2034 
f 2034/2034/2034 2035/2035/2035 2025/2025/2025 
f 2026/2026/2026 2025/2025/2025 2035/2035/2035 
f 2035/2035/2035 2036/2036/2036 2026/2026/2026 
f 2027/2027/2027 2026/2026/2026 2036/2036/2036 
f 2036/2036/2036 2037/2037/2037 2027/2027/2027 
f 2028/2028/2028 2027/2027/2027 2037/2037/2037 
f 2037/2037/2037 2038/2038/2038 2028/2028/2028 
f 2029/2029/2029 2028/2028/2028 2038/2038/2038 
f 2038/2038/2038 2039/2039/2039 2029/2029/2029 
f 2030/2030/2030 2029/2029/2029 2039/2039/2039 
f 2039/2039/2039 2040/2040/2040 2030/2030/2030 
f 2031/2031/2031 2030/2030/2030 2040/2040/2040 
f 2040/2040/2040 2041/2041/2041 2031/2031/2031 
f 2032/2032/2032 2031/2031/2031 2041/2041/2041 
f 2041/2041/2041 2042/2042/2042 2032/2032/2032 
f 2034/2034/2034 2033/2033/2033 2043/2043/2043 
f 2043/2043/2043 2044/2044/2044 2034/2034/2034 
f 2035/2035/2035 2034/2034/2034 2044/2044/2044 
f 2044/2044/2044 2045/2045/2045 2035/2035/2035 
f 2036/2036/2036 2035/2035/2035 2045/2045/2045 
f 2045/2045/2045 2046/2046/2046 2036/2036/2036 
f 2037/2037/2037 2036/2036/2036 2046/2046/2046 
f 2046/2046/2046 2047/2047/2047 2037/2037/2037 
f 2038/2038/2038 2037/2037/2037 2047/2047/2047 
f 2047/2047/2047 2048/2048/2048 2038/2038/2038 
f 2039/2039/2039 2038/2038/2038 2048/2048/2048 
f 2048/2048/2048 2049/2049/2049 2039/2039/2039 
f 2040/2040/2040 2039/2039/2039 2049/2049/2049 
f 2049/2049/2049 2050/2050/2050 2040/2040/2040 
f 2041/2041/2041 2040/2040/2040 2050/2050/2050 
f 2050/2050/2050 2051/2051/2051 2041/2041/2041 
f 2042/2042/2042 2041/2041/2041 2051/2051/2051 
f 2051/2051/2051 2052/2052/2052 2042/2042/2042 
f 2044/2044/2044 2043/2043/2043 2053/2053/2053 
f 2053/2053/2053 2054/2054/2054 2044/2044/2044 
f 2045/2045/2045 2044/2044/2044 2054/2054/2054 
f 2054/2054/2054 2055/2055/2055 2045/2045/2045 
f 2046/2046/2046 2045/2045/2045 2055/2055/2055 
f 2055/2055/2055 2056/2056/2056 2046/2046/2046 
f 2047/2047/2047 2046/2046/2046 2056/2056/2056 
f 2056/2056/2056 2057/2057/2057 2047/2047/2047 
f 2048/2048/2048 2047/2047/2047 2057/2057/2057 
f 2057/2057/2057 2058/2058/2058 2048/2048/2048 
f 2049/2049/2049 2048/2048/2048 2058/2058/2058 
f 2058/2058/2058 2059/2059/2059 2049/2049/2049 
f 2050/2050/2050 2049/2049/2049 2059/2059/2059 
f 2059/2059/2059 2060/2060/2060 2050/2050/2050 
f 2051/2051/2051 2050/2050/2050 2060/2060/2060 
f 2060/2060/2060 2061/2061/2061 2051/2051/2051 
f 2052/2052/2052 2051/2051/2051 2061/2061/2061 
f 2061/2061/2061 2062/2062/2062 2052/2052/2052 
f 2054/2054/2054 2053/2053/2053 2063/2063/2063 
f 2063/2063/2063 2064/2064/2064 2054/2054/2054 
f 2055/2055/2055 2054/2054/2054 2064/2064/2064 
f 2064/2064/2064 2065/2065/2065 2055/2055/2055 
f 2056/2056/2056 2055/2055/2055 2065/2065/2065 
f 2065/2065/2065 2066/2066/2066 2056/2056/2056 
f 2057/2057/2057 2056/2056/2056 2066/2066/2066 
f 2066/2066/2066 2067/2067/2067 2057/2057/2057 
f 2058/2058/2058 2057/2057/2057 2067/2067/2067 
f 2067/2067/2067 2068/2068/2068 2058/2058/2058 
f 2059/2059/2059 2058/2058/2058 2068/2068/2068 
f 2068/2068/2068 2069/2069/2069 2059/2059/2059 
f 2060/2060/2060 2059/2059/2059 2069/2069/2069 
f 2069/2069/2069 2070/2070/2070 2060/2060/2060 
f 2061/2061/2061 2060/2060/2060 2070/2070/2070 
f 2070/2070/2070 2071/2071/2071 2061/2061/2061 
f 2062/2062/2062 2061/2061/2061 2071/2071/2071 
f 2071/2071/2071 2072/2072/2072 2062/2062/2062 
f 2064/2064/2064 2063/2063/2063 2073/2073/2073 
f 2073/2073/2073 2074/2074/2074 2064/2064/2064 
f 2065/2065/2065 2064/2064/2064 2074/2074/2074 
f 2074/2074/2074 2075/2075/2075 2065/2065/2065 
f 2066/2066/2066 2065/2065/2065 2075/2075/2075 
f 2075/2075/2075 2076/2076/2076 2066/2066/2066 
f 2067/2067/2067 2066/2066/2066 2076/2076/2076 
f 2076/2076/2076 2077/2077/2077 2067/2067/2067 
f 2068/2068/2068 2067/2067/2067 2077/2077/2077 
f 2077/2077/2077 2078/2078/2078 2068/2068/2068 
f 2069/2069/2069 2068/2068/2068 2078/2078/2078 
f 2078/2078/2078 2079/2079/2079 2069/2069/2069 
f 2070/2070/2070 2069/2069/2069 2079/2079/2079 
f 2079/2079/2079 2080/2080/2080 2070/2070/2070 
f 2071/2071/2071 2070/2070/2070 2080/2080/2080 
f 2080/2080/2080 2081/2081/2081 2071/2071/2071 
f 2072/2072/2072 2071/2071/2071 2081/2081/2081 
f 2081/2081/2081 2082/2082/2082 2072/2072/2072 
f 2074/2074/2074 2073/2073/2073 2083/2083/2083 
f 2083/2083/2083 2084/2084/2084 2074/2074/2074 
f 2075/2075/2075 2074/2074/2074 2084/2084/2084 
f 2084/2084/2084 2085/2085/2085 2075/2075/2075 
f 2076/2076/2076 2075/2075/2075 2085/2085/2085 
f 2085/2085/2085 2086/2086/2086 2076/2076/2076 
f 2077/2077/2077 2076/2076/2076 2086/2086/2086 
f 2086/2086/2086 2087/2087/2087 2077/2077/2077 
f 2078/2078/2078 2077/2077/2077 2087/2087/2087 
f 2087/2087/2087 2088/2088/2088 2078/2078/2078 
f 2079/2079/2079 2078/2078/2078 2088/2088/2088 
f 2088/2088/2088 2089/2089/2089 2079/2079/2079 
f 2080/2080/2080 2079/2079/2079 2089/2089/2089 
f 2089/2089/2089 2090/2090/2090 2080/2080/2080 
f 2081/2081/2081 2080/2080/2080 2090/2090/2090 
f 2090/2090/2090 2091/2091/2091 2081/2081/2081 
f 2082/2082/2082 2081/2081/2081 2091/2091/2091 
f 2091/2091/2091 2092/2092/2092 2082/2082/2082 
f 2084/2084/2084 2083/2083/2083 2093/2093/2093 
f 2093/2093/2093 2094/2094/2094 2084/2084/2084 
f 2085/2085/2085 2084/2084/2084 2094/2094/2094 
f 2094/2094/2094 2095/2095/2095 2085/2085/2085 
f 2086/2086/2086 2085/2085/2085 2095/2095/2095 
f 2095/2095/2095 2096/2096/2096 2086/2086/2086 
f 2087/2087/2087 2086/2086/2086 2096/2096/2096 
f 2096/2096/2096 2097/2097/2097 2087/2087/2087 
f 2088/2088/2088 2087/2087/2087 2097/2097/2097 
f 2097/2097/2097 2098/2098/2098 2088/2088/2088 
f 2089/2089/2089 2088/2088/2088 2098/2098/2098 
f 2098/2098/2098 2099/2099/2099 2089/2089/2089 
f 2090/2090/2090 2089/2089/2089 2099/2099/2099 
f 2099/2099/2099 2100/2100/2100 2090/2090/2090 
f 2091/2091/2091 2090/2090/2090 2100/2100/2100 
f 2100/2100/2100 2101/2101/2101 2091/2091/2091 
f 2092/2092/2092 2091/2091/2091 2101/2101/2101 
f 2101/2101/2101 2102/2102/2102 2092/2092/2092 
f 2103/2103/2103 2104/2104/2104 2105/2105/2105 
f 2105/2105/2105 2106/2106/2106 2103/2103/2103 
f 2107/2107/2107 2103/2103/2103 2106/2106/2106 
f 2106/2106/2106 2108/2108/2108 2107/2107/2107 
f 2109/2109/2109 2107/2107/2107 2108/2108/2108 
f 2108/2108/2108 2110/2110/2110 2109/2109/2109 
f 2111/2111/2111 2109/2109/2109 2110/2110/2110 
f 2110/2110/2110 2112/2112/2112 2111/2111/2111 
f 2113/2113/2113 2111/2111/2111 2112/2112/2112 
f 2112/2112/2112 2114/2114/2114 2113/2113/2113 
f 2115/2115/2115 2113/2113/2113 2114/2114/2114 
f 2114/2114/2114 2116/2116/2116 2115/2115/2115 
f 2117/2117/2117 2115/2115/2115 2116/2116/2116 
f 2116/2116/2116 2118/2118/2118 2117/2117/2117 
f 2119/2119/2119 2117/2117/2117 2118/2118/2118 
f 2118/2118/2118 2120/2120/2120 2119/2119/2119 
f 2121/2121/2121 2119/2119/2119 2120/2120/2120 
f 2120/2120/2120 2122/2122/2122 2121/2121/2121 
f 2106/2106/2106 2105/2105/2105 2123/2123/2123 
f 2123/2123/2123 2124/2124/2124 2106/2106/2106 
f 2108/2108/2108 2106/2106/2106 2124/2124/2124 
f 2124/2124/2124 2125/2125/2125 2108/2108/2108 
f 2110/2110/2110 2108/2108/2108 2125/2125/2125 
f 2125/2125/2125 2126/2126/2126 2110/2110/2110 
f 2112/2112/2112 2110/2110/2110 2126/2126/2126 
f 2126/2126/2126 2127/2127/2127 2112/2112/2112 
f 2114/2114/2114 2112/2112/2112 2127/2127/2127 
f 2127/2127/2127 2128/2128/2128 2114/2114/2114 
f 2116/2116/2116 2114/2114/2114 2128/2128/2128 
f 2128/2128/2128 2129/2129/2129 2116/2116/2116 
f 2118/2118/2118 2116/2116/2116 2129/2129/2129 
f 2129/2129/2129 2130/2130/2130 2118/2118/2118 
f 2120/2120/2120 2118/2118/2118 2130/2130/2130 
f 2130/2130/2130 2131/2131/2131 2120/2120/2120 
f 2122/2122/2122 2120/2120/2120 2131/2131/2131 
f 2131/2131/2131 2132/2132/2132 2122/2122/2122 
f 2124/2124/2124 2123/2123/2123 2133/2133/2133 
f 2133/2133/2133 2134/2134/2134 2124/2124/2124 
f 2125/2125/2125 2124/2124/2124 2134/2134/2134 
f 2134/2134/2134 2135/2135/2135 2125/2125/2125 
f 2126/2126/2126 2125/2125/2125 2135/2135/2135 
f 2135/2135/2135 2136/2136/2136 2126/2126/2126 
f 2127/2127/2127 2126/2126/2126 2136/2136/2136 
f 2136/2136/2136 2137/2137/2137 2127/2127/2127 
f 2128/2128/2128 2127/2127/2127 2137/2137/2137 
f 2137/2137/2137 2138/2138/2138 2128/2128/2128 
f 2129/2129/2129 2128/2128/2128 2138/2138/2138 
f 2138/2138/2138 2139/2139/2139 2129/2129/2129 
f 2130/2130/2130 2129/2129/2129 2139/2139/2139 
f 2139/2139/2139 2140/2140/2140 2130/2130/2130 
f 2131/2131/2131 2130/2130/2130 2140/2140/2140 
f 2140/2140/2140 2141/2141/2141 2131/2131/2131 
f 2132/2132/2132 2131/2131/2131 2141/2141/2141 
f 2141/2141/2141 2142/2142/2142 2132/2132/2132 
f 2134/2134/2134 2133/2133/2133 2143/2143/2143 
f 2143/2143/2143 2144/2144/2144 2134/2134/2134 
f 2135/2135/2135 2134/2134/2134 2144/2144/2144 
f 2144/2144/2144 2145/2145/2145 2135/2135/2135 
f 2136/2136/2136 2135/2135/2135 2145/2145/2145 
f 2145/2145/2145 2146/2146/2146 2136/2136/2136 
f 2137/2137/2137 2136/2136/2136 2146/2146/2146 
f 2146/2146/2146 2147/2147/2147 2137/2137/2137 
f 2138/2138/2138 2137/2137/2137 2147/2147/2147 
f 2147/2147/2147 2148/2148/2148 2138/2138/2138 
f 2139/2139/2139 2138/2138/2138 2148/2148/2148 
f 2148/2148/2148 2149/2149/2149 2139/2139/2139 
f 2140/2140/2140 2139/2139/2139 2149/2149/2149 
f 2149/2149/2149 2150/2150/2150 2140/2140/2140 
f 2141/2141/2141 2140/2140/2140 2150/2150/2150 
f 2150/2150/2150 2151/2151/2151 2141/2141/2141 
f 2142/2142/2142 2141/2141/2141 2151/2151/2151 
f 2151/2151/2151 2152/2152/2152 2142/2142/2142 
f 2144/2144/2144 2143/2143/2143 2153/2153/2153 
f 2153/2153/2153 2154/2154/2154 2144/2144/2144 
f 2145/2145/2145 2144/2144/2144 2154/2154/2154 
f 2154/2154/2154 2155/2155/2155 2145/2145/2145 
f 2146/2146/2146 2145/2145/2145 2155/2155/2155 
f 2155/2155/2155 2156/2156/2156 2146/2146/2146 
f 2147/2147/2147 2146/2146/2146 2156/2156/2156 
f 2156/2156/2156 2157/2157/2157 2147/2147/2147 
f 2148/2148/2148 2147/2147/2147 2157/2157/2157 
f 2157/2157/2157 2158/2158/2158 2148/2148/2148 
f 2149/2149/2149 2148/2148/2148 2158/2158/2158 
f 2158/2158/2158 2159/2159/2159 2149/2149/2149 
f 2150/2150/2150 2149/2149/2149 2159/2159/2159 
f 2159/2159/2159 2160/2160/2160 2150/2150/2150 
f 2151/2151/2151 2150/2150/2150 2160/2160/2160 
f 2160/2160/2160 2161/2161/2161 2151/2151/2151 
f 2152/2152/2152 2151/2151/2151 2161/2161/2161 
f 2161/2161/2161 2162/2162/2162 2152/2152/2152 
f 2154/2154/2154 2153/2153/2153 2163/2163/2163 
f 2163/2163/2163 2164/2164/2164 2154/2154/2154 
f 2155/2155/2155 2154/2154/2154 2164/2164/2164 
f 2164/2164/2164 2165/2165/2165 2155/2155/2155 
f 2156/2156/2156 2155/2155/2155 2165/2165/2165 
f 2165/2165/2165 2166/2166/2166 2156/2156/2156 
f 2157/2157/2157 2156/2156/2156 2166/2166/2166 
f 2166/2166/2166 2167/2167/2167 2157/2157/2157 
f 2158/2158/2158 2157/2157/2157 2167/2167/2167 
f 2167/2167/2167 2168/2168/2168 2158/2158/2158 
f 2159/2159/2159 2158/2158/2158 2168/2168/2168 
f 2168/2168/2168 2169/2169/2169 2159/2159/2159 
f 2160/2160/2160 2159/2159/2159 2169/2169/2169 
f 2169/2169/2169 2170/2170/2170 2160/2160/2160 
f 2161/2161/2161 2160/2160/2160 2170/2170/2170 
f 2170/2170/2170 2171/2171/2171 2161/2161/2161 
f 2162/2162/2162 2161/2161/2161 2171/2171/2171 
f 2171/2171/2171 2172/2172/2172 2162/2162/2162 
f 2164/2164/2164 2163/2163/2163 2173/2173/2173 
f 2173/2173/2173 2174/2174/2174 2164/2164/2164 
f 2165/2165/2165 2164/2164/2164 2174/2174/2174 
f 2174/2174/2174 2175/2175/2175 2165/2165/2165 
f 2166/2166/2166 2165/2165/2165 2175/2175/2175 
f 2175/2175/2175 2176/2176/2176 2166/2166/2166 
f 2167/2167/2167 2166/2166/2166 2176/2176/2176 
f 2176/2176/2176 2177/2177/2177 2167/2167/2167 
f 2168/2168/2168 2167/2167/2167 2177/2177/2177 
f 2177/2177/2177 2178/2178/2178 2168/2168/2168 
f 2169/2169/2169 2168/2168/2168 2178/2178/2178 
f 2178/2178/2178 2179/2179/2179 2169/2169/2169 
f 2170/2170/2170 2169/2169/2169 2179/2179/2179 
f 2179/2179/2179 2180/2180/2180 2170/2170/2170 
f 2171/2171/2171 2170/2170/2170 2180/2180/2180 
f 2180/2180/2180 2181/2181/2181 2171/2171/2171 
f 2172/2172/2172 2171/2171/2171 2181/2181/2181 
f 2181/2181/2181 2182/2182/2182 2172/2172/2172 
f 2174/2174/2174 2173/2173/2173 2183/2183/2183 
f 2183/2183/2183 2184/2184/2184 2174/2174/2174 
f 2175/2175/2175 2174/2174/2174 2184/2184/2184 
f 2184/2184/2184 2185/2185/2185 2175/2175/2175 
f 2176/2176/2176 2175/2175/2175 2185/2185/2185 
f 2185/2185/2185 2186/2186/2186 2176/2176/2176 
f 2177/2177/2177 2176/2176/2176 2186/2186/2186 
f 2186/2186/2186 2187/2187/2187 2177/2177/2177 
f 2178/2178/2178 2177/2177/2177 2187/2187/2187 
f 2187/2187/2187 2188/2188/2188 2178/2178/2178 
f 2179/2179/2179 2178/2178/2178 2188/2188/2188 
f 2188/2188/2188 2189/2189/2189 2179/2179/2179 
f 2180/2180/2180 2179/2179/2179 2189/2189/2189 
f 2189/2189/2189 2190/2190/2190 2180/2180/2180 
f 2181/2181/2181 2180/2180/2180 2190/2190/2190 
f 2190/2190/2190 2191/2191/2191 2181/2181/2181 
f 2182/2182/2182 2181/2181/2181 2191/2191/2191 
f 2191/2191/2191 2192/2192/2192 2182/2182/2182 
f 2184/2184/2184 2183/2183/2183 2193/2193/2193 
f 2193/2193/2193 2194/2194/2194 2184/2184/2184 
f 2185/2185/2185 2184/2184/2184 2194/2194/2194 
f 2194/2194/2194 2195/2195/2195 2185/2185/2185 
f 2186/2186/2186 2185/2185/2185 2195/2195/2195 
f 2195/2195/2195 2196/2196/2196 2186/2186/2186 
f 2187/2187/2187 2186/2186/2186 2196/2196/2196 
f 2196/2196/2196 2197/2197/2197 2187/2187/2187 
f 2188/2188/2188 2187/2187/2187 2197/2197/2197 
f 2197/2197/2197 2198/2198/2198 2188/2188/2188 
f 2189/2189/2189 2188/2188/2188 2198/2198/2198 
f 2198/2198/2198 2199/2199/2199 2189/2189/2189 
f 2190/2190/2190 2189/2189/2189 2199/2199/2199 
f 2199/2199/2199 2200/2200/2200 2190/2190/2190 
f 2191/2191/2191 2190/2190/2190 2200/2200/2200 
f 2200/2200/2200 2201/2201/2201 2191/2191/2191 
f 2192/2192/2192 2191/2191/2191 2201/2201/2201 
f 2201/2201/2201 2202/2202/2202 2192/2192/2192 

